Tier ,SFDC Account ID,SFDC Contact ID,Person Source,Firm Name,Primary Practice Area,Additional Practice Areas,Billing State,Market_Segment,winnability,fit_score,months_since_churn,Last Churn Date,Churn Reason Primary (SFDC),Churn Reason Secondary (SFDC),Suppression_Status,Contact First Name,Contact Last Name,Contact Email,Contact Phone,Contact Mobile,Contact Title,Primary Subscriber?,Reachable_Contacts (Unreliable),Clio Account State,Clio Grow State,Paid MRR (now),Net MRR (now),Products Held,Total Prior MRR (USD),Firm Size at Signup,Licenses at Churn,Employees (SFDC),Churn Product (SFDC),Churn Reason Primary (Looker),Churn Reason Secondary (Looker),Account Owner?,Email Opted Out,Do Not Call,Contact Match Status,Looker Match Status,Industry,NPS (Delighted),Risk Classification,Account Risk,CX Health Gut Check,CX Health Last Modified,Account Risk/Churn Notes,Product Feedback,Top-4 Practice Area Match,Removed Reason (Firm No Longer In Business),Removed Reason (Negative Sentiment),Reachability_Reason,ClosedLost_le6mo,ClosedLost_6to12mo,Swap_Status,Swap_Reason,,,channels,website,tldr,row_key,step0_context,step1_subject,step1_body_html,step2_talk_track,step2_voicemail,step3_linkedin,step4_subject,step4_body_html,step5_talk_track,step5_voicemail,step6_linkedin,step7_subject,step7_body_html,step8_talk_track,step8_voicemail,step9_subject,step9_body_html,step10_talk_track,step10_voicemail,step11_subject,step11_body_html
Tier 3,0013m00002NuAz2AAF,003OG00000GSfblYAD,contact-email (email-swap),WARREN MAJOR LLP,Family,Employment / Labor;Real Estate,CA,,Neutral/unknown,28,57.8,2021-08-17,,,Untapped — no BDR/SDR/AE activity in last 180 days,Hillary,Warren,hwarren@warrenmajorllp.com,415-286-5440,,partner,Yes,,canceled,,0,0,Draft,0,2 to 4,,2,,Unknown,,No,No,No,Primary subscriber,Matched,,,,,,,,,Primary: Family,,,,,,Swapped,replaced non-emailable pick with most-recent-activity contact,,,,,,,,,,,,,,,,,,,,,,,,,,,
Tier 1,001OG0000156OFZYA2,003OG00000IMqaKYAT,contact-email,Beregovich Law,Personal Injury,,Florida,,Winnable,60,8.5,,Product Related,Data Migration Capabilities,Suppress - recently worked,Lizney,Sievert,admin@beregovichlaw.com,407-809-9000,,,,,,,,,Accountant User | Accounting | Duo | Grow | Manage | Personal Injury,1159.2,,,,,,,,FALSE,FALSE,,,,,,,,,,,,,,,No,Yes,,,No,TRUE,"email,call,linkedin",,"Personal injury firm in Florida, churned on migration frustration with the old stack, so lead with Clio Work having nothing to migrate, name Duo as prior AI in step 1, use the X-Ray transcript video, and hold one month free until steps 9 and 10.",001OG0000156OFZYA2,"Beregovich Law is a personal injury firm in Florida that previously used Clio Manage and churned, primarily over product related concerns with data migration capabilities as a secondary factor, meaning the process of moving their work into a new tool was the pain point rather than the work itself. They held our earlier AI, Manage AI (previously Duo), so lead with how much more capable Clio Work is now and that it runs on its own without Manage. The angle is that Clio Work is standalone with nothing to migrate, upload one document and it starts, and the recommended Clio Work at Work video is X-Ray a Witness With AI-Analyzed Transcripts. Channels open: email, calling, LinkedIn.",your deposition work,"<p>Hi {{first_name}},</p>
<p>Back when you were on Clio Manage, moving anything into a new tool meant a migration first. Clio Work skips that. The AI you had through Duo is far more capable now, it runs on its own without Manage, nothing to set up. Upload one document and it starts.</p>
<p>A two minute look: <a href=""https://www.clio.com/work/at-work/"">X-Ray a Witness With AI-Analyzed Transcripts</a>, where it reads a deposition and returns key admissions, contradictions, and testimony gaps with the exact page and line.</p>
<p>{{my.first_name}}<br>Clio</p>","Hi {{first_name}}, it is {{my.first_name}} at Clio, I will be quick. This is not the AI you may remember, it runs on its own now with nothing to set up and nothing to move over first. You upload a deposition transcript and it hands back the key admissions and contradictions with the exact page and line. For personal injury work, that read is the slow part. Any interest in a two minute look?","Hi {{first_name}}, {{my.first_name}} at Clio. We built a legal AI that reads a deposition and finds the admissions and contradictions with the exact page and line, nothing to set up first. Sent you a short video on it, worth a look for a personal injury firm.","{{first_name}}, we built a legal AI at Clio that does the work now and runs on its own, nothing to set up. Thought it was worth being on your radar given your personal injury practice. No pitch, just wanted to connect.",a free trial,"<p>Hi {{first_name}},</p>
<p>The honest way to judge Clio Work is on one of your own personal injury files, not someone else's demo. Here is <a href=""https://www.clio.com/work/signup/"">the 14 day trial</a>. Upload a deposition or a file from an open matter, it suggests what to do with it, and you see a real result in about ten minutes. Nothing to install, nothing to move over first.</p>
<p>{{my.first_name}}<br>Clio</p>","Hi {{first_name}}, {{my.first_name}} again from Clio. Just sent over the trial link for Clio Work. Upload one of your own deposition transcripts and it hands back the key admissions and contradictions with the exact page and line, no setup on your end. Most firms see a real result inside about ten minutes. Any chance you run a file through it this week?","Hi {{first_name}}, {{my.first_name}} at Clio, following up on the trial I sent. Upload one deposition and Clio Work starts on its own, no setup needed. About ten minutes to see a real result on a personal injury file.","Quick share: this two minute video shows Clio Work reading a deposition transcript and returning the key admissions, contradictions, and testimony gaps with the exact page and line. https://www.clio.com/work/at-work/",an honest question,"<p>Hi {{first_name}},</p>
<p>Most personal injury firms have made peace with someone reading a deposition transcript line by line to catch every admission and contradiction. Fair enough if that is just how the work runs. Clio Work does that pass in minutes with the exact page and line if it is ever worth questioning. Worth a look, or not a priority right now?</p>
<p>{{my.first_name}}<br>Clio</p>","Hi {{first_name}}, {{my.first_name}} at Clio. The trial for Clio Work is still open, no expiration pressure, just checking if it is worth a look this week. King Law rolled it out firm wide after their malpractice carrier vouched for how reliable it is. Upload one deposition and it hands back the admissions and contradictions with the exact page and line, nothing to set up. Worth ten minutes on one of your own files?","Hi {{first_name}}, {{my.first_name}} at Clio. Following up on Clio Work, the trial is still open. Upload one deposition and it starts right away, no setup on your end. Happy to send the link again if that is easier.",one month free,"<p>Hi {{first_name}},</p>
<p>One thing worth knowing: buy Clio Work by July 31, 2026 and you get one month free. Same tool that reads a deposition transcript and hands back the key admissions and contradictions with the exact page and line, and there is nothing to set up on your end.</p>
<p>If the timing works, I can <a href=""https://www.clio.com/work/signup/"">get you started</a> today.</p>
<p>{{my.first_name}}<br>Clio</p>","Hi {{first_name}}, {{my.first_name}} at Clio. Wanted to flag that if you buy Clio Work by July 31, 2026, you get one month free, and I would rather you knew before the date passes. Happy to run it live on one of your own depositions first, about ten minutes, so you see the admissions and contradictions it finds before deciding anything. Does a short call this week work?","Hi {{first_name}}, {{my.first_name}} at Clio. Quick note: buy Clio Work by July 31, 2026 and you get one month free. Happy to run it on one of your files first so you see it before deciding. Call me back when you get a chance.",closing the loop,"<p>Hi {{first_name}},</p>
<p>I will stop here so I am not cluttering your inbox. If it is ever useful, Clio Work reads a deposition or a case file and does the first pass on its own, with nothing to set up. <a href=""https://www.clio.com/work/signup/"">The 14 day trial</a> is here whenever you want to run it on your own files.</p>
<p>Good luck with the work.</p>
<p>{{my.first_name}}<br>Clio</p>"
Tier 2,001OG000017bhXnYAI,003OG00000KJcitYAD,contact-email,Khatchatrian Law Group APC,Personal Injury,,California,,Winnable,45,5.1,,Firm Related,No Time To Learn,Suppress - recently worked,Marat,Khatchatrian,marat@klawgroupapc.com,8182477717,,,,,,,,,Draft US | Grow | Manage | Personal Injury,833.85,,,,,,,,FALSE,TRUE,,,,,,,,,,,,,,,No,Yes,,,No,FALSE,"email,linkedin",,"PI firm in CA, no prior AI, churned on low adoption/no time to learn; lead with the witness transcript video and a fast no-setup result; email and LinkedIn only, do not call.",001OG000017bhXnYAI,"Khatchatrian Law Group APC is a personal injury firm in California that previously used Clio Manage and churned for firm related reasons, with low adoption and no time to learn as the driver, and they never held our AI before, so it is genuinely new to them. Lead with a fast, tangible first result and nothing to set up this time. Recommended Clio Work at Work video: X-Ray a Witness With AI-Analyzed Transcripts. Open channels: email, LinkedIn (do not call).",your personal injury work,"<p>Hi {{first_name}},</p>

<p>Back when you were on Clio Manage, everything lived in one system. This is different: Clio Work reads a deposition transcript on its own, no setup and nothing to learn first. You drop in the file and it gets to work.</p>

<p>Quick look: <a href=""https://www.clio.com/work/at-work/"">X-Ray a Witness With AI-Analyzed Transcripts</a>, where it pulls admissions and contradictions with the exact page and line.</p>

<p>{{my.first_name}}<br>Clio</p>",,,"{{first_name}}, we built a legal AI at Clio that reads a deposition transcript on its own, nothing to set up. Thought it was worth being on your radar given your personal injury practice. No pitch, just connecting.",a free trial,"<p>Hi {{first_name}},</p>

<p>The fastest way to see Clio Work is on one of your own files. Drop in a deposition transcript and in about ten minutes you get the admissions, contradictions, and gaps, with the exact page and line. Here is <a href=""https://www.clio.com/work/signup/"">the 14-day trial</a>, nothing to set up on your end.</p>

<p>{{my.first_name}}<br>Clio</p>",,,"{{first_name}}, worth two minutes: https://www.clio.com/work/at-work/ shows Clio Work reading a deposition transcript and pulling admissions and contradictions with the exact page and line.",an honest question,"<p>Hi {{first_name}},</p>

<p>Most personal injury firms have made peace with combing through deposition transcripts by hand, line by line, hoping not to miss the one admission that matters. Fair enough if that is just how it goes. Clio Work does that pass in minutes, with nothing to learn first. Worth a look, or not a priority right now?</p>

<p>{{my.first_name}}<br>Clio</p>",,,one month free,"<p>Hi {{first_name}},</p>

<p>One thing worth knowing: if you buy Clio Work by July 31, 2026, you get one month free. Same AI that reads a deposition transcript on its own and flags admissions and contradictions with the exact page and line, nothing to set up on your end.</p>

<p>If the timing works, I can <a href=""https://www.clio.com/work/signup/"">get you started</a> today.</p>

<p>{{my.first_name}}<br>Clio</p>",,,closing the loop,"<p>Hi {{first_name}},</p>

<p>I will stop here so I am not cluttering your inbox. If it is ever useful, Clio Work reads a deposition transcript on its own and flags admissions, contradictions, and gaps with the exact page and line, nothing to set up. <a href=""https://www.clio.com/work/signup/"">The 14-day trial</a> is here whenever you want it.</p>

<p>Good luck with the work.</p>

<p>{{my.first_name}}<br>Clio</p>"
Tier 2,001OG000019YSU1YAO,003OG00000Mh8FUYAZ,contact-email,Bruno Nalu Trial Lawyers,Personal Injury,,California,,Neutral/unknown,35,4.4,,Service Experience & Expectations,Quality Of Service,Untapped,Angela,Bruno,angela@brunonalu.com,3107412136,,,,,,,,,Grow | Manage | Personal Injury | vLex,793.98,,,,,,,,FALSE,TRUE,,,,,,,,,,,,,,,No,No,,,No,TRUE,"email,linkedin",,"Bruno Nalu Trial Lawyers, PI firm in CA, prior vLex user; light-touch winback leading with the witness transcript video, email plus LinkedIn only, calls suppressed for do-not-call.",001OG000019YSU1YAO,"Bruno Nalu Trial Lawyers is a personal injury firm in California that previously used Clio and churned over service experience concerns, with quality of service as a secondary factor; they held our earlier AI, vLex, so lead with how much more capable Clio Work is now and that it runs on its own without Manage. This is a light-touch win-back: earn attention back with what is genuinely better now, no defensiveness, no reference to any past service issue. Recommended Clio Work at Work video: X-Ray a Witness With AI-Analyzed Transcripts. Communication channels open: email, LinkedIn (do not call).",the transcript work,"<p>Hi {{first_name}},</p>

<p>Back when you were on Clio Manage, you had our AI through vLex. Clio Work is a long way past that now: it reads a deposition transcript and does the analysis itself, and it runs on its own without Manage, nothing to set up.</p>

<p>Short example: <a href=""https://www.clio.com/work/at-work/"">X-Ray a Witness With AI-Analyzed Transcripts</a>, where it pulls key admissions, contradictions, and testimony gaps with the exact page and line.</p>

<p>{{my.first_name}}<br>Clio</p>",,,"{{first_name}}, we built a legal AI at Clio that does the work now and runs on its own, nothing to set up. Thought it was worth being on your radar given your personal injury practice. No pitch.",a free trial,"<p>Hi {{first_name}},</p>

<p>The honest way to judge Clio Work is on one of your own case files, a demand letter, a transcript, a set of medical records. Here is <a href=""https://www.clio.com/work/signup/"">the 14-day trial</a>. You upload a document, it suggests what to do with it, and you see a real result in about ten minutes. Nothing to install, no migration, nothing to configure first.</p>

<p>{{my.first_name}}<br>Clio</p>",,,"https://www.clio.com/work/at-work/ Two-minute watch: our AI reads a deposition transcript and surfaces admissions, contradictions, and gaps with the exact page and line. Worth a look for your work.",an honest question,"<p>Hi {{first_name}},</p>

<p>Most personal injury firms have made peace with the slow, manual part of building a case, all the reading and re-reading of transcripts and records, eating hours before anyone gets to strategy. Fair enough if that is just how it goes. If it is worth questioning, Clio Work does that part in minutes. Worth a look, or not a priority right now?</p>

<p>{{my.first_name}}<br>Clio</p>",,,one month free,"<p>Hi {{first_name}},</p>

<p>One thing worth knowing: if you buy Clio Work by July 31, 2026, you get one month free. Same AI that personal injury firms across the country use to get the first pass on a transcript or a file done, nothing to set up on your end.</p>

<p>If the timing works, I can <a href=""https://www.clio.com/work/signup/"">get you started</a> today.</p>

<p>{{my.first_name}}<br>Clio</p>",,,closing the loop,"<p>Hi {{first_name}},</p>

<p>I will stop here so I am not cluttering your inbox. If it is ever useful, Clio Work reads a transcript or a file the way your team would and does the first pass itself, running on its own with nothing to set up. <a href=""https://www.clio.com/work/signup/"">The 14-day trial</a> is here whenever you want it, no rush.</p>

<p>Good luck with the work.</p>

<p>{{my.first_name}}<br>Clio</p>"
Tier 1,001OG000018y2WVYAY,003OG00000LxPb1YAF,contact-email,Willet Law Office PLLC (Manage),Wills & Estates,,Kentucky,,Winnable,70,8,,Firm Related,No Time To Learn,Untapped,Kristin,Regala,office@willetlaw.com,+15025012245,,,,,,,,,Grow | Manage,760.5,2 to 4,,,,,,,FALSE,TRUE,,,,,,,,,,,,,,,No,No,,,No,FALSE,"email,linkedin",,"Solo wills and estates firm in Kentucky, new to Clio AI, churned for lack of time to learn it; lead with a fast first draft and nothing to set up, no calling, email and LinkedIn only.",001OG000018y2WVYAY,"Willet Law Office PLLC is a wills and estates firm in Kentucky that previously used Clio Manage; they are new to Clio's AI, no prior Duo or vLex. Churn reason was firm related, specifically no time to learn a new tool, so adoption never got going: lead with speed and a fast, tangible first result, nothing to set up this time. Recommended Clio Work at Work video: From Blank Page to First Draft in One Conversation. Open channels: email, LinkedIn (do not call); acknowledge the prior relationship once, in step 1 only.",your wills and estates drafting,"<p>Hi {{first_name}},</p><p>Back when you were on Clio Manage, learning a new system took time you did not have. Clio Work is not that. You describe a will or trust in plain language and it hands back a structured first draft, with Kentucky specific language and the terms already defined. Nothing to set up first.</p><p>Short example: <a href=""https://www.clio.com/work/at-work/"">From Blank Page to First Draft in One Conversation</a>, where a plain description becomes a real draft.</p><p>{{my.first_name}}<br>Clio</p>",,,"{{first_name}}, we built a legal AI at Clio that drafts wills and trusts from a plain description, no setup required. Thought it was worth being on your radar given your estates practice. No pitch, just connecting.",a free trial,"<p>Hi {{first_name}},</p><p>The fastest way to judge Clio Work is on one of your own files. Here is <a href=""https://www.clio.com/work/signup/"">the 14-day trial</a>. Describe a will or trust in plain terms, and you see a structured, Kentucky specific first draft in about ten minutes. One solo estate lawyer said it cut her drafting time from hours to seconds. Nothing to install.</p><p>{{my.first_name}}<br>Clio</p>",,,"{{first_name}}, quick two minute watch on what Clio Work does with a plain description of a will or trust: https://www.clio.com/work/at-work/ Worth a look when you have a moment.",an honest question,"<p>Hi {{first_name}},</p><p>Most wills and estates firms have made peace with the first draft eating an hour or more before any real review starts. Fair enough if that is just how it goes. If it is worth questioning, Clio Work gets you a full first draft, Kentucky language and defined terms included, in about ten minutes. Worth a look, or not a priority right now?</p><p>{{my.first_name}}<br>Clio</p>",,,one month free,"<p>Hi {{first_name}},</p><p>One thing worth knowing: if you buy Clio Work by July 31, 2026, you get one month free. Same AI that turns a plain description into a structured first draft, Kentucky language and defined terms included, and there is nothing to set up on your end.</p><p>If the timing works, I can <a href=""https://www.clio.com/work/signup/"">get you started</a> today.</p><p>{{my.first_name}}<br>Clio</p>",,,closing the loop,"<p>Hi {{first_name}},</p><p>I will stop here so I am not cluttering your inbox. If it is ever useful, Clio Work drafts wills and trusts from a plain description you give it, Kentucky language and the defined terms included, and there is nothing to set up or learn first. <a href=""https://www.clio.com/work/signup/"">The 14-day trial</a> is open whenever you want it, on your own files, on your own time.</p><p>Good luck with the work.</p><p>{{my.first_name}}<br>Clio</p>"
Tier 1,0012G00001gOdyrQAC,0032G00002KqyQwQAJ,contact-email,Law Office of Doug Daggett,Real Estate,,Iowa,,Winnable,55,4.5,,Firm Related,No Time To Learn,Suppress - recently worked,Doug,Daggett,dougd@daggettlawoffice.com,(641) 782-3170,,,,,,,,,Draft US | Manage,752.8,,,,,,,,FALSE,FALSE,,,,,,,,,,,,,,,No,No,,,No,FALSE,"email,call,linkedin",,"Real estate solo in Iowa, no prior Clio AI, churned firm related / no time to learn; lean on zero setup and a fast first draft, one Almazan mention in the step 8 call.",0012G00001gOdyrQAC,"Law Office of Doug Daggett is a real estate firm in Iowa that previously used Clio and churned for firm related reasons, with no time to learn as a secondary factor; Clio AI is genuinely new to them, they never held Duo or vLex. The churn reads as low adoption, a firm that never had the bandwidth to learn a new platform, so lead with speed and zero setup rather than features. Recommended Clio Work at Work video: From Blank Page to First Draft in One Conversation. Channels open: email, calling, LinkedIn.",your real estate drafting,"<p>Hi {{first_name}},</p>

<p>Back when you were on Clio Manage, learning a new system took time you did not have. Clio Work is not that. You describe a real estate deal in plain language and it hands back a structured first draft with Iowa specific language and defined terms already in place. Nothing to set up first.</p>

<p>Two minute example: <a href=""https://www.clio.com/work/at-work/"">From Blank Page to First Draft in One Conversation</a>, where a deal description becomes a full draft.</p>

<p>{{my.first_name}}<br>Clio</p>","Hi {{first_name}}, it is {{my.first_name}} at Clio, quick one. You describe a real estate deal in plain language and Clio Work drafts the document, jurisdiction language and defined terms included. For a busy real estate practice, that first draft is normally the slow part. Mind if I send a two minute look at it?","Hi {{first_name}}, {{my.first_name}} at Clio. We built a legal AI that turns a plain language description of a deal into a real first draft. Just sent a short video your way. Worth a look for a real estate firm with no time to spare.","{{first_name}}, we built a legal AI at Clio that turns a plain language deal description into a drafted document, nothing to set up. Thought it belonged on your radar given your real estate practice in Iowa. No pitch.",a free trial,"<p>Hi {{first_name}},</p>

<p>The fastest way to judge Clio Work is on one of your own real estate files. Here is <a href=""https://www.clio.com/work/signup/"">the 14 day trial</a>. You describe the deal in your own words, it drafts the document with jurisdiction specific language and defined terms already written in, and you see a real result in about ten minutes. Nothing to install, nothing to learn first, no setup on your end at all.</p>

<p>{{my.first_name}}<br>Clio</p>","Hi {{first_name}}, {{my.first_name}} again from Clio. Just sent the trial link. Take one real deal you are working and describe it in plain language, that is the whole setup. It hands back a structured first draft with defined terms already written in. For a busy real estate practice, that is most of the time back on drafting.","Hi {{first_name}}, {{my.first_name}} at Clio. Sent the trial link by email. Pick one real deal, describe it in your own words, and Clio Work drafts it. No setup, no learning curve. Would like to hear what you think.",One more real estate example worth two minutes: https://www.clio.com/work/at-work/ It shows a deal description turning into a structured first draft.,an honest question,"<p>Hi {{first_name}},</p>

<p>Most real estate firms have made peace with starting every draft from a blank page, because there has never been time to learn a faster way. Fair enough if that is just how it goes. Clio Work turns a plain description of the deal into a first draft in minutes. Worth a look, or not a priority right now?</p>

<p>{{my.first_name}}<br>Clio</p>","Hi {{first_name}}, {{my.first_name}} at Clio. One data point: Almazan Law, a litigation and defense firm in Florida, ran a live contract through Clio Work and now uses it across more than 500 active matters. Same idea applies to a real estate practice: describe a deal, get a structured first draft, defined terms included. The trial is still open if you want to try it on your own file this week.","Hi {{first_name}}, {{my.first_name}} at Clio. Following up on the trial, still open whenever you want to run one of your own deals through it. Describe it in plain language and it drafts the document. Call me back when you get a chance.",one month free,"<p>Hi {{first_name}},</p>

<p>One thing worth knowing: if you buy Clio Work by July 31, 2026, you get one month free. Same tool we have talked about, describe a real estate deal in plain language and get back a structured first draft with jurisdiction specific language and defined terms already in place, nothing to set up on your end at all.</p>

<p>If the timing works, I can <a href=""https://www.clio.com/work/signup/"">get you started</a> today.</p>

<p>{{my.first_name}}<br>Clio</p>","Hi {{first_name}}, {{my.first_name}} at Clio, last call on this round. Clio Work drafts real estate documents from a plain language description, and if you buy by July 31 you get one month free. Happy to run it on one of your own files for ten minutes, or just get you into the trial. Which is easier for you?","Hi {{first_name}}, {{my.first_name}} at Clio. Wanted to close the loop on Clio Work before the one month free offer ends July 31. Happy to run a quick demo on your own file or just send the trial link again. Let me know either way.",closing the loop,"<p>Hi {{first_name}},</p>

<p>I will stop here so I am not cluttering your inbox. If it is ever useful, Clio Work turns a plain description of a real estate deal into a structured first draft, jurisdiction specific language and defined terms included, and there is nothing to set up on your end. <a href=""https://www.clio.com/work/signup/"">The 14 day trial</a> is here whenever you want it.</p>

<p>Good luck with the work.</p>

<p>{{my.first_name}}<br>Clio</p>"
Tier 1,0012G00001as9AaQAI,003OG00000GpuTcYAJ,contact-email,Strayhorn & Persons,Real Estate,,Florida,,Neutral/unknown,50,9.5,,Firm Related,Firm Buy-in,Suppress - recently worked,Ashlee,Freeland,ashlee@strayhornlaw.com,+12393341260,,,,,,,,,Grow | Manage,676,,,,,,,,FALSE,FALSE,,,,,,,,,,,,,,,No,No,,,No,FALSE,"email,call,linkedin",,"Winback for Strayhorn & Persons, a real estate firm in Florida that churned from Clio Manage over internal buy-in. Lead with Clio Work as a low-friction, single-purpose legal AI one person can run on a file and show the firm. Email, calling, and LinkedIn are open. Offer: one month free if they buy by July 31, 2026.",0012G00001as9AaQAI," Strayhorn & Persons is a real estate firm in Florida that previously used Clio and churned; no prior Clio AI here, so the AI is genuinely new to them. Churn was Firm Related, with internal firm buy-in as the blocker, so keep it low friction: a single-purpose tool with a tangible first result that one person can try on their own file and show the rest of the firm. Recommended Clio Work at Work video: From Blank Page to First Draft in One Conversation. Communication channels open: email, calling, LinkedIn. Acknowledge the prior relationship once, in step 1 only.",your real estate work,"<p>Hi {{first_name}},</p><p>Real estate closings mean drafting and reviewing the same documents over and over. Back when you were on Clio Manage, that admin lived in one place. This is a different tool. Clio Work reads a real estate file and does the first pass, and it runs on its own, nothing to set up.</p><p>Two-minute example: <a href=""https://www.clio.com/work/at-work/"">From Blank Page to First Draft in One Conversation</a>, where you describe a matter in plain language and it returns a structured first draft with jurisdiction-specific terms.</p><p>{{my.first_name}}<br>Clio</p>","Hi {{first_name}}, it is {{my.first_name}} at Clio, I will be quick. Real estate work means a lot of drafting and closing document review by hand. We built an AI that does that first pass now. You upload one document and it gets going, nothing to set up. One person can try it on a file and show the firm. Opposed to me sending a two-minute look?","Hi {{first_name}}, {{my.first_name}} at Clio. We built a legal AI that does the real estate drafting and review now, and it runs without the full subscription. Just sent you an email with a short video. Worth a look for a real estate firm.","{{first_name}}, we built a legal AI at Clio that does the work now and runs on its own, nothing to set up. Thought it was worth being on your radar given your real estate practice. One person can try it on a file. No pitch.",a free trial,"<p>Hi {{first_name}},</p><p>The honest way to judge Clio Work is on one of your own real estate files. Here is <a href=""https://www.clio.com/work/signup/"">the 14-day trial</a>. You upload a document, it suggests what to do with it, and you see a real result in about ten minutes. Nothing to install, no migration. One person can run it and show the rest of the firm what it did.</p><p>{{my.first_name}}<br>Clio</p>","Hi {{first_name}}, {{my.first_name}} at Clio again. The reason I keep coming back is that this does the real estate work you spend evenings on: the drafting and the closing document review. I just sent over a 14-day trial. You run it on one of your own files, it suggests what to do, and you get a real result in about ten minutes. Would it help if I walked you through the first file?","Hi {{first_name}}, {{my.first_name}} at Clio. I just emailed you a 14-day trial of Clio Work. Run it on one real estate file and you will see a first draft in about ten minutes, nothing to set up. Give it a look when you have a second.","{{first_name}}, this two-minute video shows Clio Work go from a plain description of a matter to a structured first draft with jurisdiction-specific language: From Blank Page to First Draft in One Conversation. https://www.clio.com/work/at-work/",an honest question,"<p>Hi {{first_name}},</p><p>Most real estate firms have made peace with closing document review eating an evening before anyone signs off, plus the manual drafting that comes with every deal. Fair enough if that is just how it goes. If it is worth questioning, Clio Work does that part in minutes. Worth a look, or not a priority right now?</p><p>{{my.first_name}}<br>Clio</p>","Hi {{first_name}}, {{my.first_name}} at Clio. Quick one: Hopkinson & Abbondanza, a firm doing estate planning and real estate work, went from legal pads to AI-enabled in about a year with Clio. The trial I sent is still open, so you can see the same thing on one of your own files in about ten minutes. Want me to resend the link?","Hi {{first_name}}, {{my.first_name}} at Clio. The Clio Work trial I sent is still open. One real estate file, about ten minutes, and you see what it does, nothing to set up. Happy to resend the link if it got buried. Talk soon.",one month free,"<p>Hi {{first_name}},</p><p>One thing worth knowing: if you buy Clio Work by July 31, 2026, you get one month free. It is the same AI real estate firms use every day to get the first draft and the document review done, with nothing to set up on your end.</p><p>If the timing works, I can <a href=""https://www.clio.com/work/signup/"">get you started</a> today.</p><p>{{my.first_name}}<br>Clio</p>","Hi {{first_name}}, {{my.first_name}} at Clio. I will keep this to my last live try. If it is easier to see than to read about, I can run Clio Work on one of your real estate files in about ten minutes and show you the first draft it produces. Or you can start the trial yourself whenever it suits. Which is easier for you?","Hi {{first_name}}, {{my.first_name}} at Clio. This is my last live attempt for now. If it helps, I can run Clio Work on one of your real estate files in about ten minutes, or you can start the trial yourself. Either way, the door is open.",closing the loop,"<p>Hi {{first_name}},</p><p>I will stop here so I am not cluttering your inbox. If it is ever useful, Clio Work does the real estate drafting and review, and runs on its own, with nothing to set up. <a href=""https://www.clio.com/work/signup/"">The 14-day trial</a> is here whenever you want it.</p><p>Good luck with the work.</p><p>{{my.first_name}}<br>Clio</p>"
Tier 2,0012G00001eeIqNQAU,0033m00003B6y6vAAB,contact-email,Beresen & Associates,Personal Injury,,Massachusetts,,Winnable,35,2.6,,Firm Related,No Time To Learn,Suppress - recently worked,Elliot,Beresen,eberesen@gmail.com,5088753833,,,,,,,,,Duo | Grow | Manage | Personal Injury | vLex,661.51,2 to 4,,,,,,,FALSE,FALSE,,,,,,,,,,,,,,,Yes,No,,,No,TRUE,"email,call,linkedin",,"Winback for Beresen & Associates (personal injury, MA). Prior AI (Duo + vLex), churned on no time to learn, so lead on nothing-to-set-up. Video: X-Ray a Witness. One month free by July 31, 2026 in step 9. All channels open.",0012G00001eeIqNQAU," Beresen & Associates is a personal injury firm in Massachusetts that previously used Clio and churned for firm-related reasons, specifically no time to learn the platform. They held our earlier AI, Manage AI (previously Duo) and vLex, so lead with how much more capable Clio Work is now and that it runs on its own without Manage. Because the sticking point was time to learn, lean on the fact that there is nothing to set up: you upload one document and it starts. Recommended Clio Work at Work video: X-Ray a Witness With AI-Analyzed Transcripts. Communication channels open: email, calling, LinkedIn. Acknowledge the prior relationship once, in step 1 only.",your personal injury work,"<p>Hi {{first_name}},</p><p>You had Clio's AI through Manage before, as Duo and vLex. Clio Work is a long way past that now. It reads a personal injury file and does the work, it runs on its own without Manage, and nothing needs setting up. You upload a deposition and it tells you what it can do with it.</p><p>Two-minute example: <a href=""https://www.clio.com/work/at-work/"">X-Ray a Witness With AI-Analyzed Transcripts</a>, where it pulls admissions, contradictions, and testimony gaps with the exact page and line.</p><p>{{my.first_name}}<br>Clio</p>","Hi {{first_name}}, it is {{my.first_name}} at Clio, I will be quick. We built an AI that does the real legal work now, the analysis, not the admin. You upload one deposition and it gets going, nothing to set up, and it pulls the admissions and contradictions with the page and line. For personal injury work, that is the slow part. Opposed to me sending a two-minute look?","Hi {{first_name}}, {{my.first_name}} at Clio. We built a legal AI that does the actual work now, and it runs without the full subscription. Just sent you an email with a short video. Worth a look for a personal injury firm.","{{first_name}}, we built a legal AI at Clio that does the work now and runs on its own, nothing to set up. Thought it was worth being on your radar given your personal injury practice. No pitch.",a free trial,"<p>Hi {{first_name}},</p><p>The honest way to judge Clio Work is on one of your own personal injury files. Here is <a href=""https://www.clio.com/work/signup/"">the 14-day trial</a>. You upload a deposition or a medical record, it suggests what to do with it, and you see a real result in about ten minutes. Nothing to install, no migration, and no training first.</p><p>{{my.first_name}}<br>Clio</p>","Hi {{first_name}}, {{my.first_name}} at Clio again. The reason I keep coming back to this: Clio Work reads a deposition and returns the admissions, contradictions, and testimony gaps with the exact page and line, in minutes. I just sent you a 14-day trial link so you can run it on one of your own files. Ten minutes and you will see it. Any questions I can answer?","Hi {{first_name}}, {{my.first_name}} at Clio. Just sent a 14-day trial link so you can run Clio Work on one of your own personal injury files. A real result in about ten minutes. Give it a look.","{{first_name}}, this is the two-minute one I mentioned. It reads a deposition and pulls the admissions, contradictions, and testimony gaps with the exact page and line: X-Ray a Witness With AI-Analyzed Transcripts. https://www.clio.com/work/at-work/",an honest question,"<p>Hi {{first_name}},</p><p>Most personal injury firms have made peace with a partner reading a full deposition line by line before anyone can spot the admissions that matter. Fair enough if that is just how it goes. If it is worth questioning, Clio Work does that read in minutes and cites the page and line. Worth a look, or not a priority right now?</p><p>{{my.first_name}}<br>Clio</p>","Hi {{first_name}}, {{my.first_name}} at Clio. Quick one: the trial is open, so you can point Clio Work at a real deposition and see what it pulls back, the admissions and the gaps, with the page and line. Takes about ten minutes and there is nothing to install. Want me to send the link over again so it is easy to find?","Hi {{first_name}}, {{my.first_name}} at Clio. The Clio Work trial is open whenever you want it. Point it at one deposition and see the result in about ten minutes. I will send the link again by email.",one month free,"<p>Hi {{first_name}},</p><p>One thing worth knowing: if you buy Clio Work by July 31, 2026, you get one month free. It is the same AI that personal injury firms use every day to get the first read on a transcript done, and there is nothing to set up on your end.</p><p>If the timing works, I can <a href=""https://www.clio.com/work/signup/"">get you started</a> today.</p><p>{{my.first_name}}<br>Clio</p>","Hi {{first_name}}, {{my.first_name}} at Clio, last time I will try you live. If it is easier, I can run Clio Work on one of your own personal injury files and show you the first read on a transcript in ten minutes, or you can start the trial yourself. Either way, no setup on your end. Which is easier for you?","Hi {{first_name}}, {{my.first_name}} at Clio. Happy to run Clio Work on one of your files and show you the result in ten minutes, or you can start the trial yourself. I will leave it with you.",closing the loop,"<p>Hi {{first_name}},</p><p>I will stop here so I am not cluttering your inbox. If it is ever useful, Clio Work reads your personal injury files and does the work, and it runs on its own with nothing to set up. <a href=""https://www.clio.com/work/signup/"">The 14-day trial</a> is here whenever you want it.</p><p>Good luck with the work.</p><p>{{my.first_name}}<br>Clio</p>"
Tier 2,0012G00001YyOhlQAF,003OG00000JtyDXYAZ,contact-email,Law Office of Leslie A. Hakala,Civil Litigation,,California,,Neutral/unknown,35,4.8,,Service Experience & Expectations,Misaligned Expectations,Suppress - recently worked,Leslie,Hakala,leslie@hakalalegal.com,+112133698248,,,,,,,,,Manage | vLex,654,2 to 4,,,,,,,FALSE,FALSE,,,,,,,,,,,,,,,No,No,,,No,TRUE,"email,call,linkedin",,"Winback for Law Office of Leslie A. Hakala (civil litigation, CA). Prior AI (vLex): pitch far more capable now, runs without Manage. Churn was service experience/misaligned expectations, so keep it light and non-defensive. Recommended video: Tearing Apart a Complaint in Under 2 Minutes. One month free offer in step 9 (buy by July 31, 2026).",0012G00001YyOhlQAF," The Law Office of Leslie A. Hakala is a civil litigation firm in California that previously used Clio Manage and churned over service experience and misaligned expectations, so keep this light and low-pressure and do not get defensive or reference any past complaint. They held our earlier AI, Manage AI (previously Duo) and vLex, so lead with how much more capable Clio Work is now and that it runs on its own without Manage. Recommended Clio Work at Work video: Tearing Apart a Complaint in Under 2 Minutes. Communication channels open: email, calling, LinkedIn. Acknowledge the prior relationship once, in step 1 only.",your civil litigation work,"<p>Hi {{first_name}},</p><p>You had our AI through vLex. Clio Work is a long way past that now: it reads a civil litigation file and does the work, it runs on its own without Manage, and there is nothing to set up. You upload one document and it tells you what it can do with it.</p><p>Two-minute example: <a href=""https://www.clio.com/work/at-work/"">Tearing Apart a Complaint in Under 2 Minutes</a>, where it reads a served complaint and maps every claim with cited authority.</p><p>{{my.first_name}}<br>Clio</p>","Hi {{first_name}}, it is {{my.first_name}} at Clio, I will be quick. Clio Work is a legal AI that does the actual work now, and it runs on its own with no full subscription. You upload one document and it gets going, nothing to set up first. For a civil litigation practice, that first read of a pleading is the slow part, and it does it in minutes. Opposed to me sending over a two-minute look so you can judge it yourself?","Hi {{first_name}}, {{my.first_name}} at Clio. We built a legal AI that does the actual work now, and it runs without the full subscription. Just sent you an email with a short video worth a look for a civil litigation firm. Talk soon.","{{first_name}}, we built a legal AI at Clio that does the work now and runs on its own, nothing to set up. Given your civil litigation practice, thought it was worth being on your radar. No pitch.",a free trial,"<p>Hi {{first_name}},</p><p>The honest way to judge Clio Work is on one of your own civil litigation files. Here is <a href=""https://www.clio.com/work/signup/"">the 14-day trial</a>. You upload a document, it reads it, suggests what to do with it, and you see a real result in about ten minutes. Nothing to install, and no migration to sit through first.</p><p>{{my.first_name}}<br>Clio</p>","Hi {{first_name}}, {{my.first_name}} at Clio again. I sent you a 14-day trial by email. The reason I keep coming back: with Clio Work you take one of your own civil litigation files, upload it, and see a real result in about ten minutes, nothing to install. It reads a served complaint and maps every claim with cited authority. Did the email land, and is it worth ten minutes on one of your files this week?","Hi {{first_name}}, {{my.first_name}} at Clio. I just sent you the 14-day trial by email. Upload one civil litigation file and you will see what it does in about ten minutes. Give it a look when you have a moment.","{{first_name}}, quick one worth two minutes: Tearing Apart a Complaint in Under 2 Minutes. Clio Work reads a served complaint and pulls every claim, the weak points, and counter-arguments with cited authority. https://www.clio.com/work/at-work/",an honest question,"<p>Hi {{first_name}},</p><p>Most civil litigation firms have made peace with the first read of a new pleading eating an afternoon before anyone gets to strategy. Fair enough if that is just how the work goes. If it is worth questioning, Clio Work does that first pass in minutes, from the file itself. Worth a look, or not a priority right now?</p><p>{{my.first_name}}<br>Clio</p>","Hi {{first_name}}, {{my.first_name}} at Clio. No pressure here, just leaving the door open. The Clio Work trial is still active, so any time you want to test it on a civil litigation file, you upload one document and it does the first pass in about ten minutes. I can resend the trial link so it is right at the top of your inbox. Want me to send it over again?","Hi {{first_name}}, {{my.first_name}} at Clio. The Clio Work trial is still open whenever you want it. Upload one civil litigation file, see a result in about ten minutes. I will resend the link by email so it is easy to find.",one month free,"<p>Hi {{first_name}},</p><p>One thing worth knowing: if you buy Clio Work by July 31, 2026, you get one month free. It is the same AI firms across the country use every day to get the first pass on a file done, and there is nothing to set up on your end.</p><p>If the timing works, I can <a href=""https://www.clio.com/work/signup/"">get you started</a> today.</p><p>{{my.first_name}}<br>Clio</p>","Hi {{first_name}}, {{my.first_name}} at Clio, last time I will try you live. Simplest path is still ten minutes on one of your own civil litigation files, so you are judging it on real work, not my word. If you would rather I run it with you, I can walk one of your files through on a short call. Either one work, or should I leave it there for now?","Hi {{first_name}}, {{my.first_name}} at Clio. Last live try from me. The Clio Work trial is open, or I can run one of your civil litigation files with you on a short call. Let me know which is easier, or I will leave you to it.",closing the loop,"<p>Hi {{first_name}},</p><p>I will stop here so I am not cluttering your inbox. If it is ever useful, Clio Work does the civil litigation reading and drafting and runs on its own, with nothing to set up. <a href=""https://www.clio.com/work/signup/"">The 14-day trial</a> is here whenever you want it.</p><p>Good luck with the work.</p><p>{{my.first_name}}<br>Clio</p>"
Tier 1,0013m000038Nc1cAAC,0033m00003CWUHsAAP,contact-email,"Law offices of C. Douglas Maynard JR, PLLC.",Personal Injury,,North Carolina,,Winnable,70,14.5,,Product Related,Workflow Friction,Untapped,Jane,Maynard,jmaynard@dougmaynardlaw.com,(336) 407-2011,,,,,,,,,Manage | Personal Injury,642.08,,,,,,,,FALSE,FALSE,,,,,,,,,,,,,,,No,No,,,No,FALSE,"email,call,linkedin",,"PI firm in NC, churned on product/platform friction; lead Clio Work as one standalone tool, nothing to set up; deposition X-Ray video; one month free by Jul 31 in step 9.",0013m000038Nc1cAAC," Law offices of C. Douglas Maynard JR, PLLC. is a personal injury firm in North Carolina that previously used Clio Manage and churned for product-related reasons and friction with the platform, so the situation to answer is a firm that found the platform more tool than they wanted to manage: lead on Clio Work being one standalone tool with nothing to set up, train on, or migrate. They did not use Clio's AI before, so this is genuinely new to them. Recommended Clio Work at Work video: X-Ray a Witness With AI-Analyzed Transcripts. Communication channels open: email, calling, LinkedIn. Acknowledge the prior relationship once, in step 1 only.",your personal injury work,"<p>Hi {{first_name}},</p><p>Back when you were on Clio Manage, the admin lived in one place. This is a different tool. Clio Work reads a personal injury file and does the first pass on it, and it runs on its own, nothing to set up or migrate. You upload one document and it tells you what it can do with it.</p><p>Two-minute example: <a href=""https://www.clio.com/work/at-work/"">X-Ray a Witness With AI-Analyzed Transcripts</a>, where it reads a deposition transcript and returns admissions and contradictions with the exact page and line.</p><p>{{my.first_name}}<br>Clio</p>","Hi {{first_name}}, it is {{my.first_name}} at Clio, I will be quick. We built a legal AI that does the actual work now, and it runs on its own with no full subscription. For a personal injury firm, the slow part is reading every deposition transcript for the admission that matters. This does that pass and returns the exact page and line. You upload one document and it gets going, nothing to set up. Opposed to me sending a two-minute look?","Hi {{first_name}}, {{my.first_name}} at Clio. We built a legal AI that does the actual work now, and it runs on its own without the full subscription. Just sent you an email with a short video. Worth a look for a personal injury firm.","{{first_name}}, we built a legal AI at Clio that does the actual work now and runs on its own, nothing to set up. Given your personal injury practice, thought it was worth being on your radar. No pitch.",a free trial,"<p>Hi {{first_name}},</p><p>The honest way to judge Clio Work is on one of your own personal injury files. Here is <a href=""https://www.clio.com/work/signup/"">the 14-day trial</a>. You upload a document, it suggests what to do with it, and you see a real result in about ten minutes. Nothing to install, no migration. On a deposition transcript it will surface the admissions and gaps that usually take an afternoon to find.</p><p>{{my.first_name}}<br>Clio</p>","Hi {{first_name}}, {{my.first_name}} at Clio again. Quick one. I just sent over a 14-day trial of Clio Work. The idea is you judge it on your own personal injury file: upload a deposition transcript and it hands back the admissions, contradictions, and gaps with the exact page and line, in about ten minutes. Nothing to install. If you have a file in front of you this week, it is worth the ten minutes. Want me to resend the link?","Hi {{first_name}}, {{my.first_name}} at Clio. I just sent you a 14-day trial of Clio Work. Drop in one deposition transcript and it returns the key admissions and gaps with the page and line, in about ten minutes. Give it a look when you have a file handy.","{{first_name}}, quick two-minute watch if useful: X-Ray a Witness With AI-Analyzed Transcripts. You drop in a deposition and it returns admissions, contradictions, and gaps with the exact page and line. https://www.clio.com/work/at-work/",an honest question,"<p>Hi {{first_name}},</p><p>Most personal injury firms have made peace with reading every deposition transcript line by line to catch the one admission that matters, long before anyone gets to case strategy. Fair enough if that is just how it goes. If it is worth questioning, Clio Work does that pass in minutes and flags the exact page and line. Worth a look, or not a priority right now?</p><p>{{my.first_name}}<br>Clio</p>","Hi {{first_name}}, {{my.first_name}} at Clio. No pressure here. The 14-day trial of Clio Work is still open whenever you want to test it on a real personal injury file. You upload one document, it suggests what to do with it, and you see a result in about ten minutes, nothing to set up. If it is easier, I can send the link straight to your inbox again. Want me to do that?","Hi {{first_name}}, {{my.first_name}} at Clio. The 14-day trial of Clio Work is still open. Upload one of your own files and you will see what it does in about ten minutes. I will send the link over again by email so it is easy to find.",one month free,"<p>Hi {{first_name}},</p><p>One thing worth knowing: if you buy Clio Work by July 31, 2026, you get one month free. It is the same AI that firms across the country use every day to get the first pass on their files done, and there is nothing to set up on your end.</p><p>If the timing works, I can <a href=""https://www.clio.com/work/signup/"">get you started</a> today.</p><p>{{my.first_name}}<br>Clio</p>","Hi {{first_name}}, {{my.first_name}} at Clio, last time I will try you live. If reading depositions and drafting is still eating your team's hours, Clio Work does that first pass from your own files and runs on its own, nothing to set up. Two ways to see it: I can run it live on one of your files in about ten minutes, or you take the trial yourself. Which is easier for you?","Hi {{first_name}}, {{my.first_name}} at Clio. Last one from me for now. Clio Work does the personal injury reading and drafting from your own files, with nothing to set up. Happy to run it live on one of your files, or point you to the trial. Either works, just let me know.",closing the loop,"<p>Hi {{first_name}},</p><p>I will stop here so I am not cluttering your inbox. If it is ever useful, Clio Work does the personal injury reading and drafting from your own files and runs on its own, with nothing to set up. <a href=""https://www.clio.com/work/signup/"">The 14-day trial</a> is here whenever you want it. Good luck with the caseload.</p><p>{{my.first_name}}<br>Clio</p>"
Tier 1,0013m000032mewzAAA,0033m000039HmjPAAS,contact-email,Peltier Law,Immigration,,Minnesota,,Winnable,70,11.9,,Product Related,Integrations Issues,Untapped,Carrie,Peltier,carrie@cpeltierlaw.com,6515053503,,,,,,,,,Manage,556,2 to 4,,,,,,,FALSE,FALSE,,,,,,,,,,,,,,,No,No,,,No,FALSE,"email,call,linkedin",,"Peltier Law, immigration, MN, ex-Manage (product/integration friction). Lead Clio Work as a standalone tool with nothing to connect. Video: Contract Review. Email/call/LinkedIn all open.",0013m000032mewzAAA," Peltier Law is an immigration firm in Minnesota that previously used Clio Manage and churned over product and integration issues, meaning the platform did not fit how they work. They did not use Clio's AI before, so this is genuinely new to them. Lead on Clio Work as a standalone tool that runs on its own with nothing to connect or set up. Recommended Clio Work at Work video: Contract Review That Doesn't Miss the Buried Clause. Communication channels open: email, calling, LinkedIn. Acknowledge the prior relationship once, in step 1 only.",your immigration work,"<p>Hi {{first_name}},</p><p>Back when you were on Clio Manage, everything ran through one platform you had to set up. This is a different tool. Clio Work reads an immigration file and does the first pass, and it runs on its own, nothing to install or connect. You upload a document and it tells you what it can do with it.</p><p>Two-minute example: <a href=""https://www.clio.com/work/at-work/"">Contract Review That Doesn't Miss the Buried Clause</a>, where it flags risk clauses by severity.</p><p>{{my.first_name}}<br>Clio</p>","Hi {{first_name}}, it is {{my.first_name}} at Clio, I will be quick. This is a different thing than the platform: a legal AI that does the actual work now. You upload one document and it gets going, nothing to set up and nothing to connect. For immigration work, the reading and the first pass is the slow part. Opposed to me sending a two-minute look at how it handles a document?","Hi {{first_name}}, {{my.first_name}} at Clio. We built a legal AI that does the actual work now, and it runs on its own with nothing to connect. Just sent you an email with a short video. Worth a look for an immigration firm.","{{first_name}}, we built a legal AI at Clio that does the work now and runs on its own, nothing to set up or connect. Thought it was worth being on your radar given your immigration practice. No pitch.",a free trial,"<p>Hi {{first_name}},</p><p>The honest way to judge Clio Work is on one of your own immigration files. Here is <a href=""https://www.clio.com/work/signup/"">the 14-day trial</a>. You upload a document, it suggests what to do with it, and you see a real result in about ten minutes. Nothing to install, nothing to connect.</p><p>{{my.first_name}}<br>Clio</p>","Hi {{first_name}}, {{my.first_name}} at Clio again, quick one. I just sent over the 14-day trial for Clio Work. The point of it is you take one of your own immigration files, upload it, and see what it does in about ten minutes. Nothing to set up on your end. If you want, I can walk you to where it starts. Worth a few minutes this week?","Hi {{first_name}}, {{my.first_name}} at Clio. Just sent the trial link for Clio Work. Upload one immigration file and you see a real result in about ten minutes. Give it a look when you have a moment.","{{first_name}}, short one worth two minutes: Contract Review That Doesn't Miss the Buried Clause, where Clio Work flags risk clauses by severity and the protections a document is missing. https://www.clio.com/work/at-work/",an honest question,"<p>Hi {{first_name}},</p><p>Most immigration firms have made peace with reading every document by hand before anyone gets to the actual case, because that is just how it has always gone. Fair enough if it still works for you. If it is worth questioning, Clio Work does that first read in minutes. Worth a look, or not a priority right now?</p><p>{{my.first_name}}<br>Clio</p>","Hi {{first_name}}, {{my.first_name}} at Clio. Not going to keep at this much longer, so I wanted to try you live. The trial for Clio Work is open and it takes about ten minutes: upload one immigration document and it does the first pass and tells you what it found. Nothing to connect. If it is useful I will send the link again right now. Any interest in giving it a run?","Hi {{first_name}}, {{my.first_name}} at Clio. The Clio Work trial is still open, about ten minutes on one of your own files. I will resend the link. Worth a look for an immigration firm when you have a minute.",one month free,"<p>Hi {{first_name}},</p><p>One thing worth knowing: if you buy Clio Work by July 31, 2026, you get one month free. It is the same AI that immigration firms use every day to get the first read done, and there is nothing to set up or connect on your end.</p><p>If the timing works, I can <a href=""https://www.clio.com/work/signup/"">get you started</a> today.</p><p>{{my.first_name}}<br>Clio</p>","Hi {{first_name}}, {{my.first_name}} at Clio, last live attempt from me. Two ways to see Clio Work: I can run it on one of your immigration files in about ten minutes on a quick call, or you take the trial and do it yourself. Either way you see it do the first pass on a real document. Which is easier for you this week?","Hi {{first_name}}, {{my.first_name}} at Clio. Happy to run Clio Work on one of your immigration files in about ten minutes, or send the trial so you can try it yourself. Let me know which is easier and I will set it up.",closing the loop,"<p>Hi {{first_name}},</p><p>I will stop here so I am not cluttering your inbox. If it is ever useful, Clio Work does the immigration reading and the first pass, and it runs on its own with nothing to set up. <a href=""https://www.clio.com/work/signup/"">The 14-day trial</a> is here whenever you want it.</p><p>Good luck with the work.</p><p>{{my.first_name}}<br>Clio</p>"
Tier 1,001A000001TVRiUIAX,0033m00002guHvwAAE,contact-email,Law Office of Dario Navarro,Business Formation / Compliance,,California,,Neutral/unknown,50,8.7,,Service Experience & Expectations,Quality Of Service,Untapped,Dario,Navarro,navdar@gmail.com,6197517189,,,,,,,,,Manage,554.1,1,,,,,,,FALSE,FALSE,,,,,,,,,,,,,,,No,No,,,No,FALSE,"email,call,linkedin",,"Law Office of Dario Navarro, CA business formation/compliance firm, former Manage user, churned on service experience. All channels open. Lead with the 'first draft' video; angle on Clio Work running on its own with nothing to set up.",001A000001TVRiUIAX," Law Office of Dario Navarro is a business formation and compliance firm in California that previously used Clio Manage and churned over service experience and quality of service. New to Clio's AI, so this is genuinely their first look at it. The angle: Clio Work runs on its own with nothing to set up and no one to wait on, so lead on how little it asks of them. Recommended Clio Work at Work video: From Blank Page to First Draft in One Conversation. Communication channels open: email, calling, LinkedIn. Acknowledge the prior relationship once, in step 1 only.",your formation work,"<p>Hi {{first_name}},</p><p>Back when you were on Clio Manage, getting set up took real time. This is a different tool. Clio Work reads a business formation file and does the first pass on it, and it runs on its own, nothing to install or migrate. You upload one document and it tells you what it can do with it. Two-minute example: <a href=""https://www.clio.com/work/at-work/"">From Blank Page to First Draft in One Conversation</a>, where you describe the deal in plain language and it returns a structured first draft.</p><p>{{my.first_name}}<br>Clio</p>","Hi {{first_name}}, it is {{my.first_name}} at Clio, I will be quick. We built a legal AI that does the actual work now. You describe a deal in plain language and it hands back a structured first draft with jurisdiction-specific terms, and it runs on its own, nothing to set up. For formation and compliance work, that first draft is the slow part. Opposed to me sending a two-minute look?","Hi {{first_name}}, {{my.first_name}} at Clio. We built a legal AI that drafts formation documents from a plain-language description and runs without the full subscription. Just sent an email with a short video. Worth two minutes for your firm.","{{first_name}}, we built a legal AI at Clio that does the drafting now and runs on its own, nothing to set up. Thought it was worth being on your radar given your business formation and compliance practice. No pitch.",a free trial,"<p>Hi {{first_name}},</p><p>The honest way to judge Clio Work is on one of your own formation files. Here is <a href=""https://www.clio.com/work/signup/"">the 14-day trial</a>. You upload a document, describe the deal in plain language, and it returns a structured first draft with defined terms in about ten minutes. Nothing to install, no one to wait on to get going.</p><p>{{my.first_name}}<br>Clio</p>","Hi {{first_name}}, {{my.first_name}} at Clio again, quick one. I just sent over a 14-day trial link. The idea is you run Clio Work on one of your own formation documents: describe the deal, and it drafts the structure with jurisdiction-specific language and defined terms. You see a real result in about ten minutes, and there is nothing to set up first. Happy to point you to the right starting file if that helps.","Hi {{first_name}}, {{my.first_name}} at Clio. Just sent you a 14-day trial link for Clio Work. Upload one formation file and it drafts from it in about ten minutes. Take a look when you have a moment.","{{first_name}}, short one worth two minutes: From Blank Page to First Draft in One Conversation, where you describe a deal in plain language and Clio Work returns a structured first draft. https://www.clio.com/work/at-work/",an honest question,"<p>Hi {{first_name}},</p><p>Most business formation firms have made peace with the first draft of every entity and agreement eating an hour before anyone gets to the judgment calls. Fair enough if that is just how it goes. If it is worth questioning, Clio Work does that first pass in minutes. Worth a look, or not a priority right now?</p><p>{{my.first_name}}<br>Clio</p>","Hi {{first_name}}, {{my.first_name}} at Clio. Not chasing, just closing the loop on the trial. Clio Work is open whenever you want to test it on a real formation file: you describe the deal and it drafts the structure, and there is nothing to set up first. If it is useful I can send the trial link again so it is right in front of you. Should I do that?","Hi {{first_name}}, {{my.first_name}} at Clio. The 14-day trial for Clio Work is still open. Upload one formation document and it drafts from it in minutes. I can resend the link if it is easier. Thanks.",one month free,"<p>Hi {{first_name}},</p><p>One thing worth knowing: if you buy Clio Work by July 31, 2026, you get one month free. Same AI that firms across the country use every day to get the first draft done, and there is nothing to set up on your end.</p><p>If the timing works, I can <a href=""https://www.clio.com/work/signup/"">get you started</a> today.</p><p>{{my.first_name}}<br>Clio</p>","Hi {{first_name}}, {{my.first_name}} at Clio, last time I will reach out for now. If it is easier to see than to read about, I will run Clio Work on one of your own formation files in about ten minutes: you give me the deal in plain language and it drafts the structure with defined terms. Or the trial is still open if you would rather poke at it yourself. Which is easier for you?","Hi {{first_name}}, {{my.first_name}} at Clio. Happy to run Clio Work on one of your formation files in about ten minutes, or point you to the trial if you would rather test it yourself. Let me know which works.",closing the loop,"<p>Hi {{first_name}},</p><p>I will stop here so I am not cluttering your inbox. If it is ever useful, Clio Work does the formation drafting from a plain-language description and runs on its own, with nothing to set up. <a href=""https://www.clio.com/work/signup/"">The 14-day trial</a> is here whenever you want it.</p><p>Good luck with the work.</p><p>{{my.first_name}}<br>Clio</p>"
Tier 1,0013m00002YD6S8AAL,0033m00002nbuB0AAI,contact-email,Innovative Forensic Investigations,Civil Litigation,,Virginia,,Neutral/unknown,50,20.9,,Firm Related,Firm Buy-in,Untapped,Jennifer,Moore,cases@innovativeforensic.com,4346370243,,,,,,,,,Grow | Manage,552.47,Not a Law Firm,,,,,,,FALSE,FALSE,,,,,,,,,,,,,,,No,No,,,No,FALSE,"email,call,linkedin",,"Innovative Forensic Investigations, civil litigation, Virginia. Prior Grow+Manage, no prior AI. Angle: no rollout or team buy-in needed, one person uploads a file and gets value. Lead with the complaint-teardown video.",0013m00002YD6S8AAL," Innovative Forensic Investigations is a civil litigation firm in Virginia that previously used Clio (Grow and Manage) and churned for firm-related reasons, specifically internal buy-in: the team never fully got behind rolling it out. They did not use Clio's AI before, so this is genuinely new to them. The angle is that Clio Work needs no rollout and no team adoption to be useful; one person uploads a document and gets a result, so buy-in is not a prerequisite. Recommended Clio Work at Work video: Tearing Apart a Complaint in Under 2 Minutes. Communication channels open: email, calling, LinkedIn. Acknowledge the prior relationship once, in step 1 only.",your civil litigation work,"<p>Hi {{first_name}},</p><p>Back when your firm was on Clio Manage, the whole team had to adopt one platform. This is a different tool. Clio Work reads a civil litigation file and does the first pass itself, and it runs on its own, nothing to set up. One person uploads a document and it says what it can do with it.</p><p>Two-minute example: <a href=""https://www.clio.com/work/at-work/"">Tearing Apart a Complaint in Under 2 Minutes</a>, where it reads a served complaint and maps every claim.</p><p>{{my.first_name}}<br>Clio</p>","Hi {{first_name}}, it is {{my.first_name}} at Clio, I will be quick. This is a different thing than the platform: a legal AI that does the actual work. One person uploads a document and it gets going, nothing to set up and nobody else has to touch it. On a served complaint it pulls out every claim and the weak points in about two minutes. Opposed to me sending you a short video so you can judge it yourself?","Hi {{first_name}}, {{my.first_name}} at Clio. We built a legal AI that does the actual work now, and it runs on its own with nothing to set up. Just sent you an email with a two-minute video. Worth a look for a civil litigation firm.","{{first_name}}, we built a legal AI at Clio that does the work now and runs on its own, nothing to set up and no rollout across the firm. Thought it was worth being on your radar given your civil litigation practice. No pitch.",try it on a file,"<p>Hi {{first_name}},</p><p>The honest way to judge Clio Work is on one of your own civil litigation files. Here is <a href=""https://www.clio.com/work/signup/"">the 14-day trial</a>. You upload a document, it suggests what to do with it, and you see a real result in about ten minutes. Nothing to install, no migration, and nobody else at the firm has to be involved for you to see whether it holds up.</p><p>{{my.first_name}}<br>Clio</p>","Hi {{first_name}}, {{my.first_name}} at Clio again, quick one. I sent over a 14-day trial for Clio Work. The reason I keep coming back to it: you upload one of your own civil litigation files, a complaint or a motion, and it does the first pass and shows you the claims and the gaps in a few minutes. You do it on your own, nothing to set up. Would it help if I pointed you to a good file to start with?","Hi {{first_name}}, {{my.first_name}} at Clio. Just sent you a link to the 14-day trial of Clio Work. Upload one civil litigation file and you will see what it does in about ten minutes. Give it a look when you have a moment.","{{first_name}}, here is the two-minute one I mentioned: Tearing Apart a Complaint in Under 2 Minutes. It reads a served complaint and pulls out every claim, the weak points, and counter-arguments with cited authority. https://www.clio.com/work/at-work/",an honest question,"<p>Hi {{first_name}},</p><p>Most civil litigation firms have made peace with reading every complaint and pleading line by line before anyone gets to strategy, because that is just how the work goes. Fair enough if it is not worth changing. If it is worth questioning, Clio Work does that first pass in minutes and one person can prove it out without the whole firm signing on. Worth a look, or not a priority right now?</p><p>{{my.first_name}}<br>Clio</p>","Hi {{first_name}}, {{my.first_name}} at Clio. Not going to keep you. The 14-day trial of Clio Work is still open, and it is built so one person can test it on a real civil litigation file without setting anything up or getting the rest of the firm involved. Upload a complaint and it maps the claims and the gaps in a couple of minutes. Happy to send the link again if it is easier. Worth a few minutes of your time?","Hi {{first_name}}, {{my.first_name}} at Clio. The trial for Clio Work is still open if you want to test it on one of your own files. I will send the link over again. No rush, just wanted it in front of you.",one month free,"<p>Hi {{first_name}},</p><p>One thing worth knowing: if you buy Clio Work by July 31, 2026, you get one month free. It is the same AI that civil litigation firms use every day to get the first pass on a complaint or motion done, and there is nothing to set up on your end.</p><p>If the timing works, I can <a href=""https://www.clio.com/work/signup/"">get you started</a> today.</p><p>{{my.first_name}}<br>Clio</p>","Hi {{first_name}}, {{my.first_name}} at Clio, last time I will try you live on this. If it is easier to see than to read about, I can run Clio Work on one of your civil litigation files in about ten minutes and you can decide from there. If you would rather test it yourself, the trial is still open. Either way, want me to set something up or just send the link?","Hi {{first_name}}, {{my.first_name}} at Clio. Happy to run Clio Work on one of your own files in about ten minutes so you can see it, or send the trial link if you would rather test it yourself. Let me know which is easier and I will sort it out.",closing the loop,"<p>Hi {{first_name}},</p><p>I will stop here so I am not cluttering your inbox. If it is ever useful, Clio Work does the civil litigation work and runs on its own, with nothing to set up and no rollout across the firm. <a href=""https://www.clio.com/work/signup/"">The 14-day trial</a> is here whenever you want it.</p><p>Good luck with the work.</p><p>{{my.first_name}}<br>Clio</p>"
Tier 1,0012G00001bm0ZSQAY,0033m00003Cq2C5AAJ,contact-email,Mark A Di Carlo,Disability / Social Security,,Texas,,Winnable,70,8.4,,Firm Related,Budget Cuts,Suppress - recently worked,Judy,Nathan Jennings,mad.clio.user1@gmail.com,(361) 888-6968,,,,,,,,,Manage,516,,,,,,,,FALSE,FALSE,,,,,,,,,,,,,,,No,No,,,No,FALSE,"email,call,linkedin",,"Mark A Di Carlo, disability / Social Security firm in Texas, no prior Clio AI. Channels open: email, call, LinkedIn.",0012G00001bm0ZSQAY," Mark A Di Carlo is a disability and Social Security firm in Texas that previously used Clio Manage and churned; the reason on file is firm related, tied to budget cuts, so money is tight and this is genuinely new AI to them (no prior Clio AI). Do not defend old pricing or use discount language; let them prove the value on one of their own files with the free trial, and the buy-by-July-31 incentive only appears in steps 9 and 10 to lower the first cost. Recommended Clio Work at Work video: Contract Review That Doesn't Miss the Buried Clause, framed as reading a dense file and surfacing what matters and what is missing. Communication channels open: email, calling, LinkedIn. Acknowledge the prior relationship once, in step 1 only.",your disability files,"<p>Hi {{first_name}},</p><p>Back when you were on Clio Manage, everything lived in one platform to set up. This is a different tool. Clio Work reads a dense Social Security file and does the first pass, and it runs on its own, nothing to set up or migrate. You upload one document and it tells you what it can do.</p><p>Two-minute example: <a href=""https://www.clio.com/work/at-work/"">Contract Review That Doesn't Miss the Buried Clause</a>, where it reads a long file and flags what matters and what is missing.</p><p>{{my.first_name}}<br>Clio</p>","Hi {{first_name}}, it is {{my.first_name}} at Clio, I will be quick. This is a different thing than the platform: an AI that does the legal work now. You upload one Social Security file and it gets going, nothing to set up, so you can judge it yourself. Opposed to me sending a two-minute look?","Hi {{first_name}}, {{my.first_name}} at Clio. We built a legal AI that does the actual work now and runs on its own. Just sent you an email with a short video. Worth a look for a disability firm.","{{first_name}}, we built a legal AI at Clio that does the work now and runs on its own, nothing to set up. Thought it was worth being on your radar given your Social Security practice. No pitch.",judge it yourself,"<p>Hi {{first_name}},</p><p>The honest way to judge Clio Work is on one of your own disability files. Here is <a href=""https://www.clio.com/work/signup/"">the 14-day trial</a>. You upload a document, it suggests what to do with it, and you see a real result in about ten minutes. Nothing to install, no migration, and you decide if it earns its keep.</p><p>{{my.first_name}}<br>Clio</p>","Hi {{first_name}}, {{my.first_name}} at Clio again. I just sent over a 14-day trial link. The point is you run it on one of your own Social Security files and see what it does with a dense record, no setup on your end. Give it ten minutes and let the result speak for itself. Any reason not to try it?","Hi {{first_name}}, {{my.first_name}} at Clio. I just emailed you a trial link. Run it on one of your own disability files, no setup, and see the result in about ten minutes. Talk soon.","{{first_name}}, quick one worth two minutes: Clio Work reads a long file and flags what matters and what is missing. Here is the clip: https://www.clio.com/work/at-work/ No ask, just useful for a disability practice.",an honest question,"<p>Hi {{first_name}},</p><p>Most Social Security firms have made peace with reading every dense record by hand before anyone gets to the argument. Fair enough if that is just how it goes. If it is worth questioning, Clio Work does that first pass in minutes, on your own files. Worth a look, or not a priority right now?</p><p>{{my.first_name}}<br>Clio</p>","Hi {{first_name}}, {{my.first_name}} at Clio. No new pitch, just checking you have what you need. The trial is still open, so if you want to see how it handles a real Social Security file, you upload one document and it goes, nothing to set up. Happy to resend the link so you can judge it on your own work. Want me to send it over?","Hi {{first_name}}, {{my.first_name}} at Clio. The trial is still open whenever you want to run it on one of your own files. I will resend the link by email. No rush, just here when it is useful.",one month free,"<p>Hi {{first_name}},</p><p>One thing worth knowing: if you buy Clio Work by July 31, 2026, you get one month free. Same AI firms use every day to get the first pass done on dense files, and there is nothing to set up on your end. It lowers the first cost while you see if it earns a place.</p><p>If the timing works, I can <a href=""https://www.clio.com/work/signup/"">get you started</a> today.</p><p>{{my.first_name}}<br>Clio</p>","Hi {{first_name}}, {{my.first_name}} at Clio. Last time I will reach out live for a bit. Worth flagging: if you buy Clio Work by July 31, you get one month free, which takes the edge off the first cost. You can still run it on your own Social Security file first, ten minutes, nothing to set up. Want me to walk you through it or just send the link?","Hi {{first_name}}, {{my.first_name}} at Clio. Quick note: buy Clio Work by July 31 and you get one month free. Run it on your own file first if you like. I will email the details. Thanks {{first_name}}.",closing the loop,"<p>Hi {{first_name}},</p><p>I will stop here so I am not cluttering your inbox. If it is ever useful, Clio Work does the disability and Social Security work and runs on its own, with nothing to set up. <a href=""https://www.clio.com/work/signup/"">The 14-day trial</a> is here whenever you want to judge it on one of your own files.</p><p>Good luck with the work.</p><p>{{my.first_name}}<br>Clio</p>"
Tier 2,0012G00001YblKxQAJ,003OG00000PC6WHYA1,contact-email,Law Office of Jeffrey Eidsness,Wills & Estates,,Idaho,,Neutral/unknown,35,4.4,,Unknown,,Untapped,Jeffrey,Eidsness,jeff@gtcestateplanning.com,208-986-0789,,,,,,,,,Accountant User | Accounting | Draft US | Grow | Manage,445.5,1,,,,,,,FALSE,FALSE,,,,,,,,,,,,,,,No,No,,,No,FALSE,"email,call,linkedin",,"Wills and estates solo in Idaho, unknown churn reason, no prior Clio AI: default arc leading with Clio Work drafting from their own files and the 14-day trial.",0012G00001YblKxQAJ," Law Office of Jeffrey Eidsness is a wills and estates practice in Idaho that previously used Clio Manage and churned; no reason is on file, so do not guess one. Clio Work is genuinely new to this firm, no prior Clio AI. Run the default arc: lead with what Clio Work does now, drafting wills, trusts, and estate documents from a plain description of the matter, and the easy 14-day trial, rather than answering a specific objection. Recommended Clio Work at Work video: From Blank Page to First Draft in One Conversation, framed for estate planning drafting. Communication channels open: email, calling, LinkedIn. Acknowledge the prior Clio Manage relationship once, in step 1 only.",your estate planning work,"<p>Hi {{first_name}},</p><p>Back when you were on Clio Manage, drafting still meant starting from a blank template and building every clause by hand. Clio Work is different. Upload a will, trust, or estate file, and it reads it and suggests what to do with it, no setup or migration.</p><p>Short example: <a href='https://www.clio.com/work/at-work/'>From Blank Page to First Draft in One Conversation</a>, where you describe the matter and it returns a structured first draft with Idaho-specific language and defined terms already in place.</p><p>{{my.first_name}}<br>Clio</p>","Hi {{first_name}}, this is {{my.first_name}} at Clio, I will be quick. We built a legal AI that drafts wills and trusts from a plain description of the matter, and it runs on its own, nothing to set up. For estate planning work, the first draft is usually the slow part. Sent you a short video showing it. Mind if I send a two-minute look at it, or is now a bad time?","Hi {{first_name}}, it is {{my.first_name}} at Clio. We built a legal AI that drafts wills and trusts from a plain description of the matter, no setup involved. Just sent a short video showing it in action. Worth a look for an estate planning practice. Call me back whenever.","Jeffrey, we built a legal AI at Clio that drafts wills and trusts from a plain description of the matter, no setup involved. Thought it was worth being on your radar given your estate planning practice here in Idaho. No pitch, just connecting.",a free trial,"<p>Hi {{first_name}},</p><p>The honest way to judge Clio Work is on one of your own estate planning files. Here is <a href='https://www.clio.com/work/signup/'>the 14-day trial</a>. Upload a will or trust you are already drafting, describe the parties, terms, and jurisdiction, and you get a structured first draft back in about ten minutes, with nothing to install or configure beforehand.</p><p>{{my.first_name}}<br>Clio</p>","Hi {{first_name}}, {{my.first_name}} again from Clio. Sent a trial link a few days ago, wanted to make sure it landed. It is a 14-day trial, and the idea is simple: upload a will or trust you are already drafting, describe the parties and terms, and you get a structured first draft in about ten minutes. No setup beforehand. Worth trying on one real file this week?","Hi {{first_name}}, {{my.first_name}} at Clio, following up on the trial link. Upload one estate planning file, describe the matter, and Clio Work hands back a structured first draft in about ten minutes. Nothing to configure first. Take a look when you have a few minutes, or call me back.","Jeffrey, quick one if useful: a two-minute look at Clio Work drafting a will from a plain description of the matter, jurisdiction language included. https://www.clio.com/work/at-work/",an honest question,"<p>Hi {{first_name}},</p><p>Most wills and estates practices have made peace with the first draft eating an hour before any real judgment gets applied to it. Fair enough if that is just how the work goes. If it is worth questioning, Clio Work gets a structured draft in front of you in minutes instead. Worth a look, or not a priority right now?</p><p>{{my.first_name}}<br>Clio</p>","Hi {{first_name}}, {{my.first_name}} at Clio. The 14-day trial is still open whenever you want it, no pressure on timing. Upload a will or trust you are working on, describe the parties and terms, and Clio Work hands back a structured first draft with Idaho language already built in. Takes about ten minutes start to finish. Want me to send the link again?","Hi {{first_name}}, {{my.first_name}} at Clio. Just a quick one: the Clio Work trial is still open. Upload a will or trust, describe the matter, get a structured first draft back in about ten minutes. No setup required. Happy to resend the link, just say the word.",one month free,"<p>Hi {{first_name}},</p><p>One thing worth knowing: if you buy Clio Work by July 31, 2026, you get one month free. Same tool that drafts wills and trusts from a plain description of the matter, with Idaho-specific language built into the first draft, and nothing on your end to configure.</p><p>If the timing works, I can <a href='https://www.clio.com/work/signup/'>get you started</a> this week.</p><p>{{my.first_name}}<br>Clio</p>","Hi {{first_name}}, {{my.first_name}} at Clio, last call from me on this. Clio Work still drafts wills and trusts from a plain description of the matter, no setup, and the 14-day trial is open whenever it is useful. If timing is better for a quick demo on one of your own files instead, happy to set that up. Either way works, just let me know.","Hi {{first_name}}, {{my.first_name}} at Clio, last call on this for now. The Clio Work trial is open whenever it is useful, or I am glad to run a quick demo on one of your files instead. No pressure either way. Call or email whenever works.",closing the loop,"<p>Hi {{first_name}},</p><p>I will stop here so I am not cluttering your inbox. If it is ever useful down the road, Clio Work drafts wills, trusts, and estate documents from a plain description of the matter, and it runs on its own with nothing to set up or maintain. <a href='https://www.clio.com/work/signup/'>The 14-day trial</a> is here whenever the timing is right.</p><p>Good luck with the practice.</p><p>{{my.first_name}}<br>Clio</p>"
Tier 3,001OG000016lBUuYAM,003OG00000JV5wSYAT,contact-email,Peluso Law,Civil Litigation,,California,,Low/admin,20,4.6,,System Cancel,,Untapped,Larry,Peluso,larry@pelusolaw.net,9493950092,,,,,,,,,Draft US | Manage | vLex,437,,,,,,,,FALSE,FALSE,,,,,,,,,,,,,,,No,No,,,No,TRUE,"email,call,linkedin",,"Peluso Law, civil litigation in California, held prior Manage AI (vLex) and system cancelled with no friction; light easy re-entry angle leading with how much more capable Clio Work is now and the 14 day trial, offer eligible.",001OG000016lBUuYAM,"Peluso Law is a civil litigation firm in California that previously used Clio and held our earlier AI, Manage AI (previously Duo) and vLex. They churned via a system cancellation with no stated friction, a light, easy re-entry situation rather than a complaint or a hard objection. Lead with how much more capable Clio Work is now, that it runs on its own without Manage, and that there is nothing to set up. Recommended Clio Work at Work video: Tearing Apart a Complaint in Under 2 Minutes. Communication channels open: email, calling, LinkedIn. Acknowledge the prior relationship once, in step 1 only, and keep the whole cadence low pressure.",your litigation work,"<p>Hi {{first_name}},</p><p>Back when Peluso Law was on Clio Manage, the AI you had through vLex was a much smaller thing. Clio Work is a long way past that now: it runs on its own without Manage, reads a litigation file, and does the work, nothing to set up.</p><p>Two minute example: <a href='https://www.clio.com/work/at-work/'>Tearing Apart a Complaint in Under 2 Minutes</a>, where it reads a served complaint and pulls out every claim, the legal basis, the weak points, and counter-arguments with cited authority.</p><p>{{my.first_name}}<br>Clio</p>","Hi {{first_name}}, it is {{my.first_name}} at Clio, I will be quick. This is a different kind of tool: a legal AI that reads a complaint or a motion and does the work now, on its own, nothing to set up. For litigation, that first pass usually eats the most hours. Worth me sending over a two minute look at it?","Hi {{first_name}}, {{my.first_name}} at Clio. We built a legal AI that reads a complaint or a motion and does the work now, on its own, nothing to set up. Sent a short email with a two minute example. Worth a look for a litigation firm like yours.","{{first_name}}, we built a legal AI at Clio that reads your own files and does the work now, on its own, nothing to set up. Thought it was worth being on your radar given Peluso Law's litigation practice. No pitch.",a free trial,"<p>Hi {{first_name}},</p><p>The honest way to judge Clio Work is on one of your own litigation files. Upload a complaint you were served, or a motion in progress, and it suggests what to do with it: no setup, no prompt to figure out, nothing to migrate over. Here is <a href='https://www.clio.com/work/signup/'>the 14 day trial</a>, and you will see a real result in about ten minutes.</p><p>{{my.first_name}}<br>Clio</p>","Hi {{first_name}}, {{my.first_name}} again from Clio. Just sent over the 14 day trial link for Clio Work. You point it at one of your own litigation files, a complaint or a motion, and it tells you what it can do with it, no setup on your side. Any interest in running it on something you are working right now?","Hi {{first_name}}, {{my.first_name}} at Clio. Just sent the 14 day trial link for Clio Work over email. Upload one litigation file and see what it does with it, no setup involved. Take a look when you get a minute.","{{first_name}}, quick one if useful: two minute watch where Clio Work reads a served complaint and pulls out every claim, the legal basis, and the weak points. https://www.clio.com/work/at-work/",an honest question,"<p>Hi {{first_name}},</p><p>Most litigation firms have made peace with reading a complaint line by line before anyone gets to strategy. Fair enough if that is just how the work goes. If it is worth questioning, Clio Work does that first pass in minutes, on its own, from one uploaded document. Worth a look, or not a priority right now?</p><p>{{my.first_name}}<br>Clio</p>","Hi {{first_name}}, {{my.first_name}} from Clio. The trial for Clio Work is still open for Peluso Law any time. Upload one file and it does the first pass on its own, nothing to configure. If a current case would be a good test, happy to send the link again or walk through it live. Which works better?","Hi {{first_name}}, {{my.first_name}} at Clio. The Clio Work trial is open whenever it is useful for Peluso Law, no setup needed. Give me a call back or reply to the email if a current file would make a good test.",one month free,"<p>Hi {{first_name}},</p><p>Worth knowing: if Peluso Law buys Clio Work by July 31, 2026, you get one month free. Same AI litigation teams use every day to tear apart a complaint or find the precedent that wins a motion, and there is nothing to set up or migrate on your end.</p><p>If the timing works, I can <a href='https://www.clio.com/work/signup/'>get you started</a> today.</p><p>{{my.first_name}}<br>Clio</p>","Hi {{first_name}}, {{my.first_name}} from Clio, one last live check in. If Clio Work is worth a real look, I can either send the trial link again or put together a short demo on one of your files. If neither is useful right now, I will let it rest. Which would help?","Hi {{first_name}}, {{my.first_name}} at Clio, one more try. Happy to send the trial link again or set up a short demo on one of your files, whichever is easier. Otherwise I will leave the door open.",closing the loop,"<p>Hi {{first_name}},</p><p>I will stop here so I am not cluttering your inbox. If it is ever useful, Clio Work reads a complaint or a motion, does the first pass on its own, and there is nothing to set up on your end. <a href='https://www.clio.com/work/signup/'>The 14 day trial</a> stays open whenever the timing works for Peluso Law.</p><p>Good luck with the docket.</p><p>{{my.first_name}}<br>Clio</p>"
Tier 1,001A000000uUgEEIA0,003A0000015HorYIAS,contact-email,"The Law Office of Cory J. Lynch, LLC.",Personal Injury,,Georgia,,Neutral/unknown,50,6.8,,Unknown,,Suppress - recently worked,Cory,Jerome Lynch,cory@clynchlaw.com,(404) 791-1559,,,,,,,,,Grow | Manage | Personal Injury,436,2 to 4,,,,,,,FALSE,FALSE,,,,,,,,,,,,,,,No,No,,,No,FALSE,"email,call,linkedin",,"Personal injury firm in Georgia, churn reason unknown, genuinely new to Clio AI; lead with X-Ray a Witness video then the 14-day trial, one month free offer valid by July 31 2026.",001A000000uUgEEIA0,"The Law Office of Cory J. Lynch, LLC is a personal injury firm in Georgia that previously used Clio Manage and churned for reasons that are not documented, so do not guess or reference one. They are genuinely new to Clio's AI, so lead with what Clio Work does now rather than referencing any prior tool. Recommended Clio Work at Work video: X-Ray a Witness With AI-Analyzed Transcripts. Communication channels open: email, calling, LinkedIn; acknowledge the prior relationship once, in step 1 only.",your witness testimony,"<p>Hi {{first_name}},</p><p>Back when you were on Clio Manage, the file review still landed on someone at the firm. Clio Work is a different tool built for personal injury cases. Drop in a deposition transcript and it reads on its own, no setup, and hands back what matters.</p><p>Two-minute look: <a href='https://www.clio.com/work/at-work/'>X-Ray a Witness With AI-Analyzed Transcripts</a>, where it pulls admissions, contradictions, and testimony gaps with the exact page and line.</p><p>{{my.first_name}}<br>Clio</p>","Hi {{first_name}}, this is {{my.first_name}} at Clio, I will be quick. We built an AI that reads a deposition transcript on its own and flags the admissions and contradictions with the page and line, nothing to set up. For a personal injury firm, that review is the slow part. Worth me sending a two-minute look?","Hi {{first_name}}, {{my.first_name}} at Clio. We built a legal AI for personal injury firms that reads a deposition transcript and hands back the admissions and contradictions with the page and line, no setup involved. Just sent you a short email with a two-minute video. Worth a look.","{{first_name}}, we built a legal AI at Clio that reads deposition transcripts and pulls admissions and contradictions on its own, nothing to set up. Thought it was worth being on your radar for your personal injury practice. No pitch.",a free trial,"<p>Hi {{first_name}},</p><p>The honest way to judge Clio Work is on one of your own case files. Drop in a deposition transcript and it reads it on its own, then hands back the admissions and contradictions with the page and line. Here is <a href='https://www.clio.com/work/signup/'>the 14-day trial</a>. You will see a real result in about ten minutes, nothing to install.</p><p>{{my.first_name}}<br>Clio</p>","Hi {{first_name}}, {{my.first_name}} again from Clio. Just sent a link to try Clio Work free for 14 days. It is built for personal injury work: drop in a deposition transcript and it reads it on its own, no setup, and hands back the admissions and contradictions with the page and line. Takes about ten minutes on one of your own files. Did that email land alright?","Hi {{first_name}}, {{my.first_name}} at Clio. Just sent the 14-day trial link for Clio Work. Drop in a deposition transcript and it hands back the admissions and contradictions with the page and line, on its own, nothing to set up. Give it a look when you get a minute.","{{first_name}}, worth two minutes: X-Ray a Witness With AI-Analyzed Transcripts. Clio Work reads a deposition transcript and pulls the admissions, contradictions, and testimony gaps with the page and line, on its own. https://www.clio.com/work/at-work/",an honest question,"<p>Hi {{first_name}},</p><p>Most personal injury firms have made peace with the deposition review eating hours before anyone gets to case strategy: reading the transcript line by line, flagging what a witness said that helps or hurts later. Fair enough if that is just how it goes. If it is worth questioning, Clio Work does that read in minutes on its own. Worth a look, or not a priority right now?</p><p>{{my.first_name}}<br>Clio</p>","Hi {{first_name}}, {{my.first_name}} at Clio. Checking in on the Clio Work trial, it is still open on your end. It is built for personal injury work: you drop in a deposition transcript, it reads it on its own, and hands back the admissions and contradictions with the page and line. Ten minutes on one of your own files. Want me to resend the link so you can try it this week?","Hi {{first_name}}, {{my.first_name}} at Clio. The Clio Work trial is still open, no pressure. Drop in a deposition transcript and it reads it on its own, hands back the admissions and contradictions with the page and line. Happy to resend the link whenever it is useful.",one month free,"<p>Hi {{first_name}},</p><p>One thing worth knowing: if you buy Clio Work by July 31, 2026, you get one month free. Same AI that personal injury firms use to read a deposition transcript and get back the admissions, contradictions, and testimony gaps with the page and line, on its own.</p><p>If the timing works, I can <a href='https://www.clio.com/work/signup/'>get you started</a> today.</p><p>{{my.first_name}}<br>Clio</p>","Hi {{first_name}}, {{my.first_name}} at Clio, last call from me on this. The one month free offer runs through July 31 if you buy Clio Work before then. For personal injury work, it reads a deposition transcript on its own and hands back the admissions and contradictions with the page and line, nothing to set up. Worth ten minutes on one of your files, or should I close this out?","Hi {{first_name}}, {{my.first_name}} at Clio, last try from me. One month free if you buy Clio Work by July 31. It reads a deposition transcript on its own and hands back the admissions and contradictions with the page and line. Happy to send the trial link one more time, or I will close this out.",closing the loop,"<p>Hi {{first_name}},</p><p>I will stop here so I am not cluttering your inbox. If it is ever useful, Clio Work reads a deposition transcript on its own and hands back the admissions, contradictions, and testimony gaps with the exact page and line, nothing to set up on your end.</p><p><a href='https://www.clio.com/work/signup/'>The 14-day trial</a> is here whenever you want it. Good luck with the work.</p><p>{{my.first_name}}<br>Clio</p>"
Tier 1,0012G00001asgUUQAY,003OG00000MSo0RYAT,contact-email,Brown Law Office,Medical Malpractice,,Indiana,,Winnable,55,5.5,,Product Related,Integrations Issues,Untapped,Lorie,Brown,lorie@brownlaw1.com,3174651065,,,,,,,,,Grow | Manage,430.95,,,,,,,,FALSE,FALSE,,,,,,,,,,,,,,,No,No,,,No,FALSE,"email,call,linkedin",,"Brown Law Office, medical malpractice firm in Indiana, genuinely new to Clio AI, product fit churn: lead hard with the standalone tool and the easy upload, no prior AI story to lean on.",0012G00001asgUUQAY," Brown Law Office is a medical malpractice firm in Indiana that previously used Clio Manage. They are genuinely new to Clio's AI, no prior Manage AI or vLex history to reference. They churned over product fit and integrations issues, meaning the old setup likely felt like more to configure and connect than it was worth. Lead with Clio Work as one standalone tool with nothing to set up or connect: upload one document and it starts. Recommended Clio Work at Work video: X-Ray a Witness With AI-Analyzed Transcripts, framed for depositions in a malpractice practice. Communication channels open: email, calling, LinkedIn. Acknowledge the prior relationship once, in step 1 only.",your deposition review,"<p>Hi {{first_name}},</p><p>Back when you were on Clio Manage, everything lived in one system you had to set up first. Clio Work is not that. It is one standalone tool, nothing to connect, nothing to configure. You drop in a deposition transcript and it starts on its own.</p><p>Worth two minutes: <a href='https://www.clio.com/work/at-work/'>X-Ray a Witness With AI-Analyzed Transcripts</a>, where it pulls the key admissions, the contradictions, and the gaps in testimony, each with the exact page and line.</p><p>{{my.first_name}}<br>Clio</p>","Hi {{first_name}}, it is {{my.first_name}} at Clio, quick one. You were on Clio Manage a while back. This is a different thing, an AI that reads a deposition transcript on its own and hands back the admissions and contradictions with the page and line. Nothing to connect or set up first, you just upload the transcript. For malpractice work with a lot of expert testimony, that is real time back. Worth a two minute look?","Hi {{first_name}}, {{my.first_name}} at Clio. Built an AI that reads a deposition transcript and pulls the admissions and contradictions with the exact page and line, no setup required. Sent a short video your way. Worth a look for a malpractice firm.","{{first_name}}, we built a legal AI at Clio that reads a document and starts on its own, nothing to connect first. Thought it was worth being on your radar given your malpractice practice. No pitch.",a free trial,"<p>Hi {{first_name}},</p><p>The honest way to judge Clio Work is on one of your own files. Here is <a href='https://www.clio.com/work/signup/'>the 14-day trial</a>. Upload a deposition transcript or a set of medical records and it reads them and suggests what to do with what it finds, no setup and nothing to connect first. You will see a real result on your own file in about ten minutes.</p><p>{{my.first_name}}<br>Clio</p>","Hi {{first_name}}, {{my.first_name}} again from Clio. Just sent a link to start the 14-day trial. You upload one transcript, it reads it and tells you what it can do with it, no setup on your end. For a malpractice caseload with heavy expert testimony, that first pass usually takes minutes instead of a read through. Any interest in trying it on a real file this week?","Hi {{first_name}}, {{my.first_name}} at Clio. Sent a trial link, no setup involved, you just upload a transcript and it gets to work. Curious if it is worth a try on one of your malpractice files.","{{first_name}}, quick two minute watch if useful: our AI reads a deposition transcript and surfaces the admissions, contradictions, and gaps with the exact page and line. https://www.clio.com/work/at-work/",an honest question,"<p>Hi {{first_name}},</p><p>Most malpractice firms have made peace with reading every deposition transcript line by line, hunting for the one admission or contradiction, before anyone gets to actual strategy. Fair enough if that is just how the work goes. If it is worth questioning, Clio Work finds those moments in minutes, with the page and line attached. Worth a look, or not a priority right now?</p><p>{{my.first_name}}<br>Clio</p>","Hi {{first_name}}, {{my.first_name}} at Clio. The trial is still open if you want to try it on a real transcript, no setup needed, you just upload the file. Given how much of a malpractice case rides on expert and physician testimony, most firms find the admissions and contradictions faster this way. Want me to send the link again?","Hi {{first_name}}, {{my.first_name}} at Clio. Trial is still open, no setup, just upload a transcript and it gets going. Happy to resend the link if it would help on a current malpractice file.",one month free,"<p>Hi {{first_name}},</p><p>One thing worth knowing: if you buy Clio Work by July 31, 2026, you get one month free. Same tool malpractice firms use to get a first pass on a deposition transcript done in minutes, and there is nothing to set up or connect on your end.</p><p>If the timing works, I can <a href='https://www.clio.com/work/signup/'>get you started</a> today.</p><p>{{my.first_name}}<br>Clio</p>","Hi {{first_name}}, {{my.first_name}} at Clio, last check from me for now. Buying Clio Work by July 31 still gets you one month free, and there is nothing to set up, you just upload a file and it starts. Otherwise happy to run it live on one of your transcripts so you can see it firsthand. Which is more useful, the trial or a quick look together?","Hi {{first_name}}, {{my.first_name}} at Clio. One month free if you buy by July 31, or I can just run it on one of your transcripts so you see it firsthand. Either way, no setup involved. Let me know what is more useful.",closing the loop,"<p>Hi {{first_name}},</p><p>I will stop here so I am not cluttering your inbox. If it is ever useful, Clio Work reads a deposition transcript and hands back the admissions and contradictions with the exact page and line, and there is nothing to set up. <a href='https://www.clio.com/work/signup/'>The 14-day trial</a> is here whenever you want it.</p><p>Good luck with the work.</p><p>{{my.first_name}}<br>Clio</p>"
Tier 2,0013m00002YDk9uAAD,0033m00002tunkEAAQ,contact-email,The Law Offices of Joseph G. Coluccio,Wills & Estates,,Florida,,Low/admin,35,10.3,,Suspended To Cancel,Automated,Suppress - recently worked,Derrick,Bentley,dbentley@joecolucciolaw.com,7027729051,,,,,,,,,Manage,428.95,2 to 4,,,,,,,FALSE,FALSE,,,,,,,,,,,,,,,No,No,,,No,FALSE,"email,call,linkedin",,"Florida wills and estates solo, easy involuntary lapse, light no-pressure re-entry lead with the drafting video and the trial.",0013m00002YDk9uAAD,"The Law Offices of Joseph G. Coluccio is a wills and estates firm in Florida that previously used Clio, genuinely new to Clio's AI. The cancellation was suspended to cancel, secondary automated, so this reads as an involuntary lapse rather than a deliberate exit. Treat this as a light, easy re-entry: low pressure throughout, do not name or imply the cancellation reason to the firm. Recommended Clio Work at Work video: From Blank Page to First Draft in One Conversation, which shows describing a matter in plain language and getting back a structured first draft with jurisdiction-specific language and defined terms, a strong fit for wills and estates drafting. Communication channels open: email, calling, LinkedIn. Acknowledge the prior relationship once, in step 1 only, kept light.",your estate drafting,"<p>Hi {{first_name}},</p><p>Back when the firm was on Clio Manage, drafting a will or trust started from a blank template. Clio Work is different. You describe the matter in plain language, and it hands back a structured first draft with Florida specific language and defined terms already in place, nothing to set up or migrate.</p><p>Short example: <a href='https://www.clio.com/work/at-work/'>From Blank Page to First Draft in One Conversation</a>, where a plain description turns into a usable first draft.</p><p>{{my.first_name}}<br>Clio</p>","Hi {{first_name}}, it is {{my.first_name}} at Clio, quick one. We built a legal AI that does the actual drafting now. You describe a will or trust matter in plain language and it drafts a structured first version, Florida language and defined terms included, no setup. For estates work, the blank page is usually the slow part. Mind if I send a two minute look at it?","Hi {{first_name}}, {{my.first_name}} at Clio. We built a legal AI that drafts a first version of a will or trust from a plain description, Florida language included, and it runs on its own. Sent a short video over. Worth a look for an estates practice.","{{first_name}}, we built a legal AI at Clio that drafts a structured first version of a will or trust from a plain description, defined terms and jurisdiction language included. Thought it was worth being on your radar given the estate planning work. No pitch.",a free trial,"<p>Hi {{first_name}},</p><p>The honest way to judge Clio Work is on one of your own matters. Here is <a href='https://www.clio.com/work/signup/'>the 14-day trial</a>. Describe a will or trust in plain language, and you will have a structured first draft back, Florida language and defined terms already filled in, in about ten minutes. Nothing to install, nothing to migrate, no template to build first.</p><p>{{my.first_name}}<br>Clio</p>","Hi {{first_name}}, {{my.first_name}} again from Clio. Just sent a trial link, wanted to flag it directly. It is Clio Work, the AI that turns a plain description of an estate matter into a structured first draft, Florida language and defined terms already there. Fourteen days, on your own files, nothing to configure first. Any interest in trying it on a current matter?","Hi {{first_name}}, {{my.first_name}} at Clio. Following up on the trial I emailed, it drafts a first version of a will or trust from a plain description, Florida specific language included. Take a look when you have a minute.","{{first_name}}, quick two minute watch if useful: how Clio Work turns a plain description of a matter into a structured first draft with defined terms already in place. https://www.clio.com/work/at-work/",an honest question,"<p>Hi {{first_name}},</p><p>Most estate planning firms have made peace with building every will and trust from a blank page, filling in the same defined terms and jurisdiction language matter after matter. Fair enough if that is just how it goes. If it is worth questioning, Clio Work does that first draft in minutes instead of hours. Worth a look, or not a priority right now?</p><p>{{my.first_name}}<br>Clio</p>","Hi {{first_name}}, {{my.first_name}} at Clio, brief one. The trial is still open on your end, no setup needed to start it. You describe a will or trust matter and Clio Work hands back a structured first draft, Florida language and defined terms filled in. Want me to resend the link, or is a quick look this week better?","Hi {{first_name}}, {{my.first_name}} at Clio. The Clio Work trial is open whenever you want it, drafts a first version of a will or trust from a plain description. Happy to resend the link, just let me know.",one month free,"<p>Hi {{first_name}},</p><p>One thing worth knowing: if the firm buys Clio Work by July 31, 2026, you get one month free. Same AI, describe a will or trust matter in plain language and get back a structured first draft with Florida language and defined terms, nothing to set up on your end.</p><p>If the timing works, I can <a href='https://www.clio.com/work/signup/'>get you started</a> today.</p><p>{{my.first_name}}<br>Clio</p>","Hi {{first_name}}, {{my.first_name}} at Clio, last check in from me. The one month free offer for buying Clio Work runs through July 31, and the trial is still open too if you would rather try it first. Either way, it is the same tool: describe an estate matter, get a structured first draft back. Which makes more sense, the trial or getting started now?","Hi {{first_name}}, {{my.first_name}} at Clio. Two options still open: try Clio Work free for fourteen days, or buy by July 31 and get one month free. Drafts a first version of a will or trust from a plain description. Call or email whenever works.",closing the loop,"<p>Hi {{first_name}},</p><p>I will stop here so I am not cluttering your inbox. If it is ever useful, Clio Work drafts a structured first version of a will or trust from a plain description, Florida language and defined terms included, and runs on its own. <a href='https://www.clio.com/work/signup/'>The 14-day trial</a> is here whenever you want it.</p><p>Good luck with the practice.</p><p>{{my.first_name}}<br>Clio</p>"
Tier 3,001A00000182DzBIAU,003A000001QmPoRIAV,contact-email,"Waterloo Investigations, L.L.C.",Privacy / Information Security,,Texas,,Low/admin,0,4.4,,System Cancel,,Suppress - recently worked,Rob,Colvin,rcolvin@waterloosi.com,2147288975,,,,,,,,,Duo | Grow | Manage,360.9,Not a Law Firm,,,,,,,FALSE,FALSE,,,,,,,,,,,,,,,Yes,No,,,No,TRUE,"email,call,linkedin",,"Waterloo Investigations, L.L.C. (Texas), privacy / information security firm; prior Clio AI: yes (Manage AI/Duo + vLex); channels: email, call, LinkedIn.",001A00000182DzBIAU," Waterloo Investigations, L.L.C. is a privacy and information security firm in Texas that previously used Clio, including Grow and Manage, and held our earlier AI, Manage AI (previously Duo) and vLex. Their churn was a system cancel, an administrative lapse rather than a considered decision, so treat this as a warm reintroduction: lead with how much more capable Clio Work is now and that it runs on its own, nothing to set up. Recommended Clio Work at Work video: From Blank Page to First Draft in One Conversation. Communication channels open: email, calling, LinkedIn. Acknowledge the prior relationship once, in step 1 only.",Your privacy drafting,"<p>Hi {{first_name}},</p><p>Back when you were on Clio Manage, admin lived in one place. Clio Work is different. You had our AI through Duo; it is far more capable now and runs on its own without Manage, nothing to set up. It reads a privacy or data agreement and does the first draft.</p><p>Two-minute example: <a href=""https://www.clio.com/work/at-work/"">From Blank Page to First Draft in One Conversation</a>, where you describe a deal and it returns a structured draft with jurisdiction-specific terms.</p><p>{{my.first_name}}<br>Clio</p>","Hi {{first_name}}, it is {{my.first_name}} at Clio, I will be quick. We built a legal AI that does the actual work now: it reads a privacy or data agreement and returns a structured first draft on its own, nothing to set up. For information security firms, that drafting is the slow part before real review. Would you be opposed to me sending a two-minute look at how it handles a file?","Hi {{first_name}}, {{my.first_name}} at Clio. We built a legal AI that does the actual work now, reads a privacy or data agreement and drafts it, and runs on its own with nothing to set up. Just sent you an email with a short video. Worth a look for an information security firm.","{{first_name}}, we built a legal AI at Clio that does the actual work now and runs on its own, nothing to set up. Given your privacy and information security practice, thought it was worth being on your radar. No pitch.",A free trial,"<p>Hi {{first_name}},</p><p>The honest way to judge Clio Work is on one of your own privacy or data files. Here is <a href=""https://www.clio.com/work/signup/"">the 14-day trial</a>. You upload a document, it suggests what to do with it, and you see a real result in about ten minutes. Nothing to install, no migration, and it runs on its own. It picks the buried clause a privacy agreement is missing.</p><p>{{my.first_name}}<br>Clio</p>","Hi {{first_name}}, {{my.first_name}} at Clio again. Quick one. I just sent you a link to a fourteen-day trial of Clio Work. The idea is simple: upload one of your own privacy or data files, and it returns a structured first draft in about ten minutes, nothing to set up. That is the honest way to judge it, on your own work. Did that email reach you okay?","Hi {{first_name}}, {{my.first_name}} at Clio. I just emailed you a fourteen-day trial link for Clio Work. Upload one of your own privacy files and it drafts it in about ten minutes, nothing to set up. Give it a try when you have a moment.","{{first_name}}, a two-minute watch: Clio Work turns a plain-language description of a deal into a structured first draft with jurisdiction-specific terms. Video, From Blank Page to First Draft in One Conversation: https://www.clio.com/work/at-work/",An honest question,"<p>Hi {{first_name}},</p><p>Most privacy and information security firms have made peace with drafting each agreement from a prior template, tweaking defined terms by hand before the real review starts. Fair enough if that is just how it goes. If it is worth questioning, Clio Work does that first draft in minutes and flags what a data agreement is missing. Worth a look, or not a priority right now?</p><p>{{my.first_name}}<br>Clio</p>","Hi {{first_name}}, {{my.first_name}} at Clio. No pressure, just making sure the trial did not get lost. Clio Work is open for you: upload one privacy or data file, and it returns a structured first draft in about ten minutes, nothing to install. If it is easier, I can resend the signup link so you can start on a real file today. Want me to fire that over?","Hi {{first_name}}, {{my.first_name}} at Clio. The Clio Work trial is still open for you. Upload one of your own privacy files and see a structured first draft in about ten minutes, nothing to set up. Happy to resend the signup link if that helps. Talk soon.",One month free,"<p>Hi {{first_name}},</p><p>One thing worth knowing: if you buy Clio Work by July 31, 2026, you get one month free. It is the same AI firms across the country use every day to get the first draft of a privacy agreement done, and there is nothing to set up on your end.</p><p>If the timing works, I can <a href=""https://www.clio.com/work/signup/"">get you started</a> today.</p><p>{{my.first_name}}<br>Clio</p>","Hi {{first_name}}, {{my.first_name}} at Clio, last time I will call. If it is ever useful, Clio Work drafts your privacy and information security documents on its own, and you can see it on your own file in about ten minutes. One thing worth knowing: buy by July 31, 2026 and you get one month free. Happy to walk you through it live, or just send the trial. Which is easier for you?","Hi {{first_name}}, {{my.first_name}} at Clio, last message from me. Clio Work drafts your privacy documents on its own, nothing to set up, and you can try it on your own file. If you buy by July 31, 2026 you get one month free. Reply anytime and I will help you start.",Closing the loop,"<p>Hi {{first_name}},</p><p>I will stop here so I am not cluttering your inbox. If it is ever useful, Clio Work does the privacy and information security drafting and runs on its own, with nothing to set up. Upload one file and it returns a structured first draft in about ten minutes. <a href=""https://www.clio.com/work/signup/"">The 14-day trial</a> is here whenever you want it. Good luck with the work.</p><p>{{my.first_name}}<br>Clio</p>"
Tier 3,001OG00001GiDBCYA3,003OG00000XxXMbYAN,contact-email,Shea Griffin Attorney at Law,Criminal,,Texas,,Low/admin,20,0.8,,No Feedback / Unresponsive,,Suppress - recently worked,Shea,Griffin,sheagriffinlaw@protonmail.com,2148698117,,,,,,,,,Draft US | Manage | vLex,357.31,,,,,,,,FALSE,FALSE,,,,,,,,,,,,,,,No,No,,,No,TRUE,"email,call,linkedin",,"Shea Griffin Attorney at Law, criminal defense (Texas), prior Clio AI yes (Manage AI/vLex), channels: email, call, linkedin.",001OG00001GiDBCYA3," Shea Griffin Attorney at Law is a criminal defense firm in Texas that previously used Clio and churned under a no-feedback, unresponsive experience, so keep the pressure low and let an easy trial do the work. They held our earlier AI, Manage AI (previously Duo) and vLex, so never call the AI new: lead with how much more capable Clio Work is now and that it runs on its own without Manage, nothing to set up. Recommended Clio Work at Work video: Tearing Apart a Complaint in Under 2 Minutes. Channels open: email, calling, LinkedIn. Acknowledge the prior Clio Manage relationship once, in step 1 only.",your criminal defense work,"<p>Hi {{first_name}},</p><p>Criminal defense moves fast, and the first read of a complaint or motion is where hours vanish before you can build an answer. Back when you ran on Clio Manage, the AI you had was early. Clio Work is far more capable now, and it runs on its own without Manage, nothing to set up.</p><p>A two-minute example: <a href=""https://www.clio.com/work/at-work/"">Tearing Apart a Complaint in Under 2 Minutes</a>, where it reads a served complaint and pulls out every claim.</p><p>{{my.first_name}}<br>Clio</p>","Hi {{first_name}}, it is {{my.first_name}} at Clio, I will keep this short. We built a legal AI that does the actual work now: it reads a file you were served and pulls out the claims, the weak points, and the authority to answer them, in about two minutes. Nothing to set up, you upload one document and it starts. For criminal defense, that first pass is the slow part. Opposed to me sending a two-minute look?","Hi {{first_name}}, {{my.first_name}} at Clio. We built a legal AI that does the actual legal work now, and it runs on its own without the full subscription. It reads a document and starts, nothing to set up. Just sent you an email with a short video. Worth a look for a criminal defense firm.","{{first_name}}, we built a legal AI at Clio that does the actual work now and runs on its own, nothing to set up. Given your criminal defense practice, thought it was worth being on your radar. No pitch.",a free trial,"<p>Hi {{first_name}},</p><p>The honest way to judge Clio Work is on one of your own criminal defense files. Here is <a href=""https://www.clio.com/work/signup/"">the 14-day trial</a>. You upload a document, a motion or a discovery response, and it suggests what to do with it based on what is inside. You see a real result in about ten minutes. Nothing to install, no migration, no training first.</p><p>{{my.first_name}}<br>Clio</p>","Hi {{first_name}}, {{my.first_name}} at Clio again. I just sent over a 14-day trial so you can judge this on your own criminal defense work rather than my word for it. Upload a motion or a served complaint, it reads it and comes back with the claims, the holes, and the authority to respond, in about ten minutes. Nothing to set up on your end. Curious whether that is worth ten minutes for you?","Hi {{first_name}}, {{my.first_name}} at Clio. Just left you a 14-day trial by email so you can run Clio Work on one of your own files. Upload a document, see a real result in about ten minutes, nothing to set up. Give it a look when you have a minute.","{{first_name}}, if you have two minutes, this shows Clio Work reading a served complaint and pulling out every claim and weak point with cited authority: Tearing Apart a Complaint in Under 2 Minutes. https://www.clio.com/work/at-work/",an honest question,"<p>Hi {{first_name}},</p><p>Most criminal defense firms have made their peace with the slow part: reading every filing line by line, spotting the weak claims by hand, then digging for the authority to answer them. Fair enough if that is just how the work goes. If it is worth questioning, Clio Work does that first pass in minutes on your own file. Worth a look, or not a priority right now?</p><p>{{my.first_name}}<br>Clio</p>","Hi {{first_name}}, {{my.first_name}} at Clio. Quick one: the 14-day trial of Clio Work is still open on your end, and it takes about ten minutes to get a real result. Upload one criminal defense file, a motion or a complaint you were served, and it reads it and comes back with the claims and the authority to respond. Nothing to set up. I can resend the link now if that is useful. Want me to?","Hi {{first_name}}, {{my.first_name}} at Clio. The 14-day trial of Clio Work is still open for you. Upload one of your own files and you will see a real result in about ten minutes, nothing to set up. Happy to resend the link. Give me a call back when you get a chance.",one month free,"<p>Hi {{first_name}},</p><p>One thing worth knowing: if you buy Clio Work by July 31, 2026, you get one month free. It is the same AI criminal defense firms use every day to get the first pass on a filing done in minutes, and there is nothing to set up on your end.</p><p>If the timing works, I can <a href=""https://www.clio.com/work/signup/"">get you started</a> today.</p><p>{{my.first_name}}<br>Clio</p>","Hi {{first_name}}, {{my.first_name}} at Clio, last time I will reach out live. If Clio Work is worth ten minutes, I can either run it on one of your criminal defense files with you, or you can take the 14-day trial and try it yourself. And if you buy by July 31, 2026, you get one month free. Either way, nothing to set up. Would a quick look this week work, or should I close this out?","Hi {{first_name}}, {{my.first_name}} at Clio, one last try. Clio Work does the first pass on a criminal defense file in about ten minutes, and if you buy by July 31, 2026, you get one month free. I can run it with you or set you up on the trial. Give me a call back if it is worth a look.",closing the loop,"<p>Hi {{first_name}},</p><p>I will stop here so I am not cluttering your inbox. If it is ever useful, Clio Work reads a criminal defense file and does the first pass, the claims, the weak points, the authority to answer, and it runs on its own with nothing to set up. <a href=""https://www.clio.com/work/signup/"">The 14-day trial</a> is here whenever you want it.</p><p>Good luck with the docket.</p><p>{{my.first_name}}<br>Clio</p>"
Tier 1,001OG00001C5edJYAR,003OG00000RqFRfYAN,contact-email,Integra Life Care Planning LLC,Personal Injury,,Texas,,Winnable,55,2.1,,Product Related,,Suppress - recently worked,Marissa,Warren,marissa.warren@ilcp-tx.com,+1512-587-6193,,,,,,,,,Grow | Manage,338,2 to 4,,,,,,,FALSE,FALSE,,,,,,,,,,,,,,,No,No,,,No,FALSE,"email,call,linkedin",,"Integra Life Care Planning LLC, personal injury (Texas), no prior Clio AI; channels: email, call, LinkedIn.",001OG00001C5edJYAR," Integra Life Care Planning LLC is a personal injury firm in Texas that previously used Clio (Grow and Manage) and churned for a product-related reason, meaning the platform did not fit how the firm wanted to work. They did not have Clio's AI before, so Clio Work is genuinely new to them: lead on how it does the actual work and runs on its own, nothing to set up. Recommended Clio Work at Work video: X-Ray a Witness With AI-Analyzed Transcripts. Communication channels open: email, calling, LinkedIn. Acknowledge the prior relationship once, in step 1 only.",your personal injury work,"<p>Hi {{first_name}},</p><p>Back when you were on Clio Manage, everything ran through one platform to set up and learn. Clio Work is different: it reads one of your personal injury files and does the first pass, and runs on its own, nothing to migrate. Upload a document and it tells you what it can do. Two-minute example: <a href=""https://www.clio.com/work/at-work/"">X-Ray a Witness With AI-Analyzed Transcripts</a>, where it pulls key admissions and contradictions from a deposition with the exact page and line.</p><p>{{my.first_name}}<br>Clio</p>","Hi {{first_name}}, it is {{my.first_name}} at Clio, I will keep this short. This is not about the platform you used before. We built a legal AI that does the actual work now: you drop in a deposition and it comes back with the admissions, the contradictions, and the gaps, page and line. Nothing to set up on your end. For personal injury work, that reading is the slow part. Opposed to me sending you a two-minute look at it?","Hi {{first_name}}, {{my.first_name}} at Clio. We built a legal AI that reads a deposition and pulls the key admissions and contradictions for you, page and line, with nothing to set up. Just sent an email with a short video. Worth two minutes for a personal injury firm. Thanks {{first_name}}.","{{first_name}}, we built a legal AI at Clio that reads a deposition and returns the admissions, contradictions, and gaps for you, page and line, with nothing to set up. Thought it was worth being on your radar given your personal injury practice. No pitch.",a free trial,"<p>Hi {{first_name}},</p><p>The honest way to judge Clio Work is on one of your own personal injury files. Here is <a href=""https://www.clio.com/work/signup/"">the 14-day trial</a>. You upload a document, it suggests what to do with it, and you see a real result in about ten minutes. Nothing to install, no migration, and no platform to stand up first. Drop in a deposition or a demand letter and watch what comes back.</p><p>{{my.first_name}}<br>Clio</p>","Hi {{first_name}}, {{my.first_name}} at Clio again. I just sent you the 14-day trial link. The point of it is simple: take one of your own personal injury files, a deposition or a demand letter, upload it, and see what Clio Work does with it in about ten minutes. Nothing to set up, no migration, you are working on your own case in minutes. If you get a chance to try it, I would love to hear what it pulled back for you.","Hi {{first_name}}, {{my.first_name}} at Clio. Just emailed you the trial link. Upload one personal injury file and Clio Work shows you a real result in about ten minutes, nothing to set up. Give it a try when you have a moment and let me know what you think.","{{first_name}}, sharing the two-minute one I mentioned: it drops in a deposition transcript and returns the admissions, contradictions, and testimony gaps with the exact page and line. X-Ray a Witness With AI-Analyzed Transcripts. https://www.clio.com/work/at-work/",an honest question,"<p>Hi {{first_name}},</p><p>Most personal injury firms have made peace with reading every deposition line by line before anyone gets to case strategy. Fair enough if that is just how it goes. If it is worth questioning, Clio Work reads the transcript and surfaces the admissions and contradictions in minutes, on your own file. Worth a look, or not a priority right now?</p><p>{{my.first_name}}<br>Clio</p>","Hi {{first_name}}, {{my.first_name}} at Clio. Not trying to be a pest, just want to make sure you have what you need. The trial for Clio Work is still open, and it takes about ten minutes: upload one of your personal injury files and it does the first pass right there. Nothing to install. If it is easier, I can resend the link so it is at the top of your inbox. Want me to send it over again?","Hi {{first_name}}, {{my.first_name}} at Clio. The Clio Work trial is still open whenever you want it. Upload one personal injury file and see a real result in about ten minutes, nothing to set up. Happy to resend the link, just say the word. Thanks {{first_name}}.",one month free,"<p>Hi {{first_name}},</p><p>One thing worth knowing: if you buy Clio Work by July 31, 2026, you get one month free. It is the same legal AI that personal injury firms use every day to get the first pass on a file done, and there is nothing to set up on your end. If the timing works, I can <a href=""https://www.clio.com/work/signup/"">get you started</a> today.</p><p>{{my.first_name}}<br>Clio</p>","Hi {{first_name}}, {{my.first_name}} at Clio, last time I will reach out live. If it is useful, I can run Clio Work on one of your own personal injury files in about ten minutes and you can see exactly what it does with a deposition, no setup on your side. There is also one month free if you buy by July 31. If a quick look this week works, I will set it up. Otherwise I will leave you to the caseload.","Hi {{first_name}}, {{my.first_name}} at Clio. Last live try from me. Happy to run Clio Work on one of your personal injury files in about ten minutes, and there is one month free if you buy by July 31. Give me a call back if a quick look works. Thanks {{first_name}}.",closing the loop,"<p>Hi {{first_name}},</p><p>I will stop here so I am not cluttering your inbox. If it is ever useful, Clio Work reads a personal injury file and does the actual work, and it runs on its own with nothing to set up. Upload one deposition or demand letter and you see a real result in about ten minutes. <a href=""https://www.clio.com/work/signup/"">The 14-day trial</a> is here whenever you want it. Good luck with the caseload.</p><p>{{my.first_name}}<br>Clio</p>"
Tier 1,001OG00000i42gDYAQ,003OG00000CSNfVYAX,contact-email,Legacy and Levy LLC,Wills & Estates,,Alaska,,Neutral/unknown,50,11.4,,Firm Related,,Untapped,JB,Brainerd,jb@legacyandlevy.law,907-987-9378,,,,,,,,,Grow | Manage,318,,,,,,,,FALSE,FALSE,,,,,,,,,,,,,,,No,No,,,No,FALSE,"email,call,linkedin",,"Legacy and Levy LLC, wills and estates, Alaska. Prior Clio AI: no (new to them). Churn: Firm Related. Channels: email, call, LinkedIn. No blanks to fill.",001OG00000i42gDYAQ," Legacy and Levy LLC is a wills and estates firm in Alaska that previously used Clio Manage and churned for firm-related reasons, so confirm they are still actively practicing before leaning in; if active, the angle is that Clio Work covers estate drafting capacity when they are short-handed. They did not use Clio's AI before, so this is genuinely new to them: lead with the fact that it is a separate, standalone tool with nothing to set up, train on, or migrate. Recommended Clio Work at Work video: From Blank Page to First Draft in One Conversation. Communication channels open: email, calling, LinkedIn. Acknowledge the prior Clio Manage relationship once, in step 1 only.",your estate drafting,"<p>Hi {{first_name}},</p><p>The drafting is the slow part of estate work. Clio Work does the first pass and runs on its own, nothing to set up. Back when you were on Clio Manage, that meant a whole platform; this is one tool, starting from one document.</p><p>Two-minute look: <a href=""https://www.clio.com/work/at-work/"">From Blank Page to First Draft in One Conversation</a>, where you describe the matter in plain language and it returns a structured first draft with jurisdiction-specific language and defined terms.</p><p>{{my.first_name}}<br>Clio</p>","Hi {{first_name}}, it is {{my.first_name}} at Clio, I will be quick. We built an AI that does the legal work now, not just the admin. You upload one estate document and it gets going, nothing to set up. For drafting, that is the slow part. Opposed to me sending a two-minute look?","Hi {{first_name}}, {{my.first_name}} at Clio. We built a legal AI that does the drafting now, and it runs on its own. Just sent you an email with a short video. Worth a look for an estate firm.","{{first_name}}, we built a legal AI at Clio that does the drafting now and runs on its own, nothing to set up. Thought it was worth being on your radar given your wills and estates practice. No pitch.",a free trial,"<p>Hi {{first_name}},</p><p>The honest way to judge Clio Work is on one of your own estate files, not a slide deck. Here is <a href=""https://www.clio.com/work/signup/"">the 14-day trial</a>. You upload a will or trust document, it suggests what to do with it, and you see a real draft in about ten minutes. Nothing to install, no migration, and no prompt to figure out first.</p><p>{{my.first_name}}<br>Clio</p>","Hi {{first_name}}, {{my.first_name}} at Clio again. Clio Work reads one of your estate files and does the first pass, and there is nothing to set up. I just sent over a 14-day trial you can run on your own document. Worth trying this week?","Hi {{first_name}}, {{my.first_name}} at Clio. I just sent a 14-day trial for Clio Work. Upload one estate file and you see a real draft in about ten minutes. Give it a look when you have a moment.","{{first_name}}, quick two-minute watch if it is useful: you describe a matter in plain language and Clio Work returns a structured first draft with jurisdiction-specific language. https://www.clio.com/work/at-work/",an honest question,"<p>Hi {{first_name}},</p><p>Most wills and estates firms have made peace with drafting and revising the documents eating most of the day before anyone gets to the client. Fair enough if that is just how it goes. If it is worth questioning, Clio Work does that first pass in minutes from your own file. Worth a look, or not a priority right now?</p><p>{{my.first_name}}<br>Clio</p>","Hi {{first_name}}, {{my.first_name}} at Clio. No pressure at all. The Clio Work trial is still open, and the honest test is one of your own estate files. Upload it, see a first draft in about ten minutes. Want me to resend the link?","Hi {{first_name}}, {{my.first_name}} at Clio. The 14-day trial for Clio Work is still open whenever you want it. Upload one estate file and see what it drafts. I will resend the link by email.",one month free,"<p>Hi {{first_name}},</p><p>One thing worth knowing: if you buy Clio Work by July 31, 2026, you get one month free. It is the same AI that estate firms across the country use to get the first draft done, and there is nothing to set up on your end, you just upload a file.</p><p>If the timing works, I can <a href=""https://www.clio.com/work/signup/"">get you started</a> today.</p><p>{{my.first_name}}<br>Clio</p>","Hi {{first_name}}, {{my.first_name}} at Clio, last time I will call. If you buy Clio Work by July 31, you get one month free. I can run it on one of your estate files in ten minutes, or just send the trial. Which is easier for you?","Hi {{first_name}}, {{my.first_name}} at Clio. Quick one: buy Clio Work by July 31 and you get one month free. Happy to show it on your own file, or send the trial. Let me know what works.",closing the loop,"<p>Hi {{first_name}},</p><p>I will stop here so I am not cluttering your inbox any further. If it is ever useful, Clio Work does the estate drafting for you and runs on its own, with nothing to set up and nothing to migrate. <a href=""https://www.clio.com/work/signup/"">The 14-day trial</a> is here whenever you want it, on one of your own matters.</p><p>Good luck with the work.</p><p>{{my.first_name}}<br>Clio</p>"
Tier 1,001OG000013JJRMYA4,003OG00000HiCbbYAF,contact-email,Ardina Law,Immigration,,California,,Winnable,70,12.9,,Firm Related,No Time To Learn,Untapped,Armen,Margarian,armen@ardinalaw.com,13107508181,,,,,,,,,Manage,278,2 to 4,,,,,,,FALSE,FALSE,,,,,,,,,,,,,,,No,No,,,No,FALSE,"email,call,linkedin",,"Ardina Law, immigration, California. Prior Clio AI: No (genuinely new). Channels: email, call, LinkedIn. Churn: Firm Related / No Time To Learn. Nothing to fill.",001OG000013JJRMYA4,"Ardina Law is an immigration firm in California that previously used Clio Manage; they did not have our earlier AI (Manage AI, previously Duo, or vLex), so Clio Work is genuinely new to them. Churn was logged as Firm Related with a secondary reason of No Time To Learn, so the whole cadence leads with how little there is to learn: upload one document and Clio Work starts, with no setup, training, or migration. Recommended Clio Work at Work video: 'Contract Review That Doesn't Miss the Buried Clause', which shows you upload a contract and it returns obligations, risk clauses by severity, unusual provisions, and the standard protections that are missing. Open channels are email, calling, and LinkedIn.",The buried clause,"<p>Hi {{first_name}},</p><p>Immigration work runs on documents, and every contract hides a clause that can change the case. Back when you were on Clio Manage, that close reading sat with your team.</p><p>Clio Work does it now. Upload one file and it starts, with nothing to set up first. This short video, <a href=""https://www.clio.com/work/at-work/"">Contract Review That Doesn't Miss the Buried Clause</a>, shows it: you upload a contract and it returns obligations, risk clauses by severity, and the standard protections that are missing. Worth a look?</p><p>{{my.first_name}}<br>Clio</p>","Hi {{first_name}}, this is {{my.first_name}} at Clio. I know immigration firms live in documents, so I wanted to share something that reads them for you. Clio Work is our standalone legal AI. You upload one contract or petition and it flags obligations, risky clauses, and the protections that are missing, in about ten minutes. There is nothing to set up, train on, or migrate. Would it be worth a short call this week to show you on one of your own files?","Hi {{first_name}}, {{my.first_name}} at Clio. Clio Work reads your contracts and petitions and flags the buried clauses and missing protections, with nothing to set up first. I sent a short email with a quick video. Give it a look when you have a minute. Thanks.","Hi {{first_name}}, immigration cases turn on one buried clause. Clio Work reads a contract and flags obligations, risky clauses, and missing protections in minutes, with nothing to set up. Happy to show you on your own file. Open to it? {{my.first_name}}","One file, ten minutes","<p>Hi {{first_name}},</p><p>The fastest way to judge Clio Work is on a document you already know. Pull one contract or petition, upload it, and read what comes back: obligations, risk clauses by severity, and the standard protections that are missing.</p><p>You can run <a href=""https://www.clio.com/work/signup/"">the 14-day trial</a> on one of your own files and see a real result in about ten minutes. Nothing to install or migrate, because the document itself is the prompt.</p><p>{{my.first_name}}<br>Clio</p>","Hi {{first_name}}, {{my.first_name}} at Clio again. I will keep this to one idea: the best test of Clio Work is one of your own files. You upload a contract, and it hands back obligations, risky clauses ranked by severity, and the protections that should be there but are not. You would see it inside ten minutes, with nothing to set up. Can I get you started on the trial this week?","Hi {{first_name}}, {{my.first_name}} at Clio. Best way to see Clio Work is to run it on one of your own contracts. You get a real result in about ten minutes with nothing to install. I will resend the trial link. Thanks, {{first_name}}.","Hi {{first_name}}, the clearest way to see Clio Work is on your own file: upload a contract, get obligations, risky clauses, and missing protections back. This page shows how. https://www.clio.com/work/at-work/ {{my.first_name}}",Reading every page yourself,"<p>Hi {{first_name}},</p><p>Most immigration firms still read each contract and petition line by line, catching the buried clauses and the missing protections by hand. It works, and your team has made peace with the hours it takes.</p><p>I only wonder whether that is still the best use of your attorneys' time, or whether having a first pass done for you would help. No pitch here, just an honest question.</p><p>Worth a look, or not a priority right now? Either answer is useful to me.</p><p>{{my.first_name}}<br>Clio</p>","Hi {{first_name}}, {{my.first_name}} at Clio. I do not want to be a pest, so this is a quick one. Immigration teams spend real hours reading contracts and petitions for the one clause that matters. Clio Work does that first pass for you and hands back what needs a lawyer's eye. If that is worth ten minutes, I can show you on your own file. If it is not the right time, just tell me and I will step back.","Hi {{first_name}}, {{my.first_name}} at Clio. Just checking whether a first pass on your contracts and petitions would help your team. If it is worth a quick look, reply to my email. If not, no problem at all. Thanks, {{first_name}}.",One month free,"<p>Hi {{first_name}},</p><p>Quick heads-up in case the timing helps. If you start Clio Work by July 31, 2026, you get one month free.</p><p>It is still the same easy start: upload one contract or petition and it returns obligations, risk clauses by severity, and the protections that are missing, with nothing to set up. You can begin with <a href=""https://www.clio.com/work/signup/"">the 14-day trial</a> and see a real result on your own file in about ten minutes. Happy to walk you through it if that is easier.</p><p>{{my.first_name}}<br>Clio</p>","Hi {{first_name}}, {{my.first_name}} at Clio. One useful note: if you start Clio Work by July 31, you get one month free. The start is still simple, you upload one of your own contracts and it hands back the obligations, risky clauses, and missing protections in about ten minutes. If you want, I can get you set up this week so the deadline is not a rush. Does a short call work?","Hi {{first_name}}, {{my.first_name}} at Clio. If you start Clio Work by July 31 you get one month free. It runs on your own contracts with nothing to set up. Reply to my email and I will help you get going before the deadline. Thanks, {{first_name}}.",Last note from me,"<p>Hi {{first_name}},</p><p>I will leave it here so I am not cluttering your inbox. The offer stands: Clio Work reads your contracts and petitions and returns obligations, risk clauses by severity, and the protections that are missing, with nothing to set up or migrate.</p><p>If the manual reading ever feels like too much of your team's day, the door is open. You can run it on one of your own files whenever you like through <a href=""https://www.clio.com/work/signup/"">the 14-day trial</a>. Thanks for the time, {{first_name}}.</p><p>{{my.first_name}}<br>Clio</p>"
Tier 1,001OG00000qDQtEYAW,003OG00000EFsMiYAL,contact-email,Brad Jubber Legal,Intellectual Property,,Wisconsin,,Neutral/unknown,50,7.1,,Service Experience & Expectations,Quality Of Service,Suppress - recently worked,Brad,Jubber,brad.jubber@outlook.com,+1 858-205-8813,,,,,,,,,Duo | Manage,268.2,,,,,,,,FALSE,FALSE,,,,,,,,,,,,,,,No,No,,,No,TRUE,"email,call,linkedin",,"Brad Jubber Legal, intellectual property, Wisconsin. Prior Clio AI: yes (held Manage AI/vLex, so frame as far more capable now and standalone, no setup). Channels: email, call, LinkedIn. Video: Contract Review That Doesn't Miss the Buried Clause. Free-month offer live on steps 9 and 10, buy by July 31, 2026. No blanks to fill.",001OG00000qDQtEYAW,"Brad Jubber Legal is a solo/boutique intellectual property firm in Wisconsin that previously ran on Clio Manage and held our earlier AI (Manage AI, previously Duo, on the vLex corpus). They churned on Service Experience & Expectations with a secondary of Quality Of Service, so the angle is that Clio Work is a different, standalone product that stands on its own without Manage and asks nothing of them up front: upload one document and it starts. Do not reintroduce the AI as new; position it as far more capable now and no longer tied to Manage. Recommended Clio Work at Work video: Contract Review That Doesn't Miss the Buried Clause, which shows a contract coming back with obligations, risk clauses by severity, unusual provisions, and the standard protections that are missing. Open channels: email, calling, and LinkedIn.",The buried clause problem,"<p>Hi {{first_name}},</p><p>In IP work, one buried indemnity clause can undo an otherwise clean filing. Back when you were on Clio Manage, our AI was tied to it. It runs on its own now and is far more capable, with nothing to set up. This shows what that looks like: <a href=""https://www.clio.com/work/at-work/"">Contract Review That Doesn't Miss the Buried Clause</a>. Upload a contract and it flags obligations, risk clauses by severity, and the standard protections that are missing. Worth a look?</p><p>{{my.first_name}}<br>Clio</p>","Hi {{first_name}}, this is {{my.first_name}} at Clio. I will keep it to twenty seconds. You held our AI back when it was part of Manage. It is a separate product now, far more capable, and it runs on its own with nothing to set up. For an IP practice the useful part is contract review: you upload one agreement and it comes back with the obligations, the risk clauses ranked by severity, and the protections that should be there but aren't. Is catching the buried clause faster something worth two minutes on a call this week?","Hi {{first_name}}, {{my.first_name}} at Clio. The AI you knew inside Manage stands on its own now and is much stronger, especially for reading IP contracts and flagging what's buried or missing. Nothing to set up. I will send a short note so you have it in writing. Thanks {{first_name}}.","Hi {{first_name}}, the AI you used at Clio is a standalone product now, far more capable, and it reads IP contracts to flag obligations, risk by severity, and the protections that are missing. Nothing to set up. Open to a quick look? {{my.first_name}}",Try one contract,"<p>Hi {{first_name}},</p><p>IP filings turn on details a fast read misses, and that pressure never really lets up. Clio Work reads your own files and does the legal work: pull one agreement and it flags the risk clauses and the protections that should be there but aren't. You can try it on a real matter of yours through <a href=""https://www.clio.com/work/signup/"">the 14-day trial</a>, and see a genuine result in about ten minutes. Nothing to install first. Does that sound worth a quick test?</p><p>{{my.first_name}}<br>Clio</p>","Hi {{first_name}}, {{my.first_name}} at Clio again, last thing and I will let you go. The easiest way to judge this is to run it on one of your own contracts rather than watch me talk. You upload the document, it becomes the prompt, and in about ten minutes you see the obligations, the risk clauses by severity, and the standard protections that are missing. Nothing to install, no migration. Want me to send you the link so you can try it on a real matter when you have a spare ten minutes?","Hi {{first_name}}, {{my.first_name}} at Clio. Best way to see if Clio Work fits your IP work is to run it on one of your own agreements, about ten minutes, nothing to install. I will email you the link so you can try it whenever suits. Talk soon {{first_name}}.","Hi {{first_name}}, short clip on how it reads a contract and returns obligations, risk by severity, and the protections that are missing: https://www.clio.com/work/at-work/ You upload one document and it starts, nothing to set up. Worth two minutes? {{my.first_name}}",How contracts get read,"<p>Hi {{first_name}},</p><p>Most IP practices still review long agreements line by line, one lawyer, one clause at a time, because that has always been the safe way to catch the thing that matters. It works, until a busy week compresses the read. I am not going to pitch you here. Is a faster first pass on contracts worth a look, or just not a priority right now?</p><p>{{my.first_name}}<br>Clio</p>","Hi {{first_name}}, {{my.first_name}} at Clio. Not chasing, just one useful thing. The firms that get the most out of this start with the messy inbound contract, the one drafted by the other side, because that is where the buried clause hides. You upload it and Clio Work ranks the risk clauses and points out the protections that are missing, in minutes. If that is worth a short call this week, tell me and I will set it up. If not, I will stop reaching out. Fair?","Hi {{first_name}}, {{my.first_name}} at Clio. If you ever get a contract from the other side that you don't fully trust, that is the moment Clio Work earns its keep, ranking the risk and flagging what's missing in minutes. Let me know if a quick call is worth it. Thanks {{first_name}}.",One month free,"<p>Hi {{first_name}},</p><p>Quick one with a deadline attached. Clio Work can take the first read on your contracts: upload one and it returns obligations, risk clauses by severity, and the protections that are missing. If you start with <a href=""https://www.clio.com/work/signup/"">the 14-day trial</a> and buy by July 31, 2026, you get one month free on top. It runs on one of your own files, no migration, a real result in minutes. Want me to send the details?</p><p>{{my.first_name}}<br>Clio</p>","Hi {{first_name}}, {{my.first_name}} at Clio. One reason to move now: if you pick up Clio Work by July 31, you get one month free on top of the trial. The trial itself is fourteen days and you run it on your own contracts, so you are judging it on real work, not a demo. Nothing to set up, upload a document and it starts. Do you want me to walk you through getting started, or send the signup so you can do it on your own time?","Hi {{first_name}}, {{my.first_name}} at Clio. Quick heads up: buy Clio Work by July 31 and you get one month free on top of the trial. You run it on your own contracts, nothing to set up. I will email the link so you can start when it suits. Thanks {{first_name}}.",Leaving it here,"<p>Hi {{first_name}},</p><p>Last note from me. If catching the buried clause on your IP contracts is worth ten minutes, run Clio Work on one of your own agreements and see what it flags. It reads the file and does the work, nothing to set up first. You can start with <a href=""https://www.clio.com/work/signup/"">the 14-day trial</a> whenever the timing suits you. If it is not the moment, no problem, and I will leave it here.</p><p>{{my.first_name}}<br>Clio</p>"
Tier 1,001A000001WVpcmIAD,003A0000027EzUcIAK,contact-email,Greensboro Law Center,Family,,North Carolina,,Winnable,55,2.3,,Firm Related,No Time To Learn,Untapped,Lisa,Clark,lisa@greensborolawcenter.com,3364786000,,,,,,,,,Manage,267.3,,,,,,,,FALSE,FALSE,,,,,,,,,,,,,,,No,No,,,No,FALSE,"email,call,linkedin",,"Greensboro Law Center, family law, North Carolina. Prior Clio AI: no (Clio Work is new to them). Channels open: email, call, LinkedIn. Left Clio Manage; churn reason firm-related plus no time to learn, so lead with the no-setup angle. Free-month offer allowed steps 9 and 10, buy-by July 31, 2026. Nothing to fill.",001A000001WVpcmIAD,"Greensboro Law Center is a family law firm in North Carolina that previously subscribed to Clio Manage. They did not use our earlier AI, so Clio Work is genuinely new to them. Churn was logged as Firm Related with a secondary reason of No Time To Learn, so the angle is that Clio Work is standalone with nothing to set up, train on, or migrate: upload one document and it starts. Recommended Clio Work at Work video: Tearing Apart a Complaint in Under 2 Minutes. Open channels: email, calling, and LinkedIn.",A served complaint,"<p>Hi {{first_name}},</p><p>When a complaint lands on a family matter, someone at the firm reads it line by line before anyone can respond.</p><p>Clio Work does that read for you. This is new since you were on Clio Manage: standalone AI with nothing to set up. This short video, <a href=""https://www.clio.com/work/at-work/"">Tearing Apart a Complaint in Under 2 Minutes</a>, pulls every claim, its legal basis, the weak points, and counter-arguments with cited authority.</p><p>Worth a look?</p><p>{{my.first_name}}<br>Clio</p>","Hi {{first_name}}, this is {{my.first_name}} at Clio. I will be quick. When a complaint comes in on a custody or support matter, someone there has to read the whole thing before you can plan a response. There is a new standalone Clio product, Clio Work, that does that first read for you and lays out every claim with cited authority in a couple of minutes. Nothing to install or learn first. Could I send you a two minute video so you can see it on a real filing?","Hi {{first_name}}, it is {{my.first_name}} at Clio. Quick reason for the call: there is a new standalone Clio product that reads a served complaint and pulls out every claim with cited authority in about two minutes, with nothing to set up. I will send a short email so you can see it. Thanks {{first_name}}.","Hi {{first_name}}, on family matters a served complaint has to be read closely before anyone can respond. Clio has a new standalone AI that does that first pass and cites the authority behind each claim, with nothing to set up. Open to a quick look? {{my.first_name}}",Try one file,"<p>Hi {{first_name}},</p><p>The fastest way to judge this is on your own matter, not a demo deck.</p><p>Clio Work is standalone AI: you upload one document and it starts, then suggests what to do with it based on what is in it. No setup first. Drop in a complaint or a financial affidavit and you have a real result in about ten minutes.</p><p>Here is <a href=""https://www.clio.com/work/signup/"">the 14-day trial</a> if you want to run it on one file this week.</p><p>{{my.first_name}}<br>Clio</p>","Hi {{first_name}}, {{my.first_name}} at Clio again. I sent over a way to test Clio Work on one of your own files. The idea is you upload a single document, a complaint or a financial affidavit, and it reads it and suggests next steps in about ten minutes. Nothing to configure first. I did not want it to sit in your inbox unnoticed. Does trying it on one matter this week sound worth a few minutes?","Hi {{first_name}}, {{my.first_name}} at Clio. I sent a link to try Clio Work on one of your own files, upload a document and it reads it and suggests next steps in about ten minutes. No setup. Take a look when you have a moment and let me know. Thanks {{first_name}}.","Hi {{first_name}}, if you want to see Clio Work before we talk, this page walks through it on real family filings: https://www.clio.com/work/at-work/ . Upload one document and it starts, nothing to set up. Happy to answer anything. {{my.first_name}}",The manual first read,"<p>Hi {{first_name}},</p><p>Most family firms have made peace with the same thing: every new complaint, motion, and financial affidavit gets read start to finish by hand before anyone can act on it. It is just how the work has always moved, and it eats the first hour of a matter.</p><p>I am not going to pitch you here. I will just ask: is that worth a look for your firm, or not a priority right now?</p><p>{{my.first_name}}<br>Clio</p>","Hi {{first_name}}, {{my.first_name}} at Clio. No agenda beyond one question. On family matters, the first read of every complaint and affidavit still happens by hand, and it eats the front end of the case. Clio Work does that pass and cites the authority behind each point, with nothing to set up. Is that something worth ten minutes to see, or is now just not the right time? Either answer is genuinely fine.","Hi {{first_name}}, {{my.first_name}} at Clio. Just following the note I sent about the manual first read on every new filing. If seeing Clio Work handle that is worth a few minutes, let me know, and if the timing is off that is fine too. Thanks {{first_name}}.",One month free,"<p>Hi {{first_name}},</p><p>Family caseloads tend to spike, and the reading piles up fastest when you have the least time for it.</p><p>Clio Work reads a served complaint or affidavit and lays out every claim with cited authority in minutes, with nothing to set up. If your firm buys by July 31, 2026, you get one month free.</p><p>You can start on <a href=""https://www.clio.com/work/signup/"">the 14-day trial</a> and run it on one of your own files first.</p><p>{{my.first_name}}<br>Clio</p>","Hi {{first_name}}, {{my.first_name}} at Clio. One quick thing before it passes. If Greensboro Law Center picks up Clio Work by July 31st, you get one month free. You can still start on the trial and run it on a real complaint or affidavit first, so you see it work before you decide. It reads the filing and cites the authority behind each claim in minutes, with nothing to set up. Want me to send the link again so you can catch that date?","Hi {{first_name}}, {{my.first_name}} at Clio. Quick heads up: buy Clio Work by July 31st and you get one month free. You can try it on one of your own files first. I will resend the link. Give me a shout with any questions. Thanks {{first_name}}.",Closing the loop,"<p>Hi {{first_name}},</p><p>I will leave this here for now. If the first read of every complaint and affidavit is still landing on someone at the firm, Clio Work can take that pass and cite the authority behind each claim in minutes.</p><p>There is nothing to set up: upload one document and it starts. If you ever want to test it on a real matter, <a href=""https://www.clio.com/work/signup/"">the 14-day trial</a> is the easiest way in.</p><p>{{my.first_name}}<br>Clio</p>"
Tier 3,0012G00001WCDydQAH,0032G000027iGSdQAM,contact-email,Mundell Odlum & Haws,Civil Litigation,,California,,Neutral/unknown,25,5.8,,Firm Related,Firm Buy-in,Suppress - recently worked,Michael,Wright,mwright@mohlaw.com,909-890-9500,,,,,,,,,Court Rules | Draft | Duo | Manage,266.5,,,,,,,,FALSE,FALSE,,,,,,,,,,,,,,,No,Yes,,,No,TRUE,"email,call,linkedin",,"Mundell Odlum & Haws, civil litigation, California. Prior Clio AI: yes (held Manage AI, previously Duo, and vLex). Channels: email, call, LinkedIn. One month free allowed steps 9 and 10, buy by July 31, 2026. No blanks to fill.",0012G00001WCDydQAH,"Mundell Odlum & Haws is a California civil litigation firm that previously ran on Clio Manage and held our earlier legal AI, Manage AI (previously Duo) and vLex. The churn reason is Firm Related, with a secondary of Firm Buy-in, so the departure was driven by internal firm dynamics rather than the product itself, and getting the partners aligned will matter more than a feature pitch. Lead with the fact that Clio Work is now a standalone product that is far more capable than the AI they saw before and runs on its own with no Manage subscription: upload one document and it starts, nothing to set up, train on, or migrate. Recommended Clio Work at Work video: Tearing Apart a Complaint in Under 2 Minutes, which reads a served complaint and pulls every claim, the legal basis, the weak points, and counter-arguments with cited authority in about two minutes. Open channels: email, calling, and LinkedIn.",The AI you saw,"<p>Hi {{first_name}},</p><p>Back when your firm was on Clio Manage, our AI rode along inside it. It is a different tool now, far more capable, and it runs on its own with nothing to set up. Upload a complaint you were served and it starts. This short video, <a href=""https://www.clio.com/work/at-work/"">Tearing Apart a Complaint in Under 2 Minutes</a>, pulls every claim, the legal basis, weak points, and counter-arguments with cited authority in about two minutes. Worth a look?</p><p>{{my.first_name}}<br>Clio</p>","Hi {{first_name}}, it is {{my.first_name}} at Clio. The AI your firm saw before is its own product now and far more capable. It does the litigation reading for you: hand it a complaint you were served and in about two minutes it maps every claim, the legal basis, and the weak points with cited authority. Nothing to install, nothing to migrate. Are you open to a quick look this week?","Hi {{first_name}}, {{my.first_name}} at Clio. The AI your firm saw before is now its own product, much more capable, and it reads a served complaint and pulls every claim and counter-argument in about two minutes. I will send a short note. Talk soon.","Hi {{first_name}}, the Clio AI your firm saw before is its own product now and far more capable. Hand it a complaint you were served and it maps every claim and the weak points in about two minutes, nothing to set up. Open to a quick look? {{my.first_name}}",The first pass,"<p>Hi {{first_name}},</p><p>Most of the hours in a civil litigation matter go into reading what the other side filed and pulling apart every claim before you respond. Clio Work does that first pass for you. Upload one document and it starts, no setup, and it suggests what to do next based on what is in the file. You can run it on one of your own matters during the 14-day trial and see a real result in about ten minutes. Want <a href=""https://www.clio.com/work/signup/"">the 14-day trial</a>?</p><p>{{my.first_name}}<br>Clio</p>","Hi {{first_name}}, {{my.first_name}} at Clio again. Quick one: in your civil litigation work, the slow part is reading the other side's filing and breaking down every claim before you draft. Clio Work reads it and hands you the claims, the legal basis, and the counter-arguments with authority in about two minutes. You can try it on one of your own files in the trial, no setup. Does a short call this week work to walk through it?","Hi {{first_name}}, {{my.first_name}} at Clio. Clio Work reads the other side's filing and breaks down every claim in about two minutes, and you can run it on one of your own matters. I will follow up by email. Thanks.","Hi {{first_name}}, a two minute look at what Clio Work does with a served complaint: it pulls every claim, the legal basis, and counter-arguments with cited authority. https://www.clio.com/work/at-work/ Happy to answer anything. {{my.first_name}}",Reading every filing,"<p>Hi {{first_name}},</p><p>Most civil litigation firms have made peace with reading each filing line by line, marking up every claim by hand, and building the response from a blank page. It is how the work gets done, and your team is good at it. What has changed is that a tool can now take that first pass off your desk and hand you the claims and counter-arguments to react to. Worth a look, or not a priority right now?</p><p>{{my.first_name}}<br>Clio</p>","Hi {{first_name}}, {{my.first_name}} at Clio. I know getting the partners on the same page about a new tool takes more than one look, so I will keep this simple. Clio Work reads a served complaint and hands your team every claim and counter-argument with authority in about two minutes, and there is nothing to set up. If it helps, I can share it in a form your partners can review on their own time. Would that be useful?","Hi {{first_name}}, {{my.first_name}} at Clio. Just checking if a short look at Clio Work would be worth your time, or something to bring to your partners. It reads a filing and pulls every claim in about two minutes. Give me a call back when you can.",One month free,"<p>Hi {{first_name}},</p><p>One thing that may help your team decide: if you start with Clio Work by July 31, 2026, you get one month free. You can run it on one of your own civil litigation matters during the 14-day trial first, upload a document and it begins, and see a real result in about ten minutes. No setup and nothing to migrate, so there is little to lose in trying it on a live file. Here is <a href=""https://www.clio.com/work/signup/"">the 14-day trial</a>.</p><p>{{my.first_name}}<br>Clio</p>","Hi {{first_name}}, {{my.first_name}} at Clio. Quick reminder that if the firm starts with Clio Work by July 31, you get one month free. The easiest way to judge it is to upload one of your own filings and watch it pull the claims and counter-arguments in about two minutes. No setup on your end. Want me to point you to the trial so you can run it on a real matter before the date?","Hi {{first_name}}, {{my.first_name}} at Clio. If you start with Clio Work by July 31 you get one month free, and you can try it on one of your own filings first. Call me back and I will get you set up. Thanks {{first_name}}.",Last note from me,"<p>Hi {{first_name}},</p><p>I will leave it here for now. If reading the other side's filings and breaking down every claim is still eating your team's hours, Clio Work does that first pass in about two minutes and needs no setup. The simplest test is to upload one of your own matters and see what it gives back. If it is not the right time, no worries at all. Whenever you want to try it, here is <a href=""https://www.clio.com/work/signup/"">the 14-day trial</a>.</p><p>{{my.first_name}}<br>Clio</p>"
Tier 2,001OG000019KRciYAG,003OG00000MSPrfYAH,contact-email,Fieldstonelegal,Civil Litigation,,Massachusetts,,Winnable,35,4,,Product Related,Integrations Issues,Suppress - recently worked,Linda,Tvrdy,ltvrdy@fieldstone-legal.com,(413) 717-8544,,,,,,,,,Accountant User | Accounting | Draft US | Duo | Grow | Manage,258.3,,,,,,,,FALSE,FALSE,,,,,,,,,,,,,,,Yes,No,,,No,TRUE,"email,call,linkedin",,"Fieldstonelegal, civil litigation, Massachusetts. Prior Clio AI: yes (held Manage AI/vLex). Channels: email, call, LinkedIn. No blanks to fill. Angle: standalone Clio Work, nothing to set up, train, or migrate.",001OG000019KRciYAG,"Fieldstonelegal is a civil litigation firm in Massachusetts that previously used Clio Manage and held our earlier AI (Manage AI, previously Duo, on the vLex corpus). They churned for product-related reasons with secondary integration issues, so the pitch is that Clio Work is a different, standalone product with nothing to set up, train on, or migrate: you upload one document and it starts. Lead with the recommended Clio Work at Work video, Tearing Apart a Complaint in Under 2 Minutes, which reads a served complaint and pulls every claim, legal basis, weak points, and counter-arguments with cited authority. Email, calling, and LinkedIn are all open for this contact.","A complaint, two minutes","<p>Hi {{first_name}},</p><p>A complaint arrives and someone on your civil litigation team loses an afternoon breaking down every claim. The AI you had back on Clio Manage does that alone now, far more capable, with nothing to set up. This video, <a href=""https://www.clio.com/work/at-work/"">Tearing Apart a Complaint in Under 2 Minutes</a>, reads a complaint you were served and pulls every claim, the legal basis, weak points, and counter-arguments with cited authority, in about two minutes. Worth a look?</p><p>{{my.first_name}}<br>Clio</p>","Hi {{first_name}}, this is {{my.first_name}} at Clio. I will be quick. When a complaint or a set of interrogatories comes in, how much of the first read still lands on an attorney marking up every claim by hand? The reason I ask: Clio Work now reads a served complaint on its own and pulls every claim, the legal basis, and the weak points with cited authority in about two minutes. Standalone, nothing to set up. Would it be worth ten minutes to show you on one of your own files?","Hi {{first_name}}, {{my.first_name}} at Clio. Quick one about the first read on complaints your civil litigation team handles. Clio Work now does that on its own in about two minutes, nothing to set up. I will send a short note with an example. Talk soon.","Hi {{first_name}}, saw Fieldstonelegal handles civil litigation. The AI you knew on Clio is far more capable now, reading a complaint and pulling every claim in about two minutes. Worth a look? {{my.first_name}}",Upload one file,"<p>Hi {{first_name}},</p><p>Picture uploading one motion and getting back a clean read minutes later: no import, no training, no account to migrate. That is where Clio Work starts. You upload one document and it begins, suggesting what to do based on what is in it. The document is the prompt. You can run <a href=""https://www.clio.com/work/signup/"">the 14-day trial</a> on one of your own civil litigation files and see a real result in about ten minutes. Want to try it?</p><p>{{my.first_name}}<br>Clio</p>","Hi {{first_name}}, {{my.first_name}} at Clio again. I know the day is full, so one idea. With Clio Work there is nothing to install and nothing to wire up. You upload a single civil litigation document, a complaint or a motion, and it reads it and tells you what it sees, cited. People get a real result in about ten minutes on a file of their own. Could I set you up to try that this week on something you are already working?","Hi {{first_name}}, {{my.first_name}} at Clio. Following up on Clio Work. You can run it on one of your own files, nothing to install, and see a real result in about ten minutes. I will resend the trial link. Thanks {{first_name}}.","Hi {{first_name}}, one civil litigation example worth two minutes: Clio Work reads a complaint you were served and pulls every claim, the legal basis, and weak points with cited authority. Here: https://www.clio.com/work/at-work/ {{my.first_name}}",The manual first read,"<p>Hi {{first_name}},</p><p>Most civil litigation firms have made peace with the same routine: a complaint or set of interrogatories comes in, and the first read still means an attorney blocking off hours to mark up every claim and dig for authority by hand. It is just how the work has always gone. Fair to ask though: is finding a faster first pass on that worth a look this month, or not a priority right now?</p><p>{{my.first_name}}<br>Clio</p>","Hi {{first_name}}, {{my.first_name}} at Clio. No pitch this time, just a straight question. If the first read on complaints and discovery could go from a few hours to a few minutes, with the claims and authority laid out for you, would that be worth a short look for the firm right now? If the timing is off, tell me and I will step back. If not, I can show you on one of your own files whenever suits.","Hi {{first_name}}, {{my.first_name}} at Clio. Just checking whether a faster first read on complaints is worth a look for Fieldstonelegal right now, or not the moment. A quick reply either way helps. Thanks {{first_name}}.",One month free,"<p>Hi {{first_name}},</p><p>Quick one worth your time: if Fieldstonelegal starts on Clio Work by July 31, 2026, you get one month free. It still holds to its promise, upload one civil litigation document and it does the legal work, with nothing to install. Start <a href=""https://www.clio.com/work/signup/"">the 14-day trial</a> on a file of your own and you will see where the month goes. Want me to send the details?</p><p>{{my.first_name}}<br>Clio</p>","Hi {{first_name}}, {{my.first_name}} at Clio. One reason to move this month: if Fieldstonelegal starts on Clio Work by July 31, you get one month free. The easiest way in is the trial, run it on one of your own civil litigation files and see a real result in about ten minutes, nothing to install. I would rather you see it work before the date passes. Can I get you set up this week?","Hi {{first_name}}, {{my.first_name}} at Clio. Reminder that starting Clio Work by July 31 gets you one month free. Worth trying on one of your own files first. I will send the link again. Thanks {{first_name}}.",Leaving it here,"<p>Hi {{first_name}},</p><p>I will leave it here for now. If the manual first read on complaints and discovery ever starts costing your civil litigation team more than it should, Clio Work is one upload away from a real answer. No setup, no migration, just a document and a result. <a href=""https://www.clio.com/work/signup/"">The 14-day trial</a> is there whenever the timing is right. All the best either way.</p><p>{{my.first_name}}<br>Clio</p>"
Tier 1,0012G00001ppOJ4QAM,0032G00002XFZ9EQAX,contact-email,Law office of Trey Stegall,Wills & Estates,,Texas,,Winnable,70,12,,Firm Related,Budget Cuts,Untapped,James,Stegall,trey@stegalllawfirm.com,713-568-5122,,,,,,,,,Manage,258,,,,,,,,FALSE,TRUE,,,,,,,,,,,,,,,No,No,,,No,FALSE,"email,linkedin",,"Law Office of Trey Stegall, wills and estates firm in Texas. No prior Clio AI. Channels open: email, linkedin.",0012G00001ppOJ4QAM," The Law Office of Trey Stegall is a wills and estates firm in Texas that previously used Clio Manage and churned for firm-related reasons with budget cuts as a secondary factor. They never used Clio's AI, so it is genuinely new to them: lead with what Clio Work does on their own files and that it runs on its own with nothing to set up. Given the budget angle, let them prove the value on their own file before paying; the 14-day trial is the hook and the one month free lowers the first cost. Recommended Clio Work at Work video: From Blank Page to First Draft in One Conversation. Communication channels open: email and LinkedIn. Acknowledge the prior Clio Manage relationship once, in step 1 or step 2 only.",your estate planning work,"<p>Hi {{first_name}},</p><p>Back when you were on Clio Manage, everything was a platform to set up and learn. This is a different tool. Clio Work reads an estate planning file and does the first pass, and it runs on its own, nothing to configure. You upload one document and it tells you what it can do.</p><p>Two-minute example: <a href=""https://www.clio.com/work/at-work/"">From Blank Page to First Draft in One Conversation</a>, where you describe the matter and it returns a draft.</p><p>{{my.first_name}}<br>Clio</p>",,,"{{first_name}}, we built a legal AI at Clio that reads an estate planning file and does the first draft on its own, nothing to set up. Thought it was worth being on your radar given your wills and estates practice. No pitch.",try it first,"<p>Hi {{first_name}},</p><p>The honest way to judge Clio Work is on one of your own estate planning files, before you spend anything on it. Here is <a href=""https://www.clio.com/work/signup/"">the 14-day trial</a>. You upload a will or a trust, it suggests what to do with it, and you see a real result in about ten minutes. Nothing to install, no migration, and no one from Clio has to walk you through it first.</p><p>{{my.first_name}}<br>Clio</p>",,,"{{first_name}}, sharing a short one in case it is useful for your estate planning work. It shows how you describe a matter in plain language and Clio Work returns a structured first draft: https://www.clio.com/work/at-work/",an honest question,"<p>Hi {{first_name}},</p><p>Most wills and estates firms have made peace with the first draft eating an evening: pulling a client's notes into a real document before the actual thinking starts. Fair enough if that is just how it goes. If it is worth questioning, Clio Work does that part in minutes on your own file. Worth a look, or not a priority right now?</p><p>{{my.first_name}}<br>Clio</p>",,,one month free,"<p>Hi {{first_name}},</p><p>One thing worth knowing on the budget side: if you buy Clio Work by July 31, 2026, you get one month free. Same AI that estate planning firms use every day to get the first draft done on their own files, and there is nothing to set up on your end.</p><p>If the timing works, I can <a href=""https://www.clio.com/work/signup/"">get you started</a> today.</p><p>{{my.first_name}}<br>Clio</p>",,,closing the loop,"<p>Hi {{first_name}},</p><p>I will stop here so I am not cluttering your inbox. If it is ever useful, Clio Work does the estate planning first draft on one of your own files and runs on its own, with nothing to set up and no one to walk you through it. <a href=""https://www.clio.com/work/signup/"">The 14-day trial</a> is here whenever you want it, on your terms.</p><p>Good luck with the work.</p><p>{{my.first_name}}<br>Clio</p>"
Tier 2,0012G00001pnjhRQAQ,0032G00002W4HxsQAF,contact-email,Chanda Komatsu Law,Wills & Estates,,Minnesota,,Neutral/unknown,35,5.3,,Firm Related,Firm Buy-in,Untapped,Chanda,Komatsu,chanda.komatsu@cklllc.com,7632577812,,,,,,,,,Accountant User | Accounting | Grow | Manage,239.55,,,,,,,,FALSE,FALSE,,,,,,,,,,,,,,,No,No,,,No,FALSE,"email,call,linkedin",,"Wills and estates solo-style firm in MN, churned on low adoption/firm buy-in; lead with a fast tangible first draft on their own file, nothing to set up.",0012G00001pnjhRQAQ," Chanda Komatsu Law is a wills and estates firm in Minnesota that previously used Clio and churned over firm buy-in and low usage or adoption. They had no prior Clio AI, so Clio Work is genuinely new to them. The angle is a lighter, single-purpose tool with a first result you can see in about ten minutes and nothing to set up to stall on this time; lead on a fast, tangible first draft, and do not remind them they did not adopt before. Recommended Clio Work at Work video: From Blank Page to First Draft in One Conversation. Communication channels open: email, calling, LinkedIn. Acknowledge the prior Clio Manage relationship once, in step 1 only.",Your estate drafting,"<p>Hi {{first_name}},</p><p>Clio Work is a different tool than the one you knew on Clio Manage. It reads a wills and estates file and does the first pass, and it runs on its own, nothing to set up. You upload one document and it suggests what to do with it.</p><p>A short example: <a href=""https://www.clio.com/work/at-work/"">From Blank Page to First Draft in One Conversation</a>. You describe the parties, terms, and jurisdiction in plain language, and it returns a structured first draft with defined terms.</p><p>{{my.first_name}}<br>Clio</p>","Hi {{first_name}}, it is {{my.first_name}} at Clio, I will be quick. There is a new tool worth thirty seconds: an AI that does the legal work now. You upload one document and it gets going, nothing to set up. For a wills and estates practice, the first draft is the slow part. Opposed to me sending a short look?","Hi {{first_name}}, {{my.first_name}} at Clio. We built a legal AI that does the drafting now, and it runs without the full subscription. Just sent you an email with a short video. Worth a look for a wills and estates firm.","{{first_name}}, we built a legal AI at Clio that does the drafting now and runs on its own, nothing to set up. Given your wills and estates practice, thought it was worth being on your radar. No pitch.",A free trial,"<p>Hi {{first_name}},</p><p>The honest way to judge Clio Work is on one of your own wills and estates files. Here is <a href=""https://www.clio.com/work/signup/"">the 14-day trial</a>. You upload a document, it suggests what to do with it, and you see a real result in about ten minutes. Nothing to install, no migration, no training first. One file is all it takes to know if it earns a place in your day.</p><p>{{my.first_name}}<br>Clio</p>","Hi {{first_name}}, {{my.first_name}} at Clio again. I sent over a 14-day trial link for Clio Work. The idea is simple: upload one of your own wills and estates files, and it suggests a first draft in about ten minutes, nothing to set up. If you want, I can point you to the right document to try it on. Worth a quick test?","Hi {{first_name}}, {{my.first_name}} at Clio. I just sent a trial link for Clio Work. Upload one estate planning file and you see a first draft in about ten minutes. Give it a try and tell me what you think.","{{first_name}}, short one worth two minutes: it takes plain-language details on the parties, terms, and jurisdiction and returns a structured first draft. https://www.clio.com/work/at-work/",An honest question,"<p>Hi {{first_name}},</p><p>Most wills and estates firms have made peace with the first draft of a trust or will taking a slow, manual hour before the real thinking starts. Fair enough if that is just how it goes. If it is worth questioning, Clio Work does that first pass in minutes from your own file. Worth a look, or not a priority right now?</p><p>{{my.first_name}}<br>Clio</p>","Hi {{first_name}}, {{my.first_name}} at Clio. Quick one: the Clio Work trial is open on your end whenever you want it. Upload one wills and estates file and it drafts a first pass in about ten minutes, nothing to set up first. If it helps, I am happy to walk you to a fast first result. Is that worth a few minutes this week?","Hi {{first_name}}, {{my.first_name}} at Clio. The Clio Work trial is open for you. One file, a first draft in about ten minutes. Take it for a spin and let me know how it lands.",One month free,"<p>Hi {{first_name}},</p><p>One thing worth knowing: if you buy Clio Work by July 31, 2026, you get one month free. It is the same AI that estate planning firms use every day to get a first draft done from their own files, and there is nothing to set up on your end.</p><p>If the timing works, I can <a href=""https://www.clio.com/work/signup/"">get you started</a> today.</p><p>{{my.first_name}}<br>Clio</p>","Hi {{first_name}}, {{my.first_name}} at Clio, last time I will reach out. If it is useful, I can run Clio Work on one of your own files in ten minutes, or you buy by July 31 and get one month free. Either way you see a real first draft. Want me to set up a quick look this week?","Hi {{first_name}}, {{my.first_name}} at Clio. Last note from me. I can show Clio Work on your own file in ten minutes, and if you buy by July 31 you get one month free. Give me a call if the timing works.",Closing the loop,"<p>Hi {{first_name}},</p><p>I will stop here so I am not cluttering your inbox. If it is ever useful, Clio Work does the wills and estates drafting from one of your own files and runs on its own, with nothing to set up and nothing to learn first. <a href=""https://www.clio.com/work/signup/"">The 14-day trial</a> is here whenever the timing is right.</p><p>Good luck with the work.</p><p>{{my.first_name}}<br>Clio</p>"
Tier 1,0013m000031jNbwAAE,0033m000038ENHYAA4,contact-email,John Shaw,Wills & Estates,,California,,Winnable,70,15.2,,Firm Related,Budget Cuts,Suppress - recently worked,John,Shaw,johnnylaw@johnlshaw.com,16268262570,,,,,,,,,Manage,238,,,,,,,,FALSE,FALSE,,,,,,,,,,,,,,,No,No,,,No,FALSE,"email,call,linkedin",,"Solo wills and estates firm in CA, churned on budget cuts; lead with Clio Work trial to prove payback on their own file, one month free by July 31.",0013m000031jNbwAAE," John Shaw is a solo wills and estates practice in California that previously used Clio Manage and churned over firm budget cuts, so the angle is letting them prove the value on one of their own files before paying, with the trial as the hook and the one month free lowering the first cost. They did not use Clio's AI before, so Clio Work is genuinely new to them: lead with the fact that it reads a file and does the first pass on its own, with no Manage subscription and nothing to set up. Recommended Clio Work at Work video: From Blank Page to First Draft in One Conversation. Communication channels open: email, calling, LinkedIn. Acknowledge the prior relationship once, in step 1 only.",your estate planning work,"<p>Hi {{first_name}},</p><p>Back when you were on Clio Manage, setup was the whole first month. This is a different tool. Clio Work reads a wills and estates file and does the first pass, and it runs on its own, nothing to configure or migrate. You upload one document and it tells you what it can do.</p><p>Two-minute example: <a href=""https://www.clio.com/work/at-work/"">From Blank Page to First Draft in One Conversation</a>, where you describe the parties and terms and it returns a structured first draft.</p><p>{{my.first_name}}<br>Clio</p>","Hi {{first_name}}, it is {{my.first_name}} at Clio, I will be quick. You were on Clio Manage a while back, so you know the name. This is a different thing: an AI that does the legal work now. You upload one document and it gets going, nothing to set up. For wills and estates, that first draft is the slow part. Opposed to me sending a two-minute look?","Hi {{first_name}}, {{my.first_name}} at Clio. We built a legal AI that does the actual work now, and it runs without the full subscription. Just sent you an email with a short video. Worth a look for a wills and estates firm.","{{first_name}}, we built a legal AI at Clio that does the work now and runs on its own, nothing to set up. Given your wills and estates practice, I thought it was worth being on your radar. No pitch.",a free trial,"<p>Hi {{first_name}},</p><p>The honest way to judge Clio Work is on one of your own wills and estates files. Here is <a href=""https://www.clio.com/work/signup/"">the 14-day trial</a>. You upload a document, it suggests what to do with it based on what is in it, and you see a real result in about ten minutes. Nothing to install, no migration, no training first.</p><p>{{my.first_name}}<br>Clio</p>","Hi {{first_name}}, {{my.first_name}} at Clio again. I just sent you a 14-day trial link. The idea is simple: put one of your own wills or trust files in and watch it do the first pass in about ten minutes, nothing to set up. For a solo practice, that is the part that eats the morning. Want me to walk you through your first one?","Hi {{first_name}}, {{my.first_name}} at Clio. I sent over a 14-day trial link. Upload one wills or estates file and it does the first pass, about ten minutes, nothing to set up. Give it a try when you get a minute.","A quick one worth two minutes: Clio Work reads a wills or trust file and returns a structured first draft, jurisdiction language and all. https://www.clio.com/work/at-work/",an honest question,"<p>Hi {{first_name}},</p><p>Most solo wills and estates practices have made peace with drafting each will and trust from a prior template by hand, tweaking clauses line by line before anyone gets to the client. Fair enough if that is simply how the day goes. If it is worth questioning, Clio Work does that first pass in minutes from the document itself. Worth a look, or not a priority right now?</p><p>{{my.first_name}}<br>Clio</p>","Hi {{first_name}}, {{my.first_name}} at Clio. No pressure at all. That trial for Clio Work is open whenever you want it, and it does the first pass on a wills and estates file from the document itself, nothing to configure. Happy to get you going on one of your own files if that is easier. Is it worth a quick look this week?","Hi {{first_name}}, {{my.first_name}} at Clio. The Clio Work trial is still open. Upload one file and it does the first pass, nothing to set up. Give it a look when the timing works.",one month free,"<p>Hi {{first_name}},</p><p>One thing worth knowing: if you buy Clio Work by July 31, 2026, you get one month free. It is the same AI that does the first pass on a wills and estates file and runs on its own, with nothing to set up on your end. You prove the payback on your own work before it costs you anything.</p><p>If the timing works, I can <a href=""https://www.clio.com/work/signup/"">get you started</a> today.</p><p>{{my.first_name}}<br>Clio</p>","Hi {{first_name}}, {{my.first_name}} at Clio, last time I will try you live. If it is ever useful, I can run Clio Work on one of your own wills or trust files in ten minutes, or you can start the trial yourself. If you buy by July 31, 2026, there is one month free. Should I close this out, or is it worth a short look?","Hi {{first_name}}, {{my.first_name}} at Clio. Last time I will reach out. Clio Work does the first pass on your wills and estates work, and there is one month free if you buy by July 31. Happy to show you in ten minutes.",closing the loop,"<p>Hi {{first_name}},</p><p>I will stop here so I am not cluttering your inbox. If it is ever useful, Clio Work does the wills and estates work and runs on its own, with nothing to set up, train on, or migrate. You upload one document and it starts, and it suggests what to do with it. <a href=""https://www.clio.com/work/signup/"">The 14-day trial</a> is here whenever you want it.</p><p>Good luck with the work.</p><p>{{my.first_name}}<br>Clio</p>"
Tier 1,001A000001UrFXFIA3,003A0000025OW3rIAG,contact-email,Law Office of Mark Spears,Personal Injury,,Louisiana,,Neutral/unknown,50,17.1,,Firm Related,Change In Primary Stakeholder,Untapped,Danielle,Johnson,dweberj0809@yahoo.com,504-909-1814,,,,,,,,,Manage | Personal Injury,220.3,,,,,,,,FALSE,FALSE,,,,,,,,,,,,,,,No,No,,,No,FALSE,"email,call,linkedin",,"Personal injury firm in Louisiana, churned on decision-maker change; treat as re-entry, lead with Clio Work product news and trial, low pressure, deposition-analysis video.",001A000001UrFXFIA3," Law Office of Mark Spears is a personal injury practice in Louisiana that previously used Clio Manage and churned due to a firm related change in the primary decision-maker. They did not use any Clio AI before, so Clio Work is genuinely new to them; treat this as a low-pressure re-entry with a possibly new stakeholder and lead with product news and the trial. Recommended Clio Work at Work video: X-Ray a Witness With AI-Analyzed Transcripts. Communication channels open: email, calling, LinkedIn. Acknowledge the prior Clio Manage relationship only once, in step 1.",Your personal injury work,"<p>Hi {{first_name}},</p><p>Back when you were on Clio Manage, everything lived in one platform. Clio Work is a different tool. It reads a personal injury file and does the first pass, and runs on its own, nothing to migrate. You upload one document and it tells you what it can do.</p><p>Two minutes worth watching: <a href=""https://www.clio.com/work/at-work/"">X-Ray a Witness With AI-Analyzed Transcripts</a>. Drop in a deposition transcript and it returns key admissions, contradictions, and testimony gaps with the page and line.</p><p>{{my.first_name}}<br>Clio</p>","Hi {{first_name}}, it is {{my.first_name}} at Clio, I will be quick. This is a different thing than the platform: an AI that does the legal work now. You upload one deposition or record and it gets going, nothing to set up. For personal injury work, reading all of that by hand is the slow part. Opposed to me sending a two-minute look?","Hi {{first_name}}, {{my.first_name}} at Clio. We built a legal AI that reads a file and does the first pass now, and it runs without a full subscription. Just sent you an email with a short video. Worth a look for a personal injury firm.","{{first_name}}, we built a legal AI at Clio that reads a file and does the work now, and runs on its own with nothing to set up. Thought it was worth being on your radar given your personal injury practice. No pitch.",A free trial,"<p>Hi {{first_name}},</p><p>The honest way to judge Clio Work is on one of your own personal injury files. Here is <a href=""https://www.clio.com/work/signup/"">the 14-day trial</a>. You upload a document, a demand package or a medical record, and it suggests what to do with it. You see a real result in about ten minutes, nothing to install and no migration. The file is the starting point, so there is nothing to configure first.</p><p>{{my.first_name}}<br>Clio</p>","Hi {{first_name}}, {{my.first_name}} at Clio again. I sent over a link to the 14-day trial. The idea is simple: you upload one of your own personal injury files, a record or a deposition, and it suggests what to do with it in about ten minutes. Nothing to set up on your end. Want me to walk you to where it starts?","Hi {{first_name}}, {{my.first_name}} at Clio. Just left you the 14-day trial link by email. Upload one personal injury file and you will see a real result fast, nothing to install. Give it a look when you have a minute.","{{first_name}}, sharing one short clip that fits personal injury work. You drop in a deposition transcript and it returns admissions, contradictions, and testimony gaps with the page and line: https://www.clio.com/work/at-work/",An honest question,"<p>Hi {{first_name}},</p><p>Most personal injury firms have made peace with reading depositions and medical records by hand, hours of it before anyone gets to strategy. Fair enough if that is just how the work goes. If it is ever worth questioning, Clio Work does that same reading in minutes. Worth a closer look, or not a priority right now?</p><p>{{my.first_name}}<br>Clio</p>","Hi {{first_name}}, {{my.first_name}} at Clio. Quick one: the Clio Work trial is open on your end whenever you want it. You upload one personal injury file, a record or a deposition, and it does the first read in about ten minutes. Nothing to set up. Is it worth me getting you a link so you can try it on a real file?","Hi {{first_name}}, {{my.first_name}} at Clio. The Clio Work trial is open whenever you want it. Upload one personal injury file and it does the first read fast, nothing to set up. Happy to send the link again if it helps.",One month free,"<p>Hi {{first_name}},</p><p>One thing worth knowing: if you buy Clio Work by July 31, 2026, you get one month free. It is the same AI that personal injury firms use every day to get the first pass on a file done, with nothing to set up on your end. You upload one document and it starts from there.</p><p>If the timing works, I can <a href=""https://www.clio.com/work/signup/"">get you started</a> today.</p><p>{{my.first_name}}<br>Clio</p>","Hi {{first_name}}, {{my.first_name}} at Clio, last time I will reach out live. If it is useful, I can run Clio Work on one of your personal injury files in about ten minutes, or you can start the trial yourself. If you buy by July 31, 2026, there is one month free. Worth a short look this week?","Hi {{first_name}}, {{my.first_name}} at Clio. Last live try. I can run Clio Work on one of your personal injury files in ten minutes, or start the trial yourself. One month free if you buy by July 31. Give me a call back.",Closing the loop,"<p>Hi {{first_name}},</p><p>I will stop here so I am not cluttering your inbox. If it is ever useful, Clio Work reads a personal injury file, does the first pass, and runs on its own, with nothing to set up or migrate. You upload one document and it suggests what to do with it. <a href=""https://www.clio.com/work/signup/"">The 14-day trial</a> is here whenever you want it.</p><p>Good luck with the work.</p><p>{{my.first_name}}<br>Clio</p>"
Tier 1,001OG00001H7eKzYAJ,003OG00000YgYzOYAV,contact-email,"Powell Firm, PLLC",Real Estate,,Texas,,Winnable,55,2.5,,Firm Related,Budget Cuts,Untapped,Charles,Powell,cdpowell@firmpowell.com,+1(214) 770-7453,,,,,,,,,Accountant User | Accounting | Draft US | Manage,218.45,,,,,,,,FALSE,FALSE,,,,,,,,,,,,,,,No,No,,,No,FALSE,"email,call,linkedin",,"Powell Firm PLLC, real estate, Texas; churned on budget cuts; lead Clio Work, let them prove value on own file free before paying, one month free by July 31 lowers first cost.",001OG00001H7eKzYAJ," Powell Firm, PLLC is a real estate firm in Texas that previously used Clio Manage and churned over firm-related budget cuts. They did not have any Clio AI before, so Clio Work is genuinely new to them: lead with letting them prove the value on one of their own files before paying, with the trial as the hook and one month free to soften the first cost. Recommended Clio Work at Work video: From Blank Page to First Draft in One Conversation. Communication channels open: email, calling, LinkedIn. Acknowledge the prior Clio Manage relationship once, in step 1 or step 2 only.",Your real estate work,"<p>Hi {{first_name}},</p><p>Back when your firm was on Clio Manage, that was a platform to set up. This is a different tool. Clio Work reads a real estate file and does the first pass, and it runs on its own, nothing to migrate. You upload one document and it tells you what it can do.</p><p>Two minutes: <a href=""https://www.clio.com/work/at-work/"">From Blank Page to First Draft in One Conversation</a>. You describe the parties, terms, and jurisdiction in plain language and it returns a first draft.</p><p>{{my.first_name}}<br>Clio</p>","Hi {{first_name}}, it is {{my.first_name}} at Clio, I will keep this short. You know Clio from before. This is a different thing though: a legal AI that does the actual real estate work now. You upload one document and it gets going, nothing to set up. I just sent a two-minute video. Fair to say worth a quick look?","Hi {{first_name}}, it is {{my.first_name}} at Clio. We built a legal AI that does the real estate work now, and it runs without the full subscription. I just emailed you a short video. Worth a look when you have two minutes.","{{first_name}}, we built a legal AI at Clio that does the actual work now and runs on its own, nothing to set up. Given your real estate practice, thought it was worth being on your radar. No pitch, happy to connect.",One of your files,"<p>Hi {{first_name}},</p><p>The honest way to judge Clio Work is on one of your own real estate files, before it costs you anything. Here is <a href=""https://www.clio.com/work/signup/"">the 14-day trial</a>. You upload a document, it suggests what to do with it, and you see a real result in about ten minutes. Nothing to install, no migration, and no old platform to relearn. Point it at a purchase agreement or a title issue and judge the payback yourself.</p><p>{{my.first_name}}<br>Clio</p>","Hi {{first_name}}, {{my.first_name}} at Clio again. I sent a trial link, so here is the quick why. You point Clio Work at one of your own real estate files, a purchase agreement or a lease, and it does the first pass in about ten minutes. Nothing to set up. Want me to walk you through it, or is the link enough to try it?","Hi {{first_name}}, {{my.first_name}} at Clio. I just sent a trial link for Clio Work. Upload one of your own real estate files and see a result in about ten minutes, nothing to set up. Give it a try when you get a moment.","{{first_name}}, sharing the two-minute one in case it is useful. You describe the parties, the terms, and the jurisdiction in plain language and Clio Work returns a structured first draft with defined terms. https://www.clio.com/work/at-work/",An honest question,"<p>Hi {{first_name}},</p><p>Most real estate firms have made peace with the first draft of an agreement eating an evening before anyone gets to the real judgment calls. That is just how it has always gone, and fair enough. If it is ever worth questioning, Clio Work does that first pass in minutes from your own files. Worth a look, or not a priority right now? Either answer is genuinely fine.</p><p>{{my.first_name}}<br>Clio</p>","Hi {{first_name}}, {{my.first_name}} at Clio. No pressure at all here. That trial for Clio Work is still open, so if you ever want to see what it does with one of your real estate files, it takes about ten minutes and there is nothing to set up first. Happy to point you to the right starting spot if that helps. Otherwise I will follow up by email.","Hi {{first_name}}, {{my.first_name}} at Clio. Just a quick note that the Clio Work trial is still open whenever you want it. Upload one real estate file and see a result in about ten minutes. I will follow up by email too.",One month free,"<p>Hi {{first_name}},</p><p>One thing worth knowing: if you buy Clio Work by July 31, 2026, you get one month free. It is the same AI that real estate firms use every day to get the first draft done from their own files, with nothing to set up on your end. A Florida firm ran a real estate contract through it and had the analysis back before a flight boarded.</p><p>If the timing works, I can <a href=""https://www.clio.com/work/signup/"">get you started</a> today.</p><p>{{my.first_name}}<br>Clio</p>","Hi {{first_name}}, {{my.first_name}} at Clio, last time I will reach out live. If it is useful, I can run Clio Work on one of your real estate files in about ten minutes so you see a real result, or you can try it yourself. And if you buy by July 31, there is one month free. Want me to set up a quick time, or send the link again?","Hi {{first_name}}, {{my.first_name}} at Clio. Last live note from me. I can run Clio Work on one of your files in ten minutes, or send the trial. And one month free if you buy by July 31. Call me back if worth a look.",Closing the loop,"<p>Hi {{first_name}},</p><p>I will stop here so I am not cluttering your inbox. If it is ever useful down the road, Clio Work does the real estate work from your own files and runs on its own, with nothing to set up. <a href=""https://www.clio.com/work/signup/"">The 14-day trial</a> is here whenever the timing is right for you. Upload one document and it starts from there.</p><p>Good luck with the work.</p><p>{{my.first_name}}<br>Clio</p>"
Tier 1,001OG00000sMJOHYA4,003OG00000ElHwbYAF,contact-email,Starr Family Law & Mediation,Family,,Maine,,Winnable,70,13.6,,Product Related,Workflow Friction,Untapped,Danielle,Starr,danielle@starrfamilylaw.com,(207) 558-3400,,,,,,,,,Accountant User | Accounting | Duo | Grow | Manage,218,1,,,,,,,FALSE,FALSE,,,,,,,,,,,,,,,No,No,,,No,TRUE,"email,call,linkedin",,"Winback for Starr Family Law & Mediation, a Maine family firm that churned on product friction; lead with Clio Work as one standalone tool, prior Manage AI (Duo) now far more capable and runs without Manage; video Tearing Apart a Complaint in Under 2 Minutes; email, calling, LinkedIn all open.",001OG00000sMJOHYA4," Starr Family Law & Mediation is a family law firm in Maine that previously paid for Clio and churned when the product felt like too much friction to run. They held our earlier AI, Manage AI (previously Duo), so lead with how much more capable Clio Work is now and that it runs on its own without a Clio Manage subscription, with nothing to set up. This is one standalone tool that does one job. Recommended Clio Work at Work video: Tearing Apart a Complaint in Under 2 Minutes. Communication channels open: email, calling, LinkedIn. Acknowledge the prior relationship once, in step 1 only.",your family law work,"<p>Hi {{first_name}},</p><p>You had our AI back on Clio Manage. Clio Work is a long way past that now: it reads a family law file and does the first pass, it runs on its own without Manage, and there is nothing to set up. You upload one document and it tells you what it can do with it.</p><p>Two minutes: <a href=""https://www.clio.com/work/at-work/"">Tearing Apart a Complaint in Under 2 Minutes</a>, where it pulls every claim, the basis, and the weak points.</p><p>{{my.first_name}}<br>Clio</p>","Hi {{first_name}}, it is {{my.first_name}} at Clio, I will be quick. This is a different thing than what you knew before: a standalone AI that does the legal work now. You upload one document and it gets going, nothing to set up, and it runs on its own. For family law, the reading and the first pass is the slow part. Opposed to me sending you a two-minute look at it?","Hi {{first_name}}, {{my.first_name}} at Clio. We built a standalone legal AI that does the actual work now, and it runs on its own with nothing to set up. Just sent you an email with a short video. Worth a look for a family law firm.","{{first_name}}, we built a standalone legal AI at Clio that does the work now and runs on its own, nothing to set up. Wanted it on your radar given your family law practice. No pitch, just thought it was worth a connect.",try it yourself,"<p>Hi {{first_name}},</p><p>The honest way to judge Clio Work is on one of your own family law files. Here is <a href=""https://www.clio.com/work/signup/"">the 14-day trial</a>. You upload a document, it suggests what to do with it, and you see a real result in about ten minutes. Nothing to set up, no migration, and it runs on its own.</p><p>{{my.first_name}}<br>Clio</p>","Hi {{first_name}}, {{my.first_name}} at Clio again. I just sent over a 14-day trial so you can run this on one of your own family law files instead of taking my word for it. You upload a document, it suggests what to do with it, and you have a real result in about ten minutes. Nothing to set up on your end. Happy to walk through what it found if that is easier.","Hi {{first_name}}, {{my.first_name}} at Clio. Just sent you a 14-day trial link. Run it on one of your own family law files and you will see a real result in about ten minutes, nothing to set up. Give it a look when you have a moment.","{{first_name}}, quick two-minute watch that shows what this does: Tearing Apart a Complaint in Under 2 Minutes. It reads a complaint you were served and pulls out every claim, the basis, the weak points, and counter-arguments with cited authority. https://www.clio.com/work/at-work/",an honest question,"<p>Hi {{first_name}},</p><p>Most family law firms have made peace with the reading and drafting eating hours before anyone gets to the actual case strategy. Fair enough if that is just how it goes. If it is worth questioning, Clio Work does that part in minutes on your own files. Worth a look, or not a priority right now?</p><p>{{my.first_name}}<br>Clio</p>","Hi {{first_name}}, {{my.first_name}} at Clio. No pressure here, I just wanted to make sure the trial link did not get buried. It is still open, and the whole point is you run Clio Work on one of your own family law files and see a real result in about ten minutes. Nothing to set up. Want me to resend the link so it is easy to find?","Hi {{first_name}}, {{my.first_name}} at Clio. The trial is still open whenever you want it. Run Clio Work on one of your own family law files, real result in about ten minutes, nothing to set up. I can resend the link, just let me know.",one month free,"<p>Hi {{first_name}},</p><p>One thing worth knowing: if you buy Clio Work by July 31, 2026, you get one month free. Same standalone AI that family law firms use every day to get the first pass done, and there is nothing to set up on your end.</p><p>If the timing works, I can <a href=""https://www.clio.com/work/signup/"">get you started</a> today.</p><p>{{my.first_name}}<br>Clio</p>","Hi {{first_name}}, {{my.first_name}} at Clio. This is likely my last try for now, so I wanted to reach you directly. If you buy Clio Work by July 31, you get one month free, and I am glad to run it on one of your own family law files first so you see exactly what it does. Ten minutes, nothing to set up. Is a quick look worth it this week?","Hi {{first_name}}, {{my.first_name}} at Clio. Wanted to catch you before I close this out. Happy to run Clio Work on one of your own family law files so you can judge it, about ten minutes and nothing to set up. Give me a call back if a look is worth it.",closing the loop,"<p>Hi {{first_name}},</p><p>I will stop here so I am not cluttering your inbox. If it is ever useful, Clio Work does the family law reading and drafting and runs on its own, with nothing to set up. <a href=""https://www.clio.com/work/signup/"">The 14-day trial</a> is here whenever you want it.</p><p>Good luck with the work.</p><p>{{my.first_name}}<br>Clio</p>"
Tier 1,001OG00000pKYMmYAO,003A000001A1yLFIAZ,contact-email,Inherit Inc.,Trusts,,California,,Winnable,70,7.4,,Firm Related,Budget Cuts,Untapped,Ann,Eberts,ann@inherit.law,+17073871702,,,,,,,,,Accountant User | Accounting | Duo | Grow | Manage,211,,,,,,,,FALSE,FALSE,,,,,,,,,,,,,,,No,No,,,No,TRUE,"email,call,linkedin",,"Winback for Inherit Inc., a California trusts practice that left Clio Manage; lead Clio Work, prior-AI far more capable now, trial then one month free by July 31.",001OG00000pKYMmYAO," Inherit Inc. is an estates and trusts practice in California that previously paid for Clio Manage and churned amid firm budget cuts. They held our earlier AI, Manage AI (previously Duo), so lead with how far more capable Clio Work is now and that it runs on its own without Manage, nothing to set up. Their world is drafting trust documents. Recommended Clio Work at Work video: From Blank Page to First Draft in One Conversation. Communication channels open: email, calling, LinkedIn. Acknowledge the prior relationship once, in step 1 only.",your trusts work,"<p>Hi {{first_name}},</p><p>Back when you were on Clio Manage, that was a platform to set up and learn. Clio Work is a different tool. You had our AI, Manage AI, before. It is far more capable now: it reads a trust file and does the first draft, and it runs on its own, nothing to set up or migrate.</p><p>Two-minute example: <a href=""https://www.clio.com/work/at-work/"">From Blank Page to First Draft in One Conversation</a>, where you describe the matter and it returns a structured draft.</p><p>{{my.first_name}}<br>Clio</p>","Hi {{first_name}}, it is {{my.first_name}} at Clio, I will be quick. The AI you saw with us is far more capable now: it does the legal work and runs on its own, no full subscription needed. You upload one document and it gets going, nothing to set up. For trust drafting, that is the slow part. Opposed to me sending a two-minute look?","Hi {{first_name}}, {{my.first_name}} at Clio. We built a legal AI that does the actual drafting now, and it runs without the full subscription. Just sent you an email with a short video. Worth a look for a trusts practice.","{{first_name}}, we built a legal AI at Clio that does the work now and runs on its own, nothing to set up. Given your trusts practice, I thought it was worth being on your radar. No pitch.",a free trial,"<p>Hi {{first_name}},</p><p>The honest way to judge Clio Work is on one of your own trust files. Here is <a href=""https://www.clio.com/work/signup/"">the 14-day trial</a>. You upload a document, it suggests what to do with it based on what is in it, and you see a real result in about ten minutes. Nothing to install, no migration, nothing to train first.</p><p>{{my.first_name}}<br>Clio</p>","Hi {{first_name}}, {{my.first_name}} at Clio again. Quick one: the honest test is Clio Work on one of your own trust files. Upload a document, it suggests what to do with it, and you have a real result in about ten minutes. I just sent the trial link by email. Want me to walk you through it?","Hi {{first_name}}, {{my.first_name}} at Clio. I just emailed you a 14-day trial of Clio Work. Run it on one of your own trust files and see a real result in about ten minutes. Nothing to set up.","{{first_name}}, this short one is worth two minutes: From Blank Page to First Draft in One Conversation. You describe the matter in plain language and Clio Work returns a structured first draft with jurisdiction-specific language. https://www.clio.com/work/at-work/",an honest question,"<p>Hi {{first_name}},</p><p>Most trusts practices have made peace with drafting each document from scratch, one clause at a time, before anyone gets to the client conversation. Fair enough if that is simply how the work goes. If it is worth questioning, Clio Work does the first draft in minutes. Worth a look, or not a priority right now?</p><p>{{my.first_name}}<br>Clio</p>","Hi {{first_name}}, {{my.first_name}} at Clio. Not chasing, just making sure this landed. The Clio Work trial is open: you upload one of your own trust files, it suggests what to do with it, and you see a real result in about ten minutes. Nothing to set up. Want me to send the link again so you can try it this week?","Hi {{first_name}}, {{my.first_name}} at Clio. The Clio Work trial is still open. Upload one trust file and you see a real result in about ten minutes. I will resend the link by email now.",one month free,"<p>Hi {{first_name}},</p><p>One thing worth knowing: if you buy Clio Work by July 31, 2026, you get one month free. It is the same AI firms across the country use to get the first draft done, and there is nothing to set up on your end. If the timing works, I can <a href=""https://www.clio.com/work/signup/"">get you started</a> today.</p><p>{{my.first_name}}<br>Clio</p>","Hi {{first_name}}, {{my.first_name}} at Clio. Last live attempt from me. If it helps, I can run Clio Work on one of your trust files in about ten minutes and you can judge it on the result. If you would rather buy, one month free still holds if you do it by July 31. Which is easier for you?","Hi {{first_name}}, {{my.first_name}} at Clio. Happy to run Clio Work on one of your own trust files so you can judge it on the result. Give me a call back when it suits and we will find ten minutes.",closing the loop,"<p>Hi {{first_name}},</p><p>I will stop here so I am not cluttering your inbox. If it is ever useful, Clio Work reads a trust file, does the drafting, and runs on its own, with nothing to set up and nothing to migrate. <a href=""https://www.clio.com/work/signup/"">The 14-day trial</a> is here whenever you want it.</p><p>Good luck with the work.</p><p>{{my.first_name}}<br>Clio</p>"
Tier 1,001OG00000sru0BYAQ,003OG00000ErDojYAF,contact-email,Law Office of Tracey Parker - New Firm,Wills & Estates,,Texas,,Winnable,60,10.5,,Product Related,Product Bugs,Suppress - recently worked,Tracey,Parker,tracey@traceyparkerlaw.com,7032010286,,,,,,,,,Accountant User | Accounting | Grow | Manage,198,,,,,,,,FALSE,FALSE,,,,,,,,,,,,,,,No,Yes,,,No,FALSE,"email,call,linkedin",,"Law Office of Tracey Parker - New Firm, wills and estates, Texas, no prior Clio AI, channels: email, call, LinkedIn.",001OG00000sru0BYAQ,"The Law Office of Tracey Parker - New Firm is a wills and estates firm in Texas. They previously used Clio Manage but never used Clio's AI, so this is genuinely new to them. They churned over product-related issues and product bugs, so lead gently: this is a different, standalone product with nothing to configure and no setup that could break. Recommended Clio Work at Work video: From Blank Page to First Draft in One Conversation. Communication channels open: email, calling, LinkedIn. Acknowledge the prior Clio Manage relationship once, in step 1 only.",your estates work,"<p>Hi {{first_name}},</p><p>Back when you were on Clio Manage, drafting a will or trust meant starting from a blank template every time. Clio Work is a different tool. You describe the situation in plain language and it hands back a structured first draft with jurisdiction-specific language and defined terms already in place.</p><p>Here is a short look: <a href=""https://www.clio.com/work/at-work/"">From Blank Page to First Draft in One Conversation</a>.</p><p>{{my.first_name}}<br>Clio</p>","Hi {{first_name}}, it is {{my.first_name}} at Clio, I will be quick. You were on Clio Manage a while back, so you know the platform. This is a different thing, an AI that drafts wills and estates documents from a plain-language description, nothing to set up first. For your kind of work, that first draft is the slow part. Mind if I send a two-minute look at it?","Hi {{first_name}}, {{my.first_name}} at Clio. We built a legal AI that drafts a first pass on wills and trusts from a plain-language description, and it runs without the full subscription. Just sent an email with a short video. Worth a look for an estates firm.","{{first_name}}, we built a legal AI at Clio that drafts wills and trusts from a plain-language description and runs on its own, nothing to set up. Thought it was worth being on your radar given your estates practice. No pitch.",a free trial,"<p>Hi {{first_name}},</p><p>The honest way to judge Clio Work is on one of your own estate planning files. Here is <a href=""https://www.clio.com/work/signup/"">the 14-day trial</a>. You describe the deal in plain language, it drafts a first pass with the right jurisdiction-specific language and defined terms, and you see a real result in about ten minutes. Nothing to install, no migration.</p><p>{{my.first_name}}<br>Clio</p>","Hi {{first_name}}, {{my.first_name}} again from Clio. Just sent over the 14-day trial link for Clio Work. You upload one file or describe the estate in plain language, and it hands back a structured first draft with the right defined terms already in place. Takes about ten minutes to see a real result on your own work. Want me to walk through it with you, or would you rather try it on your own first?","Hi {{first_name}}, {{my.first_name}} at Clio. Sent you the trial link for Clio Work. Describe an estate in plain language and it drafts the first pass with jurisdiction-specific language built in. Ten minutes on one of your own files and you will know if it is useful.","{{first_name}}, quick two-minute watch if useful: From Blank Page to First Draft in One Conversation, showing how it turns a plain-language description of an estate into a full first draft. https://www.clio.com/work/at-work/",an honest question,"<p>Hi {{first_name}},</p><p>Most wills and estates firms have made peace with starting every will and trust from a blank page, then rebuilding the same defined terms and jurisdiction language by hand. Fair enough if that is just how it goes. Clio Work does that first draft in minutes if it is worth questioning. Worth a look, or not a priority right now?</p><p>{{my.first_name}}<br>Clio</p>","Hi {{first_name}}, {{my.first_name}} at Clio. The 14-day trial for Clio Work is still open on your end, no pressure. You describe a will or trust in plain language and it hands back a structured first draft, defined terms and jurisdiction language included, in about ten minutes. I can send the link again right now if that is easier, or answer any questions first. Which works better for you?","Hi {{first_name}}, {{my.first_name}} at Clio. The Clio Work trial is still open, no pressure. Describe an estate plan in plain language and it drafts a structured first pass in about ten minutes. Happy to resend the link or answer questions, whichever is easier for you.",one month free,"<p>Hi {{first_name}},</p><p>One thing worth knowing: if you buy Clio Work by July 31, 2026, you get one month free. Same tool that turns a plain-language description of an estate into a structured first draft, with jurisdiction-specific language and defined terms already filled in, and nothing to set up on your end.</p><p>If the timing works, I can <a href=""https://www.clio.com/work/signup/"">get you started</a> today.</p><p>{{my.first_name}}<br>Clio</p>","Hi {{first_name}}, {{my.first_name}} at Clio, last time I will call about this. If you buy Clio Work by July 31, 2026, you get one month free, and it still does the first draft on a will or trust from a plain-language description in minutes. Happy to run a quick demo on one of your files, or just send the trial again if you would rather try it yourself. Either way works, just let me know.","Hi {{first_name}}, {{my.first_name}} at Clio. One month free if you buy Clio Work by July 31, 2026, still worth a look for the estates work. Happy to run a short demo or send the trial again, whichever is easier. Let me know either way.",closing the loop,"<p>Hi {{first_name}},</p><p>I will stop here so I am not cluttering your inbox. If it is ever useful, Clio Work turns a plain-language description of a will or trust into a structured first draft on its own, with nothing to configure or set up first. <a href=""https://www.clio.com/work/signup/"">The 14-day trial</a> is here whenever you want it.</p><p>Good luck with the work.</p><p>{{my.first_name}}<br>Clio</p>"
Tier 1,001OG00000o1CdRYAU,003OG00000Dqt7NYAR,contact-email,Victorson Legal PLLC,Business Formation / Compliance,,New York,,Neutral/unknown,50,14.4,,Service Experience & Expectations,Quality Of Service,Suppress - recently worked,Chase,Victorson,chase@victorsonlegal.com,(347) 618-6993,,,,,,,,,Accountant User | Accounting | Duo | Grow | Manage,196.2,,,,,,,,FALSE,FALSE,,,,,,,,,,,,,,,No,No,,,No,TRUE,"email,call,linkedin",,"Victorson Legal PLLC, business formation firm in NY, prior Clio Manage and Manage AI (Duo/vLex); light-touch service-experience winback leading with Clio Work trial, one month free live on steps 9 and 10.",001OG00000o1CdRYAU," Victorson Legal PLLC is a business formation and compliance firm in New York that previously used Clio and churned over service experience and expectations, specifically quality of service. They held our earlier AI, Manage AI (previously Duo) and vLex, so never call the AI new to them; lead with how much more capable Clio Work is now and that it runs on its own without Manage, with nothing to set up. This is a trust and service-experience churn, so keep the touch light: earn attention back with an easy 14 day trial and zero pressure, and never reference any past complaint. Recommended Clio Work at Work video: From Blank Page to First Draft in One Conversation. Communication channels open: email, calling, LinkedIn. Acknowledge the prior relationship once, in step 1 only.",your business formation work,"<p>Hi {{first_name}},</p><p>Back when you were on Clio Manage, you had our AI through Manage AI, previously Duo, and vLex. Clio Work is far more capable now: it reads a business formation file and does the work, runs on its own without Manage, with nothing to set up. You upload one document and it suggests what to do with it.</p><p>Example: <a href=""https://www.clio.com/work/at-work/"">From Blank Page to First Draft in One Conversation</a>, where you describe a deal in plain language and it returns a structured first draft.</p><p>{{my.first_name}}<br>Clio</p>","Hi {{first_name}}, it is {{my.first_name}} at Clio, I will be quick. This is a different thing than before: a legal AI that does the actual work now, and it runs on its own with nothing to set up. You upload one business formation document and it gets going, suggesting what to do with it. For the drafting, that is the slow part. Opposed to me sending a two minute look?","Hi {{first_name}}, {{my.first_name}} at Clio. Our legal AI does the actual work now, and it runs on its own with nothing to set up. Just sent you an email with a short video. Worth a look for a business formation firm.","We built a legal AI at Clio that does the work now and runs on its own, with nothing to set up. You upload one document and it suggests what to do with it. Thought it was worth being on your radar given your business formation practice. No pitch.",a free trial,"<p>Hi {{first_name}},</p><p>The honest way to judge Clio Work is on one of your own business formation files. Here is <a href=""https://www.clio.com/work/signup/"">the 14 day trial</a>. You upload a document, it suggests what to do with it, and you see a real result in about ten minutes. Nothing to install, no migration, nothing to set up on your end.</p><p>{{my.first_name}}<br>Clio</p>","Hi {{first_name}}, {{my.first_name}} at Clio again. Quick follow up: I just sent you the 14 day trial. The point is you run it on one of your own business formation files, not a canned demo. You upload a document, it suggests what to do with it, and you see a real result in about ten minutes, with nothing to set up. If it is easier, I can walk you to the first result. Any interest in trying it this week?","Hi {{first_name}}, {{my.first_name}} at Clio. I just sent the 14 day trial by email. You run it on one of your own business formation files and see a real result in about ten minutes, nothing to set up. Give it a look when you have a minute.",A two minute watch: describe a deal in plain language and it returns a structured first draft with jurisdiction specific language and defined terms. Worth a look for your business formation work. From Blank Page to First Draft in One Conversation: https://www.clio.com/work/at-work/,an honest question,"<p>Hi {{first_name}},</p><p>Most business formation firms have made peace with the slow, manual drafting eating hours before anyone gets to the client conversation. Fair enough if that is just how it goes. If it is worth questioning, Clio Work does that first pass in minutes, reading your own file and returning a structured draft. Worth a look, or not a priority right now?</p><p>{{my.first_name}}<br>Clio</p>","Hi {{first_name}}, {{my.first_name}} at Clio. No pressure here, just making sure you have the door open. The 14 day trial is live, and the whole idea is you point Clio Work at one of your own business formation files and see a real result in about ten minutes, with nothing to set up. If that is useful, I am happy to resend the link and get you to the first draft. Worth a look this week?","Hi {{first_name}}, {{my.first_name}} at Clio. The 14 day trial is still open whenever you want it. You run it on one of your own files and see a real result in about ten minutes, nothing to set up. Happy to resend the link if that helps.",one month free,"<p>Hi {{first_name}},</p><p>One thing worth knowing: if you buy Clio Work by July 31, 2026, you get one month free. It is the same legal AI that business formation firms use every day to get the first draft done, reading their own files, with nothing to set up on your end.</p><p>If the timing works, I can <a href=""https://www.clio.com/work/signup/"">get you started</a> today.</p><p>{{my.first_name}}<br>Clio</p>","Hi {{first_name}}, {{my.first_name}} at Clio. Two things. First, if Clio Work is a fit and you buy by July 31, 2026, you get one month free. Second, I am glad to run it live on one of your own business formation files so you see a real result in about ten minutes, nothing to set up. Either way, low pressure. Want me to set that up, or send you the details to look at on your own?","Hi {{first_name}}, {{my.first_name}} at Clio. Quick note: if you buy Clio Work by July 31, 2026, you get one month free. Happy to run it on one of your own files first so you see a real result. Give me a call back if useful.",closing the loop,"<p>Hi {{first_name}},</p><p>I will stop here so I am not cluttering your inbox. If it is ever useful, Clio Work does the business formation drafting and runs on its own, with nothing to set up. You upload a file and it gets going. <a href=""https://www.clio.com/work/signup/"">The 14 day trial</a> is here whenever you want it.</p><p>Good luck with the work.</p><p>{{my.first_name}}<br>Clio</p>"
Tier 1,001OG000013V8NFYA0,003OG00000Ch0aYYAR,contact (lead-converted),"Daddario Law Firm, LLC",Administrative Law,,Connecticut,,Winnable,60,7.9,,Product Related,Product Gap,Suppress - recently worked,Paul,E. Daddario,cee@eblaw.com,860-417-6590,,,,,,,,,Duo | Grow | Manage,189,,,,,,,,FALSE,FALSE,,,,,,,,,,,,,,,No,Yes,,,No,TRUE,"email,call,linkedin",,"Administrative law firm in CT, prior Clio Manage plus Manage AI (Duo) and vLex, churned on a capability gap; lead with Clio Work doing agency-record reading and filings on their own files, prior-AI variant, one month free by July 31, 2026.",001OG000013V8NFYA0,"Daddario Law Firm, LLC is an administrative law firm in Connecticut that previously used Clio and churned for a product related reason, a capability gap where something they needed was missing at the time, and they held our earlier AI, Manage AI (previously Duo) and vLex, so never treat the AI as new to them. Lead with how much more capable Clio Work is now and that it runs on its own without Manage with nothing to set up; the missing capability is exactly the angle, since the AI now reads their own files and does the work on the largest legal library, something they can verify in a trial, and for administrative law the slow part is reading agency records and preparing filings. Recommended Clio Work at Work video: Contract Review That Doesn't Miss the Buried Clause; communication channels open are email, calling, and LinkedIn. Acknowledge the prior relationship once, in step 1 only.",your administrative law work,"<p>Hi {{first_name}},</p><p>You held Clio's AI back on Manage. Clio Work is a long way past that now: it reads an administrative law file and does the work, it runs on its own without Manage, and there is nothing to set up. You upload one agency record and it tells you what it can do with it.</p><p>Two-minute example: <a href=""https://www.clio.com/work/at-work/"">Contract Review That Doesn't Miss the Buried Clause</a>, where it returns obligations, items flagged by severity, and the standard provisions a document is missing.</p><p>{{my.first_name}}<br>Clio</p>","Hi {{first_name}}, it is {{my.first_name}} at Clio, I will be quick. We built a legal AI that does the actual work now, and it runs on its own without the full subscription. You upload one document and it gets going, nothing to set up. For administrative law, reading agency records and preparing filings is the slow part, and this does the first pass. Opposed to me sending a two-minute look?","Hi {{first_name}}, {{my.first_name}} at Clio. We built a legal AI that does the actual legal work now, and it runs without the full subscription. I just sent you an email with a short video. Worth a look for an administrative law firm.","We built a legal AI at Clio that does the actual legal work now, reading a file and doing the first pass, and it runs on its own with nothing to set up. Thought it was worth being on your radar given your administrative law practice. No pitch.",a free trial,"<p>Hi {{first_name}},</p><p>The honest way to judge Clio Work is on one of your own administrative law files. Here is <a href=""https://www.clio.com/work/signup/"">the 14-day trial</a>. You upload an agency record, it suggests what to do with it, and you see a real result in about ten minutes. Nothing to install, no migration, and nothing to set up on your end. See what it does with your actual file.</p><p>{{my.first_name}}<br>Clio</p>","Hi {{first_name}}, {{my.first_name}} at Clio again. Clio Work reads an administrative law file and does the first pass, the agency record reading and the draft filing, and it runs on its own with nothing to set up. The honest test is one of your own files. I just sent you the 14-day trial link by email. You upload a document and see a real result in about ten minutes. Want me to walk you to it?","Hi {{first_name}}, {{my.first_name}} at Clio. I just emailed you the 14-day trial for Clio Work. Upload one of your own administrative law files and it does the first pass in about ten minutes, nothing to set up. Give it a try.","Two-minute watch if useful: Clio Work reads a document and returns the obligations, the items flagged by severity, and the standard provisions that are missing. For administrative law, that is the slow part done fast. https://www.clio.com/work/at-work/",an honest question,"<p>Hi {{first_name}},</p><p>Most administrative law firms have made peace with reading long agency records and preparing filings eating hours before anyone gets to strategy. Fair enough if that is just how the work goes. If it is worth questioning, Clio Work does that reading and the first draft in minutes. Worth a look, or not a priority right now?</p><p>{{my.first_name}}<br>Clio</p>","Hi {{first_name}}, {{my.first_name}} at Clio. Quick one: the Clio Work trial is open, and the fastest way to judge it is on one of your own administrative law files. You upload an agency record, it suggests what to do with it, and you have a real result in about ten minutes, nothing to set up. I can send the trial link again if it is easier. Worth a few minutes this week?","Hi {{first_name}}, {{my.first_name}} at Clio. The Clio Work trial is still open. Upload one administrative law file and it does the first pass in about ten minutes. I will resend the link by email. Worth a look this week.",one month free,"<p>Hi {{first_name}},</p><p>One thing worth knowing: if you buy Clio Work by July 31, 2026, you get one month free. It is the same AI that administrative law firms use to get the reading and the first draft done, and there is nothing to set up on your end.</p><p>If the timing works, I can <a href=""https://www.clio.com/work/signup/"">get you started</a> today.</p><p>{{my.first_name}}<br>Clio</p>","Hi {{first_name}}, {{my.first_name}} at Clio, last time I will try you live. One thing worth knowing: if you buy Clio Work by July 31, 2026, you get one month free. It is the same AI that does the administrative law reading and the first draft, with nothing to set up on your end. If the timing works I can get you started, or set you up on your own file first. What makes sense?","Hi {{first_name}}, {{my.first_name}} at Clio. If you buy Clio Work by July 31, 2026, you get one month free. Same AI that does the administrative law reading and first draft, nothing to set up. Happy to get you started. Give me a call back.",closing the loop,"<p>Hi {{first_name}},</p><p>I will stop here so I am not cluttering your inbox. If it is ever useful, Clio Work does the administrative law reading and preparing filings, and it runs on its own with nothing to set up or migrate. <a href=""https://www.clio.com/work/signup/"">The 14-day trial</a> is here whenever you want it, on one of your own files.</p><p>Good luck with the work.</p><p>{{my.first_name}}<br>Clio</p>"
Tier 1,001OG000010apl3YAA,003OG00000H6ZvmYAF,contact-email,Austin LLP,Civil Litigation,,New York,,Neutral/unknown,50,11.9,,Unknown,,Untapped,David,Austin,david.austin@austinllp.com,(917) 515-5685,,,,,,,,,Duo | Grow | Manage,179,,,,,,,,FALSE,FALSE,,,,,,,,,,,,,,,No,No,,,No,TRUE,"email,call,linkedin",,"Austin LLP, civil litigation, New York. Former Clio Manage customer who held Manage AI (previously Duo) and vLex; churn reason unknown. Lead with how much more capable Clio Work is now and that it runs without Manage. Offer live on steps 9 and 10 (buy by July 31, 2026).",001OG000010apl3YAA," Austin LLP is a civil litigation firm in New York that previously used Clio and held our earlier AI, Manage AI (previously Duo) and vLex. The churn reason is unknown and not on file, so use the default arc and lead with how much more capable Clio Work is now and that it runs on its own without Manage, with nothing to set up. For civil litigation, the slow part is reading a new complaint or motion before anyone gets to strategy. Recommended Clio Work at Work video: Tearing Apart a Complaint in Under 2 Minutes. Communication channels open: email, calling, LinkedIn. Acknowledge the prior relationship once, in step 1 only.",your civil litigation work,"<p>Hi {{first_name}},</p><p>You had our AI through Manage AI and vLex. Clio Work is far more capable now: it reads a civil litigation file and does the work, it runs on its own without Manage, and there is nothing to set up. You upload a document and it tells you what it can do with it.</p><p>Two-minute example: <a href=""https://www.clio.com/work/at-work/"">Tearing Apart a Complaint in Under 2 Minutes</a>, where it reads a served complaint and pulls every claim, the legal basis, the weak points, and cited counter-arguments.</p><p>{{my.first_name}}<br>Clio</p>","Hi {{first_name}}, it is {{my.first_name}} at Clio, I will be quick. You had our AI a while back, so you know the idea. It is a long way more capable now: it reads a civil litigation file and does the work, and it runs on its own with nothing to set up. You upload a complaint and it pulls every claim, the legal basis, and the weak points in about two minutes. For litigation, that reading is the slow part before anyone gets to strategy. Opposed to me sending a short look?","Hi {{first_name}}, {{my.first_name}} at Clio. Our legal AI is far more capable now and runs on its own, nothing to set up. It reads a complaint and pulls every claim in about two minutes. Just sent you an email with a short video. Worth a look.","We built a legal AI at Clio that reads a civil litigation file and does the work now, running on its own with nothing to set up. Upload a complaint and it pulls every claim, the legal basis, and the weak points in about two minutes. Thought it was worth being on your radar. No pitch.",a free trial,"<p>Hi {{first_name}},</p><p>The honest way to judge Clio Work is on one of your own civil litigation files. Here is <a href=""https://www.clio.com/work/signup/"">the 14-day trial</a>. You upload a document, it suggests what to do with it, and you see a real result in about ten minutes. Nothing to install, no migration. Point it at a complaint you were served and watch it map every claim before you have finished your coffee.</p><p>{{my.first_name}}<br>Clio</p>","Hi {{first_name}}, {{my.first_name}} at Clio again, quick one. I sent over a trial link a moment ago. The reason it is worth a minute: Clio Work does the actual civil litigation work now. You upload a complaint or a motion and it reads it and pulls the claims, the legal basis, and the weak points, all on one of your own files, in about ten minutes. Nothing to set up. Want me to walk you to the first result when you have a file handy?","Hi {{first_name}}, {{my.first_name}} at Clio. Just sent you a trial link. Upload one civil litigation file and Clio Work reads it and pulls the claims in about ten minutes, nothing to set up. Give it a try and tell me what you think.","A useful two-minute watch if you handle civil litigation: you upload a complaint you were served and Clio Work pulls every claim, the legal basis, the weak points, and cited counter-arguments in about two minutes. It runs on its own, nothing to set up. https://www.clio.com/work/at-work/",an honest question,"<p>Hi {{first_name}},</p><p>Most civil litigation firms have made peace with reading a new complaint or motion cover to cover before anyone gets to strategy. Fair enough if that is just how the work goes. Clio Work does that first read in minutes, on your own file, and points you at the claims and the weak spots. Worth a look, or not a priority right now?</p><p>{{my.first_name}}<br>Clio</p>","Hi {{first_name}}, {{my.first_name}} at Clio. Keeping it short. The trial for Clio Work is open, and the point of it is simple: you upload one of your own civil litigation files and see a real result in about ten minutes. It reads a complaint and pulls the claims, the legal basis, and the weak points, with nothing to set up on your end. If you tell me a file type you deal with a lot, I will send the link again and point you to the fastest first win.","Hi {{first_name}}, {{my.first_name}} at Clio. The Clio Work trial is open. Upload one civil litigation file and see a real result in about ten minutes, nothing to set up. I will resend the link now. Give it a look when you have a spare moment.",one month free,"<p>Hi {{first_name}},</p><p>One thing worth knowing: if you buy Clio Work by July 31, 2026, you get one month free. Same AI that civil litigation firms use every day to get the first read on a complaint done, and there is nothing to set up on your end.</p><p>If the timing works, I can <a href=""https://www.clio.com/work/signup/"">get you started</a> today.</p><p>{{my.first_name}}<br>Clio</p>","Hi {{first_name}}, {{my.first_name}} at Clio, last live try from me. Two things worth a minute. First, if you buy Clio Work by July 31, 2026, you get one month free. Second, the reason it is worth it: it reads a civil litigation file and pulls the claims, the legal basis, and the weak points in minutes, on your own document, nothing to set up. Happy to run it on one of your files with you, or just point you at the start. Which is easier for you?","Hi {{first_name}}, {{my.first_name}} at Clio. If you buy Clio Work by July 31, 2026, you get one month free. It reads a civil litigation file and pulls the claims in minutes, nothing to set up. Give me a call back and I will point you to the fastest first result.",closing the loop,"<p>Hi {{first_name}},</p><p>I will stop here so I am not cluttering your inbox. If it is ever useful, Clio Work does the civil litigation work and runs on its own, with nothing to set up. You upload a complaint and it pulls the claims and the weak points in minutes. <a href=""https://www.clio.com/work/signup/"">The 14-day trial</a> is here whenever you want it.</p><p>Good luck with the work.</p><p>{{my.first_name}}<br>Clio</p>"
Tier 1,0012G00001fcMCnQAM,0032G00002Ko7NBQAZ,contact-email,Wendy Wu Law,Business Formation / Compliance,,California,,Winnable,70,15,,Firm Related,No Time To Learn,Suppress - recently worked,Wendy,Wu,wendywu@wwlaws.com,,,,,,,,,,Accountant User | Accounting | Grow | Manage,178.2,,,,,,,,FALSE,FALSE,,,,,,,,,,,,,,,No,No,,,No,FALSE,"email,call,linkedin",,"Wendy Wu Law, business formation / compliance firm in California, no prior Clio AI. Channels: email, call, LinkedIn. Firm Related churn: verify the firm is still practicing before sending. No blanks to fill.",0012G00001fcMCnQAM," Wendy Wu Law is a business formation and compliance firm in California that previously used Clio Manage and churned for firm-related reasons, with a secondary note of no time to learn. That points to a change in the firm's own circumstances, likely staffing or capacity, so verify the firm is still actively practicing before you send anything. They did not use our AI before, so Clio Work is genuinely new to them; lead on getting the drafting done when short-handed plus the ease angle, nothing to set up. Recommended Clio Work at Work video: From Blank Page to First Draft in One Conversation. Communication channels open: email, calling, LinkedIn. Acknowledge the prior relationship once, in step 1 only.",your formation drafting,"<p>Hi {{first_name}},</p><p>Back when you were on Clio Manage, the admin lived in one place. This is a different tool. Clio Work drafts the entity documents from what you tell it, and it runs on its own, nothing to set up or migrate. You describe the deal in plain language and it returns a structured first draft.</p><p>Two-minute example: <a href=""https://www.clio.com/work/at-work/"">From Blank Page to First Draft in One Conversation</a>, where it builds a draft with jurisdiction-specific language and defined terms.</p><p>{{my.first_name}}<br>Clio</p>","Hi {{first_name}}, it is {{my.first_name}} at Clio, I will be quick. You were on Clio Manage a while back, so you know us. This is a different thing: an AI that does the actual drafting now. You describe the deal and it returns a first draft, nothing to set up. For formation work when you are short-handed, that is the slow part. Alright if I send a two-minute look?","Hi {{first_name}}, {{my.first_name}} at Clio. We built a legal AI that drafts formation documents now, and it runs without the full subscription. Just sent you an email with a short video. Worth a look when you are covering a lot yourself.","{{first_name}}, we built a legal AI at Clio that drafts formation documents now and runs on its own, nothing to set up. Thought it was worth being on your radar given your business formation practice. No pitch.",a free trial,"<p>Hi {{first_name}},</p><p>The honest way to judge Clio Work is on one of your own formation matters. Here is <a href=""https://www.clio.com/work/signup/"">the 14-day trial</a>. You describe the deal, it returns a structured first draft, and you see a real result in about ten minutes. Nothing to install, no migration, and it holds up even when you are covering the work alone.</p><p>{{my.first_name}}<br>Clio</p>","Hi {{first_name}}, {{my.first_name}} at Clio again. Quick one: I just sent over a 14-day trial of Clio Work. You run it on one of your own formation matters, describe the deal, and it drafts the entity documents in about ten minutes. Nothing to set up. Handy when you are short-handed on the drafting. Want me to walk you to the link?","Hi {{first_name}}, {{my.first_name}} at Clio. Just left you a trial link by email. Run Clio Work on one of your own formation matters and it drafts the first pass in minutes. Give it a look when you have a moment.","{{first_name}}, sharing the two-minute look I mentioned. Clio Work takes a deal described in plain language and returns a structured first draft with jurisdiction-specific terms: https://www.clio.com/work/at-work/ Useful when the drafting is stacking up.",an honest question,"<p>Hi {{first_name}},</p><p>Most business formation firms have made peace with drafting each set of entity documents by hand from a prior deal, tweaking the language matter by matter. Fair enough if that is just how it goes, especially when you are short on hands. If it is worth questioning, Clio Work does that first draft in minutes. Worth a look, or not a priority right now?</p><p>{{my.first_name}}<br>Clio</p>","Hi {{first_name}}, {{my.first_name}} at Clio. Not here to pester you. The 14-day trial of Clio Work is still open, and it is built for exactly the formation drafting that eats the most time. You describe the deal, it returns the first draft, nothing to configure. Can I send the link over one more time?","Hi {{first_name}}, {{my.first_name}} at Clio. The Clio Work trial is still open whenever you want to run it on a formation matter. I will send the link again by email. Take care.",one month free,"<p>Hi {{first_name}},</p><p>One thing worth knowing: if you buy Clio Work by July 31, 2026, you get one month free. Same AI firms use to get the first draft of entity documents done, and there is nothing to set up on your end. It carries the drafting when you are covering a lot yourself.</p><p>If the timing works, I can <a href=""https://www.clio.com/work/signup/"">get you started</a> today.</p><p>{{my.first_name}}<br>Clio</p>","Hi {{first_name}}, {{my.first_name}} at Clio, last live attempt from me. Quick reminder that if you pick up Clio Work by July 31, 2026, you get one month free. It drafts your formation documents from a plain description, nothing to set up. Happy to run it on one of your files in ten minutes. Does a short call this week work?","Hi {{first_name}}, {{my.first_name}} at Clio. If Clio Work is any use for your formation drafting, buying by July 31 gets you one month free. Happy to show it on one of your files. Give me a call back when you can.",closing the loop,"<p>Hi {{first_name}},</p><p>I will stop here so I am not cluttering your inbox. If it is ever useful, Clio Work drafts your formation documents from a plain description of the deal and runs on its own, with nothing to set up, train on, or migrate. <a href=""https://www.clio.com/work/signup/"">The 14-day trial</a> is here whenever you want it, and you can run it on one of your own matters in about ten minutes.</p><p>Good luck with the work.</p><p>{{my.first_name}}<br>Clio</p>"
Tier 2,0012G00001blc90QAA,003OG00000SJTm6YAH,contact-email,Clark Love & Hutson,Medical Malpractice,,Texas,,Neutral/unknown,35,4,,Firm Related,,Suppress - recently worked,Edward,Rodriguez,itsupport@triallawfirm.com,7137571400,,,,,,,,,Grow | Manage,169,20 to 60,,,,,,,FALSE,FALSE,,,,,,,,,,,,,,,No,No,,,No,FALSE,"email,call,linkedin",,"Clark Love & Hutson, Texas, Medical Malpractice. Prior Clio AI: no (Clio Work is new to them). Channels: email, call, LinkedIn. Churn: Firm Related. No blanks to fill.",0012G00001blc90QAA,"Clark Love & Hutson is a Texas medical malpractice firm and a former Clio Manage customer that churned for Firm Related reasons, so circumstances at the firm changed rather than a product complaint. They did not hold our earlier AI, so Clio Work is genuinely new to them: position it as a standalone product that reads their own deposition transcripts and medical records and does the first pass, returning admissions and contradictions with page and line, with nothing to set up, train on, or migrate. Recommended Clio Work at Work video: X-Ray a Witness With AI-Analyzed Transcripts. Open channels are email, calling, and LinkedIn.",First pass on transcripts,"<p>Hi {{first_name}},</p><p>Medical malpractice cases turn on what a witness admits and what the records contradict. Since your team already knows Clio, here is something different: Clio Work reads your own deposition transcripts and medical files and does the first pass itself. It returns admissions and contradictions with the exact page and line, nothing to set up. Watch <a href=""https://www.clio.com/work/at-work/"">the two-minute walkthrough</a>.</p><p>{{my.first_name}}<br>Clio</p>","Hi {{first_name}}, this is {{my.first_name}} at Clio. I know your team worked with us before, so I will be quick. There is a newer product, Clio Work, that reads your own deposition transcripts and medical records and does the first pass, pulling admissions and contradictions with the exact page and line. It runs on its own and there is nothing to set up. Is a faster first read on that material something worth two minutes?","Hi {{first_name}}, it is {{my.first_name}} at Clio. Wanted to flag Clio Work: it reads your own deposition transcripts and returns admissions and contradictions with page and line, nothing to set up. I will send a short note so you have it. Thanks.","Hi {{first_name}}, quick one for your medical malpractice cases. Clio Work reads your own deposition transcripts and returns admissions and contradictions with the exact page and line. Nothing to set up. It runs on its own. Happy to send a two-minute look if useful. {{my.first_name}}",The admission on page 240,"<p>Hi {{first_name}},</p><p>When a deposition runs three hundred pages, the admission that wins the case can hide on page two forty. Clio Work reads the transcript from your own files and does the work, flagging admissions, contradictions, and testimony gaps with the exact page and line. Here is a short one: <a href=""https://www.clio.com/work/at-work/"">X-Ray a Witness With AI-Analyzed Transcripts</a>. You drop in a transcript and it returns the key moments.</p><p>{{my.first_name}}<br>Clio</p>","Hi {{first_name}}, {{my.first_name}} at Clio again. I sent over a short video called X-Ray a Witness With AI-Analyzed Transcripts. The idea is simple: you drop in one of your own deposition transcripts and Clio Work returns the key admissions, contradictions, and testimony gaps with the exact page and line. No setup and no migration. Would it help if I walked you through it on one of your own files?","Hi {{first_name}}, {{my.first_name}} at Clio. Following up on the transcript video I sent. Drop in one deposition and Clio Work returns admissions and contradictions with page and line. Give me a call back when you have a minute. Thanks.","{{first_name}}, this is the one I meant. You drop in a deposition transcript and it returns key admissions, contradictions, and testimony gaps with the page and line, from your own file: https://www.clio.com/work/at-work/",The slow read,"<p>Hi {{first_name}},</p><p>Most medical malpractice teams still read every deposition page and every records box by hand, marking admissions and contradictions the slow way. It has always been the job, so nobody questions the hours it eats. I will keep this short. Is a faster first pass on transcripts and records worth a look, or just not a priority right now?</p><p>{{my.first_name}}<br>Clio</p>","Hi {{first_name}}, {{my.first_name}} at Clio. Not trying to fill your inbox, so one practical thought. If your team is spending long hours combing transcripts and medical records before you even build a theory, Clio Work does that first pass on your own files and hands back admissions and contradictions with page and line. Upload one document and it starts. Would a quick look on a real file be worth it?","Hi {{first_name}}, {{my.first_name}} at Clio. Last thought on Clio Work: upload one deposition or record and it does the first pass, page and line. Happy to show it on one of your files. Call me back when it suits. Thanks.",One month free,"<p>Hi {{first_name}},</p><p>One reason to move now: buy Clio Work by July 31, 2026 and you get one month free. It reads your own transcripts and medical records and does the first pass, returning admissions and contradictions with the page and line. Nothing to set up or migrate. You can run the 14-day trial on one of your own files here: <a href=""https://www.clio.com/work/signup/"">start the 14-day trial</a>.</p><p>{{my.first_name}}<br>Clio</p>","Hi {{first_name}}, {{my.first_name}} at Clio. Quick and time-sensitive one. If you bring Clio Work on by July 31, 2026, you get one month free. You can try it first on one of your own files: drop in a deposition or a records set and it returns the admissions and contradictions with page and line. Nothing to set up. Want me to help you start the trial this week?","Hi {{first_name}}, {{my.first_name}} at Clio. Heads up that Clio Work comes with one month free if you buy by July 31, 2026. You can try it first on one of your own files. Give me a ring and I will help you start. Thanks.",One last thought,"<p>Hi {{first_name}},</p><p>Last note from me. On your next big case, picture the deposition transcript and the medical records doing their own first pass: admissions and contradictions surfaced with the exact page and line, nothing to set up. That is Clio Work on one of your own files. If it is worth a short look, watch <a href=""https://www.clio.com/work/at-work/"">the quick walkthrough</a>.</p><p>{{my.first_name}}<br>Clio</p>"
Tier 1,001OG000015xcAlYAI,003OG00000ImwybYAB,contact-email,The Law Office of Christian Thierbach,Wills & Estates,,California,,Winnable,70,6.8,,Firm Related,No Time To Learn,Untapped,Christian,Thierbach,easywillandtrusts@gmail.com,951-961-3093,,,,,,,,,Grow | Manage,169,,,,,,,,FALSE,FALSE,,,,,,,,,,,,,,,No,No,,,No,FALSE,"email,call,linkedin",,"The Law Office of Christian Thierbach, Wills & Estates, California. Prior Clio AI: no (new to them). Channels: email, call, LinkedIn. No blanks to fill.",001OG000015xcAlYAI,"The Law Office of Christian Thierbach is a Wills & Estates firm in California that previously subscribed to Clio Manage; they never held our AI, so Clio Work is genuinely new to them. Churn was firm related, with no time to learn cited as a secondary reason, so keep the ask light and lead with how little setup Clio Work needs. Pitch it as a standalone product for drafting: upload one document and it returns a structured first draft with jurisdiction specific language, no Manage subscription required. Recommended Clio at Work video: From Blank Page to First Draft in One Conversation. Email, calling, and LinkedIn are all open.",First draft in minutes,"<p>Hi {{first_name}},</p><p>Estate planning at your California firm means turning a client conversation into a precise document, capacity language and all. Clio Work handles that first pass. Describe the matter in plain words and it returns a structured draft with jurisdiction specific terms defined.</p><p>You worked with Clio before; this is a separate product, nothing to set up or migrate.</p><p>Here is <a href=""https://www.clio.com/work/at-work/"">From Blank Page to First Draft in One Conversation</a>, showing how it starts.</p><p>{{my.first_name}}<br>Clio</p>","Hi {{first_name}}, this is {{my.first_name}} at Clio. You used Clio a while back, so I wanted to reach you directly. We built something new for wills and estates work. You describe the matter in plain language and Clio Work returns a structured first draft, with the capacity and jurisdiction language already in place. There is nothing to set up or migrate, you just upload one document and it starts. Could I send you a two minute look?","Hi {{first_name}}, it is {{my.first_name}} at Clio. We built something new for estate drafting: describe a matter and it returns a structured first draft. Nothing to set up. I will follow up by email.","Hi {{first_name}}, most estate planning time goes into the first draft, not the client. Clio Work turns a plain description of the matter into a structured draft with capacity and jurisdiction language already in place. Open to a quick look?",Upload one document,"<p>Hi {{first_name}},</p><p>One thing that surprises estate attorneys: you do not fill in a form or learn a tool. You upload an existing will or trust and Clio Work reads it, then suggests what to do next based on what is actually in the file.</p><p>The document is the prompt. From there it drafts with defined terms and language specific to California.</p><p>The same idea is in <a href=""https://www.clio.com/work/at-work/"">From Blank Page to First Draft in One Conversation</a>. Worth two minutes?</p><p>{{my.first_name}}<br>Clio</p>","Hi {{first_name}}, {{my.first_name}} at Clio again. I know time to learn a new tool is the usual barrier, so here is the short version. With Clio Work there is nothing to learn: you upload one of your own wills or trusts, it reads the file, and it suggests the next step based on what is in it. The document does the work of the prompt. Would it help if I sent one example from an estate matter?","Hi {{first_name}}, {{my.first_name}} at Clio. With Clio Work there is nothing to learn, you upload a will or trust and it reads it and suggests next steps. I will send an example.","Hi {{first_name}}, quick follow up. This short video shows Clio Work taking a plain description of an estate matter to a structured first draft with jurisdiction specific language: https://www.clio.com/work/at-work/",The blank page tax,"<p>Hi {{first_name}},</p><p>Most estate firms have quietly accepted that every will and trust starts from a saved precedent that still needs an hour of edits, retyping the same capacity clauses and swapping names by hand. It is slow, but it is how the work has always gone.</p><p>I am not going to pretend that is unbearable. It clearly works well enough.</p><p>I will just ask: is trimming that first draft time worth a look, or not a priority right now?</p><p>{{my.first_name}}<br>Clio</p>","Hi {{first_name}}, {{my.first_name}} at Clio. I will keep this to one point. The part of estate work that eats the most time is the first draft, not the client conversation. Clio Work takes your plain description of the matter and returns a structured draft with the capacity and jurisdiction language already there, from one uploaded document. If I sent you a two minute example, would you take a look this week?","Hi {{first_name}}, {{my.first_name}} at Clio. One point: Clio Work turns your description of an estate matter into a structured first draft. I will resend the short example. Talk soon.",One month free,"<p>Hi {{first_name}},</p><p>Quick note on timing. If your firm starts Clio Work by July 31, 2026, you get one month free.</p><p>The easiest way to judge it is on your own matter: take the 14-day trial and run one of your own wills or trusts through it, then read the structured first draft it returns with California specific language.</p><p>Start the trial here: <a href=""https://www.clio.com/work/signup/"">the 14-day trial signup</a>.</p><p>{{my.first_name}}<br>Clio</p>","Hi {{first_name}}, {{my.first_name}} at Clio. Wanted to flag the timing before it passes. If your firm starts Clio Work by July 31, you get one month free. The best way to decide is to run one of your own estate files through the trial and read the first draft it returns. It takes a few minutes and nothing needs setting up. Want me to send the signup link again so you can try it this week?","Hi {{first_name}}, {{my.first_name}} at Clio. If you start Clio Work by July 31 you get one month free. Try it on one of your own files. I will resend the link.",One file to try,"<p>Hi {{first_name}},</p><p>I will leave this here. If drafting wills and trusts is where your California firm loses the most hours, Clio Work is built for exactly that: describe the matter and it returns a structured first draft with the capacity and jurisdiction language in place.</p><p>The lowest effort test is one of your own files on the 14-day trial.</p><p>You can start it here: <a href=""https://www.clio.com/work/signup/"">the 14-day trial signup</a>.</p><p>{{my.first_name}}<br>Clio</p>"
Tier 1,001OG0000055eWdYAI,003OG000003AbpOYAS,contact-email,"C. David Keen, P.S.C.",Family,,Kentucky,,Winnable,70,8.3,,Firm Related,No Time To Learn,Untapped,David,Keen,david@keenlawky.com,270-843-4560,,,,,,,,,Grow | Manage,169,,,,,,,,FALSE,FALSE,,,,,,,,,,,,,,,No,No,,,No,FALSE,"email,call,linkedin",,"C. David Keen, P.S.C. (Family, Kentucky). Prior Clio AI: no. Channels: email, call, LinkedIn. Firm circumstances changed; position Clio Work as capacity: first pass on family-law filings from their own files, nothing to set up. No blanks to fill.",001OG0000055eWdYAI,"C. David Keen, P.S.C. is a Family practice in Kentucky that previously used Clio Manage but did not hold our AI (so Clio Work is genuinely new to them). Internal churn reason: Firm Related, secondary No Time To Learn, so the firm's circumstances changed and capacity is tight; do not name this in any sent step. Position Clio Work as a standalone product that reads their own family-law filings and case documents and does the first pass, with nothing to set up, train on, or migrate. Recommended Clio Work at Work video: Tearing Apart a Complaint in Under 2 Minutes. Open channels: email, calling, LinkedIn.",First pass on filings,"<p>Hi {{first_name}},</p><p>Family cases in Kentucky pile up faster than the day allows, and the first pass on every filing still lands on you. Clio Work reads your own case documents and does that first pass itself, with nothing to set up after your earlier time with Clio.</p><p>Watch <a href=""https://www.clio.com/work/at-work/"">Tearing Apart a Complaint in Under 2 Minutes</a>: it reads a complaint you were served and pulls out every claim, the legal basis, and the weak points. Worth two minutes?</p><p>{{my.first_name}}<br>Clio</p>","Hi {{first_name}}, this is {{my.first_name}} at Clio. I know a family practice in Kentucky keeps you moving, so I will be quick. There is a product called Clio Work that reads your own case files and does the first pass on filings for you. Nothing to set up, nothing to migrate. You upload one document and it starts, and it suggests what to do based on what is in it. Would it be worth me sending you a two-minute example on your email?","Hi {{first_name}}, it is {{my.first_name}} at Clio. Wanted to flag Clio Work: it reads your own family case files and does the first pass on filings, nothing to set up. I will send a short note with a two-minute example. Talk soon.","Hi {{first_name}}, saw you run a family practice here in Kentucky. Clio Work reads your own case files and does the first pass on filings itself, nothing to set up. Happy to send a two-minute example if useful. {{my.first_name}}",Upload one file,"<p>Hi {{first_name}},</p><p>Most family firms build the first draft of every response by hand, reading each document twice before a word gets written. Clio Work does that reading for you: upload one of your own files and it starts, suggesting what to do next based on what is actually in the document. There is nothing to train on first.</p><p>You can run <a href=""https://www.clio.com/work/signup/"">the 14-day trial</a> on a single case of your choosing and see the first pass for yourself.</p><p>{{my.first_name}}<br>Clio</p>","Hi {{first_name}}, {{my.first_name}} at Clio again. Quick follow up on the note I sent. The thing worth knowing about Clio Work is that the document you upload is the prompt. You give it a complaint or a disclosure from one of your own cases and it reads it and drafts the first pass, no setup or training first. Most family attorneys try it on one file to see what it does. Would you want to run it on a case of your own this week?","Hi {{first_name}}, {{my.first_name}} at Clio following up. With Clio Work the document you upload is the prompt: it reads one of your own files and drafts the first pass. Try it on a single case whenever you have a minute. I will check back.","Hi {{first_name}}, this is the two-minute example I mentioned. It reads a complaint you were served and pulls every claim, the legal basis, and the weak points, with cited authority. https://www.clio.com/work/at-work/ {{my.first_name}}",The slow part,"<p>Hi {{first_name}},</p><p>Most family practices have made their peace with the slow part: someone reads every complaint and financial disclosure line by line, then builds the response from scratch. It works, and it also eats the hours you would rather spend with clients.</p><p>Clio Work reads those same files and drafts the first pass, so the manual read is no longer where your day goes. Worth a look, or not a priority right now?</p><p>{{my.first_name}}<br>Clio</p>","Hi {{first_name}}, {{my.first_name}} at Clio. I will keep this short. A lot of family attorneys tell me the reading is the part that never shrinks: every filing gets a close read before anyone drafts. Clio Work does that first read and pulls the claims and weak points for you, running on its own on your own files. I would love to get a two-minute example in front of you. Is email still the best way to reach you?","Hi {{first_name}}, {{my.first_name}} at Clio. Still think Clio Work is worth two minutes of yours: it does the close read on your filings and pulls the claims and weak points for you. I will follow up by email. Thanks {{first_name}}.",One month free,"<p>Hi {{first_name}},</p><p>A quick reason to look now: if you start Clio Work by July 31, 2026, you get one month free. It reads your own family-law files and does the first pass, and there is nothing to set up before it starts. The document you upload is the prompt.</p><p>You can begin with <a href=""https://www.clio.com/work/signup/"">the 14-day trial</a> on one of your own cases and keep the free month if you decide to stay.</p><p>{{my.first_name}}<br>Clio</p>","Hi {{first_name}}, {{my.first_name}} at Clio. One time sensitive note: if you start Clio Work by July 31, you get one month free. It reads your own family files and does the first pass, nothing to set up first. Easiest path is to run it on a single case and see the first draft it gives you. Want me to resend the trial link so you can try it before the end of the month?","Hi {{first_name}}, {{my.first_name}} at Clio. Quick one: start Clio Work by July 31 and you get one month free. It reads your own files and does the first pass. I will resend the link so you can try it on a case. Thanks {{first_name}}.",Last note,"<p>Hi {{first_name}},</p><p>Last note from me. The part of family work that takes longest, reading a filing closely and mapping out the response, is the part Clio Work handles on its own. It runs on the vLex corpus, the largest legal library in the world, and reads your own documents to do it.</p><p>If it is ever useful, <a href=""https://www.clio.com/work/at-work/"">Tearing Apart a Complaint in Under 2 Minutes</a> shows it pulling every claim and the weak points from a served complaint.</p><p>{{my.first_name}}<br>Clio</p>"
Tier 1,001OG000016l5xJYAQ,003OG00000HJSdBYAX,contact-email,Susan Floyd Law LLC,Wills & Estates,,Georgia,,Winnable,55,5.2,,Firm Related,Budget Cuts,Untapped,Susan,Floyd,sf@susanfloydlaw.com,4046216390,,,,,,,,,Grow | Manage,152.1,,,,,,,,FALSE,FALSE,,,,,,,,,,,,,,,No,No,,,No,FALSE,"email,call,linkedin",,"Susan Floyd Law LLC, a wills and estates firm in Georgia, previously paid for Clio Manage and churned (primary Firm Related, secondary Budget Cuts). New to Clio's AI. Lead with Clio Work: standalone legal AI, no setup, no training, no migration, the document is the prompt. Given the budget angle, let them prove value on their own file first: 14-day trial is the hook, one month free (buy by July 31, 2026) in steps 9 and 10 lowers the first cost. Drafting-first-draft demo fits estate planning. Channels open: email, call, LinkedIn.",001OG000016l5xJYAQ," Susan Floyd Law LLC is a wills and estates firm in Georgia that previously paid for Clio Manage and churned, primary reason Firm Related with secondary Budget Cuts. They did not use Clio's AI before, so Clio Work is genuinely new to them: lead with no setup, no training, no migration, upload one document and it starts. Because budget was a factor, let them prove the value on their own file first, the 14-day trial is the hook and the one month free lowers the first cost. Recommended Clio Work at Work video: From Blank Page to First Draft in One Conversation. Channels open: email, calling, LinkedIn. Acknowledge the prior relationship once, in step 1 only.",Your estate planning work,"<p>Hi {{first_name}},</p><p>Back when you were on Clio Manage, the platform was the thing to set up. This is different. Clio Work reads an estate planning file and does the first pass, and it runs on its own, nothing to configure or migrate. You upload one document and it tells you what it can do with it.</p><p>Two minutes on that: <a href=""https://www.clio.com/work/at-work/"">From Blank Page to First Draft in One Conversation</a>, where you describe a matter and it drafts.</p><p>{{my.first_name}}<br>Clio</p>","Hi {{first_name}}, it is {{my.first_name}} at Clio, I will be quick. This is a legal AI that does the actual work now, the drafting and the first read on a file. You upload one document and it gets going, nothing to set up first. For wills and estates work, the first draft is the slow part. Opposed to me sending a two-minute look?","Hi {{first_name}}, {{my.first_name}} at Clio. We built a legal AI that does the drafting now, and it runs on its own with nothing to set up. Just sent you an email with a short video. Worth a look for an estate planning firm.","{{first_name}}, we built a legal AI at Clio that does the drafting and the first read on a file, and it runs on its own with nothing to set up. Thought it was worth being on your radar given your estate planning practice. No pitch.",Try your own file,"<p>Hi {{first_name}},</p><p>The honest way to judge Clio Work is on one of your own estate planning files. Here is <a href=""https://www.clio.com/work/signup/"">the 14-day trial</a>. You upload a will or a trust, it suggests what to do with it, and you see a real result in about ten minutes. Nothing to install, no migration, no training to sit through first.</p><p>{{my.first_name}}<br>Clio</p>","Hi {{first_name}}, {{my.first_name}} at Clio again, quick one. I just sent over a 14-day trial link. The idea is you run it on one of your own estate planning files, upload a document and see what it drafts in about ten minutes. Nothing to set up on your end. Worth trying on a real matter this week?","Hi {{first_name}}, {{my.first_name}} at Clio. Just emailed you a 14-day trial link for Clio Work. Run it on one of your own wills and estates files and see a real result in about ten minutes. Nothing to set up.","{{first_name}}, short one worth two minutes: it takes a plain description of a matter and returns a structured first draft. https://www.clio.com/work/at-work/",An honest question,"<p>Hi {{first_name}},</p><p>Most wills and estates firms have made peace with the blank page eating an hour before a first draft even starts to take shape. Fair enough if that is just how it goes. If it is worth questioning, Clio Work turns a plain description of the matter into a structured draft in minutes. Worth a look, or not a priority right now?</p><p>{{my.first_name}}<br>Clio</p>","Hi {{first_name}}, {{my.first_name}} at Clio. Not chasing, just making sure this is on your radar. The trial is open, so you can run Clio Work on one of your own estate planning files and see what it drafts, about ten minutes, nothing to set up. Happy to send the link again if that is easier. Would that be useful?","Hi {{first_name}}, {{my.first_name}} at Clio. The Clio Work trial is still open whenever you want it. Run it on one of your own files and see a real first draft in about ten minutes. I can resend the link.",One month free,"<p>Hi {{first_name}},</p><p>One thing worth knowing: if you buy Clio Work by July 31, 2026, you get one month free. Same AI that estate planning firms use every day to get a first draft done from a plain description, and there is nothing to set up on your end.</p><p>If the timing works, I can <a href=""https://www.clio.com/work/signup/"">get you started</a> today.</p><p>{{my.first_name}}<br>Clio</p>","Hi {{first_name}}, {{my.first_name}} at Clio. Two quick things. Clio Work drafts from a plain description of a matter and runs on its own, nothing to set up. And if you buy by July 31, 2026, you get one month free. If it helps, I can walk you through it on one of your own files in about ten minutes. Worth a look?","Hi {{first_name}}, {{my.first_name}} at Clio. If you buy Clio Work by July 31, 2026, you get one month free. It drafts from a plain description of a matter, nothing to set up. Give me a call back and I will walk you through it.",Closing the loop,"<p>Hi {{first_name}},</p><p>I will stop here so I am not cluttering your inbox. If it is ever useful down the line, Clio Work does the estate planning drafting from a plain description of the matter, and it runs on its own with nothing to set up. <a href=""https://www.clio.com/work/signup/"">The 14-day trial</a> is here whenever you want it.</p><p>Good luck with the work.</p><p>{{my.first_name}}<br>Clio</p>"
Tier 1,001OG00001AFdSpYAL,003OG00000Ne0leYAB,contact-email,8A1X,Wills & Estates,,Texas,,Winnable,70,6.9,,Product Related,Workflow Friction,Untapped,Ricardo,Ochoa,ursamjr@ix.netcom.com,4152189312,,,,,,,,,Grow | Manage,152.1,,,,,,,,FALSE,FALSE,,,,,,,,,,,,,,,No,No,,,No,FALSE,"email,call,linkedin",,"Winback cadence for 8A1X, a wills and estates firm in Texas that churned from Clio Manage (product related plus workflow friction). New to Clio AI. Angle: simplicity, one standalone tool, nothing to set up, train on, or migrate. Leads with Clio Work, recommended video From Blank Page to First Draft in One Conversation. Channels open: email, call, LinkedIn.",001OG00001AFdSpYAL," 8A1X is a wills and estates firm in Texas that previously paid for Clio Manage and churned; the churn reasons on file are product related and workflow friction, which reads as the platform feeling too complex to set up and run. They did not use Clio's AI before, so Clio Work is genuinely new to them: lead hard on simplicity, one standalone tool, nothing to set up, train on, or migrate, upload one document and it starts. Recommended Clio Work at Work video: From Blank Page to First Draft in One Conversation. Communication channels open: email, calling, LinkedIn. Acknowledge the prior relationship once, in step 1 only; never quote the churn reason back to the firm.",your estate planning work,"<p>Hi {{first_name}},</p><p>Back when your firm ran Clio Manage, setup was its own project. Clio Work is different. It reads a wills and estates file and does the first pass, running on its own, nothing to configure or migrate. Upload one document and it tells you what it can do with it.</p><p>A short look: <a href=""https://www.clio.com/work/at-work/"">From Blank Page to First Draft in One Conversation</a>, where you describe a matter in plain words and it returns a structured first draft.</p><p>{{my.first_name}}<br>Clio</p>","Hi {{first_name}}, it is {{my.first_name}} at Clio, I will be quick. We built a legal AI that does the actual drafting now, and it runs on its own without the full subscription. For a wills and estates firm, the blank page and the first draft is the slow part. You upload one document and it gets going, nothing to set up. Opposed to me sending you a two-minute look?","Hi {{first_name}}, {{my.first_name}} at Clio. We built a legal AI that does the actual drafting now, and it runs without the full subscription. Just sent you an email with a short video. Worth a look for a wills and estates firm.","{{first_name}}, we built a legal AI at Clio that does the drafting now and runs on its own, nothing to set up. Given your wills and estates practice, thought it was worth being on your radar. No pitch.",a free trial,"<p>Hi {{first_name}},</p><p>The honest way to judge Clio Work is on one of your own wills and estates files, not a sample file. Here is <a href=""https://www.clio.com/work/signup/"">the 14-day trial</a>. You upload a document, it suggests what to do with it, and you see a real result in about ten minutes. Nothing to set up, no training, no migration. One standalone tool, running on its own.</p><p>{{my.first_name}}<br>Clio</p>","Hi {{first_name}}, {{my.first_name}} at Clio again. I sent over a 14-day trial link. The idea is simple: pick one of your own wills and estates files, upload it, and see a real result in about ten minutes. Nothing to set up, no training. Want me to point you to where to start?","Hi {{first_name}}, {{my.first_name}} at Clio. Just following the email with the trial link. Upload one wills and estates file and Clio Work does the first draft, about ten minutes, nothing to set up. Give it a try when you can.","{{first_name}}, a quick two-minute watch if it is useful: Clio Work reads a document and returns a structured first draft, jurisdiction-specific language and all. https://www.clio.com/work/at-work/",an honest question,"<p>Hi {{first_name}},</p><p>Most wills and estates firms have made peace with the slow part: a blank page, a stack of notes, and an hour or two of manual drafting before the real thinking starts. Fair enough if that is just how the work goes. If it is worth questioning, Clio Work does that first pass in minutes, from a document you already have. Worth a look, or not a priority right now?</p><p>{{my.first_name}}<br>Clio</p>","Hi {{first_name}}, {{my.first_name}} at Clio. No agenda, just making sure the trial did not slip off your list. It is a 14-day trial, you run it on one of your own wills and estates files, and you see a first draft in about ten minutes. Nothing to install. Want me to resend the link?","Hi {{first_name}}, {{my.first_name}} at Clio. The trial is still open whenever you want it. One wills and estates file, a real first draft in about ten minutes, nothing to set up. Happy to resend the link.",one month free,"<p>Hi {{first_name}},</p><p>One thing worth knowing: if you buy Clio Work by July 31, 2026, you get one month free. It is the same AI that wills and estates firms use to get the first draft done, and there is nothing to set up on your end. You upload a file and it starts.</p><p>If the timing works, I can <a href=""https://www.clio.com/work/signup/"">get you started</a> today.</p><p>{{my.first_name}}<br>Clio</p>","Hi {{first_name}}, {{my.first_name}} at Clio, last time I will try you live. One thing worth knowing: if you buy Clio Work by July 31, 2026, you get one month free. Same AI wills and estates firms use to get the first draft done, nothing to set up. If the timing works, I can get you going today.","Hi {{first_name}}, {{my.first_name}} at Clio. Quick one: buy Clio Work by July 31, 2026, and you get one month free. Same AI for the first draft, nothing to set up. Give me a call if the timing works.",closing the loop,"<p>Hi {{first_name}},</p><p>I will stop here so I am not cluttering your inbox. If it is ever useful, Clio Work does the wills and estates drafting and runs on its own, with nothing to set up, train on, or migrate. <a href=""https://www.clio.com/work/signup/"">The 14-day trial</a> is here whenever you want it. You upload one file and see where it goes.</p><p>Good luck with the work.</p><p>{{my.first_name}}<br>Clio</p>"
Tier 1,0013m00002yJujKAAS,0033m0000362AkHAAU,contact-email,Carole Callaghan Law,Wills & Estates,,Colorado,,Winnable,70,8.4,,Firm Related,Budget Cuts,Untapped,Carole,Callaghan,carole@cclawdenver.com,720-550-1120,,,,,,,,,Manage,152.1,1,,,,,,,FALSE,FALSE,,,,,,,,,,,,,,,No,No,,,No,FALSE,"email,call,linkedin",,"Carole Callaghan Law is a wills and estates firm in Colorado that previously paid for Clio Manage and churned (Firm Related, with Budget Cuts secondary). New to Clio's AI. Cadence leads with Clio Work: reads their own files, drafts and analyzes, runs with no Manage subscription. Angle: prove value on their own file before paying; trial is the hook, one month free (steps 9/10) lowers first cost. Channels open: email, call, LinkedIn.",0013m00002yJujKAAS," Carole Callaghan Law is a wills and estates firm in Colorado that previously paid for Clio Manage and churned. Churn was logged as Firm Related with Budget Cuts as the secondary reason, so cost sensitivity is real: let them prove the value on their own file before they pay, lead with the free trial, and bring in the one month free offer mid-cadence. They did not use Clio's AI before, so it is genuinely new to them. Recommended Clio Work at Work video: From Blank Page to First Draft in One Conversation. Communication channels open: email, calling, LinkedIn. Acknowledge the prior Clio Manage relationship once, in step 1 only, then never again.",your estate planning work,"<p>Hi {{first_name}},</p><p>Back when you were on Clio Manage, the admin lived in one place. This is a different tool. Clio Work reads an estate planning file and does the first pass, and it runs on its own, nothing to set up or migrate. You upload one document and it tells you what it can do with it.</p><p>Two minutes: <a href=""https://www.clio.com/work/at-work/"">From Blank Page to First Draft in One Conversation</a>, where you describe a deal and it returns a draft.</p><p>{{my.first_name}}<br>Clio</p>","Hi {{first_name}}, it is {{my.first_name}} at Clio, I will be quick. This is a different thing than the platform you knew: an AI that does the legal work now. You upload one document and it gets going, and it suggests what to do with it based on what is in it. Nothing to set up. For wills and estates work, that first draft is the slow part. Opposed to me sending a two minute look?","Hi {{first_name}}, {{my.first_name}} at Clio. We built a legal AI that does the actual work now, and it runs without the full subscription. Just sent you an email with a short video. Worth a look for a wills and estates firm.","{{first_name}}, we built a legal AI at Clio that does the work now and runs on its own, nothing to set up. Upload one document and it suggests what to do with it. Thought it was worth being on your radar given your estate planning practice. No pitch.",a free trial,"<p>Hi {{first_name}},</p><p>The honest way to judge Clio Work is on one of your own estate planning files. Here is <a href=""https://www.clio.com/work/signup/"">the 14-day trial</a>. You upload a document, it suggests what to do with it, and you see a real result in about ten minutes. Nothing to install, no migration, no training first. The document you upload is all it needs to get moving.</p><p>{{my.first_name}}<br>Clio</p>","Hi {{first_name}}, it is {{my.first_name}} at Clio again. Quick one. I just sent over a trial link. The reason I keep coming back to it: Clio Work reads a wills and estates file and does the drafting, the review, the research, and you can point it at one of your own matters to see it. About ten minutes, nothing to set up first. Worth putting one file through it this week?","Hi {{first_name}}, {{my.first_name}} at Clio. Just sent you a trial link so you can run Clio Work on one of your own files. About ten minutes, nothing to set up. Give it a look when you have a second.","{{first_name}}, short one worth two minutes: you describe a deal in plain language and it returns a structured first draft with jurisdiction language and defined terms. https://www.clio.com/work/at-work/",an honest question,"<p>Hi {{first_name}},</p><p>Most wills and estates firms have made peace with the blank page: the first draft of a trust or a will taking real time before anyone gets to the judgment part. Fair enough if that is just how it goes. If it is worth questioning, Clio Work does that first pass in minutes, from one document you already have. Worth a look, or not a priority right now?</p><p>{{my.first_name}}<br>Clio</p>","Hi {{first_name}}, it is {{my.first_name}} at Clio. I will keep this short. The trial for Clio Work is still open, so if you want to test it on one of your own estate planning files, you can, and it takes about ten minutes with nothing to set up. Happy to resend the link so it is right in your inbox. Want me to send it over again?","Hi {{first_name}}, {{my.first_name}} at Clio. The Clio Work trial is still open whenever you want to run it on one of your own files. I will send the link across again. Takes about ten minutes, nothing to set up.",one month free,"<p>Hi {{first_name}},</p><p>One thing worth knowing, and I know cost matters: if you buy Clio Work by July 31, 2026, you get one month free. Same AI that estate planning firms use every day to get the first draft done, and there is nothing to set up on your end. You upload a document and it starts.</p><p>If the timing works, I can <a href=""https://www.clio.com/work/signup/"">get you started</a> today.</p><p>{{my.first_name}}<br>Clio</p>","Hi {{first_name}}, {{my.first_name}} at Clio. Last live try from me. Two things worth knowing: you can run Clio Work on one of your own wills and estates files in about ten minutes, and if you buy by July 31, 2026, you get one month free. Nothing to set up either way. Would it help if I walked you through it on one of your files?","Hi {{first_name}}, {{my.first_name}} at Clio. Quick one: buy Clio Work by July 31, 2026 and you get one month free. You can also just run it on one of your own files first. Give me a call back if it is useful.",closing the loop,"<p>Hi {{first_name}},</p><p>I will stop here so I am not cluttering your inbox. If it is ever useful, Clio Work does the estate planning work and runs on its own, with nothing to set up first. You upload one document and it starts, and it suggests what to do next. <a href=""https://www.clio.com/work/signup/"">The 14-day trial</a> is here whenever you want it.</p><p>Good luck with the work.</p><p>{{my.first_name}}<br>Clio</p>"
Tier 1,001A000000W6xYCIAZ,003A000000aagbMIAQ,contact-email,"Vasilaros Legal, LLC",Personal Injury,,Florida,,Winnable,70,15.1,,Product Related,Workflow Friction,Untapped,Nolan,Pellett,nolan@accidentfirm.com,3866774357,,,,,,,,,Manage,151.3,,,,,,,,FALSE,FALSE,,,,,,,,,,,,,,,No,No,,,No,FALSE,"email,call,linkedin",,"Vasilaros Legal, LLC is a Florida personal injury firm that churned from Clio Manage over product fit and workflow friction (the too-complex cluster). They never used Clio's AI, so Clio Work is genuinely new to them. Angle: this is one standalone tool that does the work, nothing to set up, train on, or migrate; upload one file and it starts. Lead video: X-Ray a Witness With AI-Analyzed Transcripts. Channels open: email, call, LinkedIn.",001A000000W6xYCIAZ," Vasilaros Legal, LLC is a personal injury firm in Florida that previously used Clio Manage and churned over product fit and workflow friction, meaning the platform felt too complex to set up and run day to day. They did not use Clio's AI before, so Clio Work is genuinely new to them; lean hard on simplicity, one standalone tool that does the work with nothing to set up, train on, or migrate, upload one file and it starts. Recommended Clio Work at Work video: X-Ray a Witness With AI-Analyzed Transcripts. Communication channels open: email, calling, LinkedIn. Acknowledge the prior Clio Manage relationship once, in step 1 only.",your personal injury work,"<p>Hi {{first_name}},</p><p>Back when you were on Clio Manage, everything lived in one platform to set up and learn. This is a different tool. Clio Work reads a personal injury file and does the first pass, and it runs on its own, nothing to migrate. You upload one document and it tells you what it can do with it.</p><p>Two-minute example: <a href=""https://www.clio.com/work/at-work/"">X-Ray a Witness With AI-Analyzed Transcripts</a>, where you drop in a deposition and it returns key admissions and contradictions with page and line.</p><p>{{my.first_name}}<br>Clio</p>","Hi {{first_name}}, it is {{my.first_name}} at Clio, I will be quick. We built a legal AI that does the actual work now, and it runs on its own without the full subscription. You upload one document and it gets going, nothing to set up or learn first. For personal injury work, reading depositions and building the file is the slow part, and this handles the first pass. Opposed to me sending a two-minute look?","Hi {{first_name}}, {{my.first_name}} at Clio. We built a legal AI that does the actual work now, and it runs on its own. Just sent you an email with a short video. Worth a look for a personal injury firm.","{{first_name}}, we built a legal AI at Clio that does the work now and runs on its own, nothing to set up. Thought it was worth being on your radar given your personal injury practice. You upload one file and it starts. No pitch.",a free trial,"<p>Hi {{first_name}},</p><p>The honest way to judge Clio Work is on one of your own personal injury files. Here is <a href=""https://www.clio.com/work/signup/"">the 14-day trial</a>. You upload a document, it suggests what to do with it, and you see a real result in about ten minutes. Nothing to install, no migration, no training first. It reads the file and starts from what is actually in it.</p><p>{{my.first_name}}<br>Clio</p>","Hi {{first_name}}, {{my.first_name}} at Clio again. Quick reason I called: Clio Work does the personal injury work on your own files, reading a deposition and pulling the admissions and contradictions with page and line. I just sent over the 14-day trial by email. You upload one document and see a real result in about ten minutes, nothing to set up first. Would it be worth trying it on one file this week?","Hi {{first_name}}, {{my.first_name}} at Clio. Just sent you the 14-day trial by email. You run Clio Work on one of your own personal injury files and see a real result in about ten minutes. Give it a look when you have a second.","{{first_name}}, quick two-minute watch on how Clio Work reads a deposition and returns key admissions, contradictions, and gaps with page and line. Useful for personal injury work. https://www.clio.com/work/at-work/",an honest question,"<p>Hi {{first_name}},</p><p>Most personal injury firms have made peace with the slow, manual part, reading depositions and building a case file by hand before anyone gets near strategy. Fair enough if that is just how it goes. If it is worth questioning, Clio Work does that first pass in minutes and starts from what is in the file itself. Worth a look, or not a priority right now?</p><p>{{my.first_name}}<br>Clio</p>","Hi {{first_name}}, {{my.first_name}} at Clio. Not chasing, just making sure this is on your radar. The 14-day trial of Clio Work is open, and the fastest way to judge it is on one of your own personal injury files. You upload a document, it suggests what to do with it, and you see a real result in about ten minutes. Want me to resend the link so you have it handy?","Hi {{first_name}}, {{my.first_name}} at Clio. The Clio Work trial is still open. Run it on one of your own personal injury files and see a real result in about ten minutes. I will resend the link by email so it is easy to find.",one month free,"<p>Hi {{first_name}},</p><p>One thing worth knowing: if you buy Clio Work by July 31, 2026, you get one month free. It is the same personal injury AI that firms across the country now use every day to get the first pass done, and there is nothing to set up on your end. If the timing works, I can <a href=""https://www.clio.com/work/signup/"">get you started</a> today.</p><p>{{my.first_name}}<br>Clio</p>","Hi {{first_name}}, {{my.first_name}} at Clio, last time I will reach out on this. Two things: Clio Work does the personal injury first pass on your own files with nothing to set up, and if you buy by July 31, 2026, you get one month free. I am happy to run it live on one of your files so you see it work. Would a short call this week be worth it?","Hi {{first_name}}, {{my.first_name}} at Clio. Quick one: buy Clio Work by July 31, 2026, and you get one month free. Happy to run it live on one of your personal injury files. Give me a call back if it is worth a look.",closing the loop,"<p>Hi {{first_name}},</p><p>I will stop here so I am not cluttering your inbox. If it is ever useful, Clio Work does the personal injury work and runs on its own, with nothing to set up or learn first. You upload one file and it starts from what is in it. <a href=""https://www.clio.com/work/signup/"">The 14-day trial</a> is here whenever you want it. Good luck with the work.</p><p>{{my.first_name}}<br>Clio</p>"
Tier 1,001OG00001IqPcCYAV,003OG00000bZpGvYAK,contact-email,Ben Mar Investigations LLC,Bankruptcy,,Connecticut,,Winnable,55,0.9,,Product Related,Product Gap,Untapped,Benedict,Frosceno,benmarinv@comcast.net,+2037828000,,,,,,,,,Manage,139,,,,,,,,FALSE,TRUE,,,,,,,,,,,,,,,No,No,,,No,FALSE,"email,linkedin",,"Winback for Ben Mar Investigations LLC, a bankruptcy firm in Connecticut that previously used Clio Manage and churned over a product gap. New to Clio's AI, so lead with Clio Work as a standalone legal AI that reads their own bankruptcy files and does the work, verifiable in a trial. Product-gap angle: lead with the capability that exists now, do not over-promise. Open channels are email and LinkedIn only (no phone), but call steps are included for the loader. One month free introduced only in step 9.",001OG00001IqPcCYAV," Ben Mar Investigations LLC is a bankruptcy firm in Connecticut that previously used Clio Manage and churned with the reason logged internally as Product Related, Product Gap: a capability they needed was not there at the time. They did not use Clio's AI before, so Clio Work is genuinely new to them. Lead with the capability that exists now and is verifiable in a trial, and do not over-promise features it does not have. Recommended Clio Work at Work video: Contract Review That Doesn't Miss the Buried Clause. Open communication channels are email and LinkedIn only, no phone. Acknowledge the prior Clio Manage relationship once, in step 1 only, and never say why they left.",your bankruptcy work,"<p>Hi {{first_name}},</p><p>Back when your firm was on Clio Manage, the admin lived in one system. Clio Work is a different tool. It reads a bankruptcy file and does the first pass, and it runs on its own, nothing to set up. You upload one document and it tells you what it can do with it.</p><p>Two-minute example: <a href=""https://www.clio.com/work/at-work/"">Contract Review That Doesn't Miss the Buried Clause</a>, where it returns the obligations, risk clauses by severity, and the protections a document is missing.</p><p>{{my.first_name}}<br>Clio</p>",,,"{{first_name}}, we built a legal AI at Clio that does the work now and runs on its own, nothing to set up. Given your bankruptcy practice, I thought it was worth being on your radar. No pitch.",a free trial,"<p>Hi {{first_name}},</p><p>The honest way to judge Clio Work is on one of your own bankruptcy files, not a demo account. Here is <a href=""https://www.clio.com/work/signup/"">the 14-day trial</a>. You upload a document, it suggests what to do with it based on what is inside, and you see a real result in about ten minutes. Nothing to install, no migration, no training first. Pick a file you already know well and check its read against yours.</p><p>{{my.first_name}}<br>Clio</p>",,,"{{first_name}}, quick two-minute watch if it is useful: Contract Review That Doesn't Miss the Buried Clause, where it flags risk clauses by severity and the protections a document is missing. https://www.clio.com/work/at-work/",an honest question,"<p>Hi {{first_name}},</p><p>Most bankruptcy firms have quietly made peace with the slow, manual first pass on files, the hours it eats reading and sorting schedules and disclosures before anyone gets near strategy. Fair enough if that is simply how the work goes and always has. If it is ever worth questioning, Clio Work does that first pass in minutes on a file you upload. Worth a look, or not a priority right now?</p><p>{{my.first_name}}<br>Clio</p>",,,one month free,"<p>Hi {{first_name}},</p><p>One thing worth knowing before it goes away: if you buy Clio Work by July 31, 2026, you get one month free. It is the same AI that bankruptcy firms across the country use every day to get the first pass on a file done, and there is still nothing to set up or migrate on your end. If the timing happens to work for you, I can <a href=""https://www.clio.com/work/signup/"">get you started</a> today.</p><p>{{my.first_name}}<br>Clio</p>",,,closing the loop,"<p>Hi {{first_name}},</p><p>I will stop here so I am not cluttering your inbox any further. If it is ever useful down the road, Clio Work reads a bankruptcy file, does the first pass, and runs on its own with nothing to set up first. <a href=""https://www.clio.com/work/signup/"">The 14-day trial</a> is here whenever the timing is right for you, on one of your own files. Good luck with the work either way.</p><p>{{my.first_name}}<br>Clio</p>"
Tier 2,001OG00001Cm60VYAR,003OG00000R6cuHYAR,contact-email,Mary Kay Ross Legal Consulting,Medical Malpractice,,Georgia,,Neutral/unknown,35,4.9,,Firm Related,Firm Buy-in,Untapped,Mary Kay,Ross,mkrossmd@gmail.com,9122472376,,,,,,,,,Manage,139,1,,,,,,,FALSE,FALSE,,,,,,,,,,,,,,,No,No,,,No,FALSE,"email,call,linkedin",,"Mary Kay Ross Legal Consulting, medical malpractice, Georgia. Prior Clio AI: no. Channels: email, call, LinkedIn. Angle: firm buy-in was the hurdle, so lead with a fast, tangible first result the whole team can see in about ten minutes, nothing to set up or train on.",001OG00001Cm60VYAR," Mary Kay Ross Legal Consulting is a medical malpractice firm in Georgia that previously used Clio Manage and churned for firm-related reasons, internally logged as firm buy-in. They did not hold Clio's earlier AI, so treat Clio Work as new to them and do not reference a prior version. Because buy-in was the sticking point, lead every touch with a fast, tangible first result the whole team can see in about ten minutes, with nothing to set up or train on, so value is easy to prove internally. Recommended Clio Work at Work video: X-Ray a Witness With AI-Analyzed Transcripts. Communication channels open: email, calling, LinkedIn. Acknowledge the prior relationship once, in step 1 only.",your malpractice work,"<p>Hi {{first_name}},</p><p>Back when you were on Clio Manage, everything lived in one platform to learn. Clio Work is a different tool. It reads a medical malpractice file and does the first pass, and it runs on its own, nothing to install or train on. You upload one document and it tells you what it can do.</p><p>Two-minute example: <a href=""https://www.clio.com/work/at-work/"">X-Ray a Witness With AI-Analyzed Transcripts</a>, where you drop in a deposition transcript and it returns admissions, contradictions, and gaps with the page and line.</p><p>{{my.first_name}}<br>Clio</p>","Hi {{first_name}}, it is {{my.first_name}} at Clio, I will be quick. You were on Clio Manage a while back, so you know the name. This is a different thing: an AI that does the legal work now. You upload one document and it gets going, nothing to set up or train on. For medical malpractice work, that first pass is the slow part. Opposed to me sending a two-minute look your team can watch?","Hi {{first_name}}, {{my.first_name}} at Clio. We built a legal AI that does the actual work now, and it runs without the full subscription. Just sent an email with a short video. Worth a look for a medical malpractice firm, and easy to show the team.","{{first_name}}, we built a legal AI at Clio that does the work now and runs on its own, nothing to set up. Worth being on your radar given your medical malpractice practice. No pitch.",a free trial,"<p>Hi {{first_name}},</p><p>The honest way to judge Clio Work is on one of your own medical malpractice files. Here is <a href=""https://www.clio.com/work/signup/"">the 14-day trial</a>. You upload a document, it suggests what to do with it, and your team sees a real result in about ten minutes. Nothing to install, no training, no migration. That first result is easy to put in front of the whole firm.</p><p>{{my.first_name}}<br>Clio</p>","Hi {{first_name}}, {{my.first_name}} at Clio again. Quick one. Clio Work reads a medical malpractice file and does the first pass, records, deposition transcripts, all of it, and runs on its own. I sent over the trial link. You upload one of your own files and the whole team sees a real result in about ten minutes, nothing to set up. Want me to walk you through it?","Hi {{first_name}}, {{my.first_name}} at Clio. Just sent the trial link. Run it on one of your own files and you get a real result in about ten minutes, nothing to set up. Easy to put in front of the team.","{{first_name}}, sharing a two-minute one: X-Ray a Witness With AI-Analyzed Transcripts. Drop in a deposition transcript and it returns admissions, contradictions, and gaps with page and line. https://www.clio.com/work/at-work/",an honest question,"<p>Hi {{first_name}},</p><p>Most medical malpractice firms have made peace with the slow, manual first pass on records and deposition transcripts eating hours before anyone gets to strategy. Fair enough if that is just how it goes. If it is worth questioning, Clio Work does that part in minutes, and the result is something the whole team can see. Worth a look, or not a priority right now?</p><p>{{my.first_name}}<br>Clio</p>","Hi {{first_name}}, {{my.first_name}} at Clio. Not chasing, just making sure you saw it. The Clio Work trial is open, so you can run it on one of your own medical malpractice files and see a first result in about ten minutes. Nothing to install, and it is easy to show the rest of the firm. I can resend the link if that helps.","Hi {{first_name}}, {{my.first_name}} at Clio. The Clio Work trial is still open. Run it on one of your own files and see a result in about ten minutes. Happy to resend the link.",one month free,"<p>Hi {{first_name}},</p><p>One thing worth knowing: if you buy Clio Work by July 31, 2026, you get one month free. It is the same AI firms use every day to get the first pass on a file done, with nothing to set up and a result the team can see in about ten minutes.</p><p>If the timing works, I can <a href=""https://www.clio.com/work/signup/"">get you started</a> today.</p><p>{{my.first_name}}<br>Clio</p>","Hi {{first_name}}, {{my.first_name}} at Clio, last one from me for now. If the timing is right, buying Clio Work by July 31 gets you one month free. Or I can run it live on one of your files in about ten minutes so the team sees the first result. Either way, up to you. Let me know what is easier.","Hi {{first_name}}, {{my.first_name}} at Clio. If it is useful, buying Clio Work by the end of July gets you one month free, or I can run it live on one of your files. Either way, give me a shout.",closing the loop,"<p>Hi {{first_name}},</p><p>I will stop here so I am not cluttering your inbox. If it is ever useful, Clio Work does the medical malpractice work and runs on its own, with nothing to set up and no training for the team. You upload one file and see a first result in about ten minutes. <a href=""https://www.clio.com/work/signup/"">The 14-day trial</a> is here whenever you want it.</p><p>Good luck with the work.</p><p>{{my.first_name}}<br>Clio</p>"
Tier 2,001OG00000eryILYAY,003OG00000BhVLaYAN,contact-email,Ramsey Law Office,Criminal,,Missouri,,Winnable,35,5.7,,Product Related,Workflow Friction,Suppress - recently worked,Chekasha,Ramsey,che_ramsey@ramseylawkc.com,+18164519961,,,,,,,,,Manage,139,,,,,,,,FALSE,FALSE,,,,,,,,,,,,,,,Yes,No,,,No,FALSE,"email,call,linkedin",,"Ramsey Law Office, criminal defense, Missouri. Prior Clio AI: no. Channels: email, call, LinkedIn. Angle: simplicity (churned on product friction). No blanks to fill.",001OG00000eryILYAY," Ramsey Law Office is a criminal defense firm in Missouri that previously used Clio Manage and churned over product-related issues, specifically friction with the platform. They did not use Clio's AI before, so introduce Clio Work as new to them, and lean hard on simplicity: one standalone tool that does one job, runs on its own without Manage, with nothing to set up, train on, or migrate. Recommended Clio Work at Work video: Tearing Apart a Complaint in Under 2 Minutes. Communication channels open: email, calling, LinkedIn. Acknowledge the prior Clio Manage relationship once, in step 1 only, and never mention it or the churn reason again in a sent step.",your criminal defense work,"<p>Hi {{first_name}},</p><p>Back when you were on Clio Manage, everything lived in one system to set up and learn. Clio Work is different: one standalone tool, one job, running on its own with nothing to install or migrate. It reads a criminal defense file and does the first pass. Upload one document; it tells you what it can do.</p><p>Two-minute example: <a href=""https://www.clio.com/work/at-work/"">Tearing Apart a Complaint in Under 2 Minutes</a>, where it reads a served complaint and maps every claim.</p><p>{{my.first_name}}<br>Clio</p>","Hi {{first_name}}, it is {{my.first_name}} at Clio, I will be quick. We built a legal AI that does the actual criminal defense work now: it reads a file and does the first pass, and it runs on its own, nothing to set up. One tool, one job. I just sent you a short email with a two-minute video of it tearing apart a complaint. Opposed to me flagging it for you to watch when you have a minute?","Hi {{first_name}}, {{my.first_name}} at Clio. We built a legal AI that does the actual criminal defense work now, and it runs on its own, nothing to set up. Just sent you an email with a short video. Worth a look for your firm.","{{first_name}}, we built a legal AI at Clio that does the criminal defense work now: reads a file, does the first pass, runs on its own with nothing to set up. One tool, one job. Thought it was worth being on your radar. No pitch.",a free trial,"<p>Hi {{first_name}},</p><p>The honest way to judge Clio Work is on one of your own criminal defense files. Here is <a href=""https://www.clio.com/work/signup/"">the 14-day trial</a>. You upload a document, say a motion or a discovery response, it suggests what to do with it, and you see a real result in about ten minutes. Nothing to install, no migration, and nothing to learn first. One tool, one job.</p><p>{{my.first_name}}<br>Clio</p>","Hi {{first_name}}, {{my.first_name}} at Clio again, quick one. I just emailed you a link to the 14-day trial of Clio Work. The idea is simple: you upload one of your own criminal defense files, a motion or a discovery response, and it does the first pass in about ten minutes. Nothing to install, nothing to learn first. If it is easier, I can walk you through the first upload. Want me to?","Hi {{first_name}}, {{my.first_name}} at Clio. Just sent you the 14-day trial link for Clio Work. Upload one criminal defense file and it does the first pass in about ten minutes, nothing to set up. Give it a look when you can.","{{first_name}}, a two-minute video worth your time: it reads a served complaint and pulls out every claim, the legal basis, and the counter-arguments. Tearing Apart a Complaint in Under 2 Minutes: https://www.clio.com/work/at-work/",an honest question,"<p>Hi {{first_name}},</p><p>Most criminal defense firms have made peace with the slow, manual first pass on a file, reading it line by line, pulling the claims and the weak points by hand, hours before anyone gets to strategy. Fair enough if that is just how it goes. If it is worth questioning, Clio Work does that part in minutes, on one uploaded document. Worth a look, or not a priority right now?</p><p>{{my.first_name}}<br>Clio</p>","Hi {{first_name}}, {{my.first_name}} at Clio. No pressure here. Clio Work is the fastest-adopted product in Clio's history, mostly because there is nothing to set up: you upload one criminal defense file and it does the first pass in minutes. The 14-day trial is still open on your end. I can resend the link so you can try it on a real file this week. Want me to fire that over?","Hi {{first_name}}, {{my.first_name}} at Clio. Clio Work is the fastest-adopted product in Clio's history, and the 14-day trial is still open for you. Upload one criminal defense file, see a real result in minutes. Happy to resend the link, just say the word.",one month free,"<p>Hi {{first_name}},</p><p>One thing worth knowing: if you buy Clio Work by July 31, 2026, you get one month free. It is the same AI criminal defense firms use to get the first pass done on a file, with nothing to set up on your end and nothing to learn first.</p><p>If the timing works, I can <a href=""https://www.clio.com/work/signup/"">get you started</a> today.</p><p>{{my.first_name}}<br>Clio</p>","Hi {{first_name}}, {{my.first_name}} at Clio, last time I will try you by phone. Quick reason to move now: if you buy Clio Work by July 31, you get one month free. Still one tool, one criminal defense job, nothing to set up. I can either resend the trial link or run it live on one of your own files in about ten minutes, your call. Which is easier?","Hi {{first_name}}, {{my.first_name}} at Clio. Last call from me. If Clio Work is ever worth a look, buy by July 31 and you get one month free. I can run it live on your own file in ten minutes, or resend the trial link. Let me know.",closing the loop,"<p>Hi {{first_name}},</p><p>I will stop here so I am not cluttering your inbox. If it is ever useful, Clio Work does the criminal defense first pass on a file and runs on its own, one tool with nothing to set up or learn. You upload one document and it starts. <a href=""https://www.clio.com/work/signup/"">The 14-day trial</a> is here whenever you want it. Good luck with the work.</p><p>{{my.first_name}}<br>Clio</p>"
Tier 1,001OG000016UaGbYAK,003OG00000JKCuxYAH,contact-email,Tijerina Law Firm,Personal Injury,,Texas,,Neutral/unknown,50,9.5,,Service Experience & Expectations,Quality Of Service,Untapped,Vanessa,Paredes,tijerinalawfirm.assistant@gmail.com,(956) 261-5609,,,,,,,,,Manage,139,,,,,,,,FALSE,TRUE,,,,,,,,,,,,,,,No,No,,,No,FALSE,"email,linkedin",,"Tijerina Law Firm, personal injury (Texas). No prior Clio AI. Open channels: email and LinkedIn only (no phone). Lightest-touch winback: easy 14-day trial, zero pressure, never reference the past.",001OG000016UaGbYAK," Tijerina Law Firm is a personal injury firm in Texas that previously used Clio and churned over service experience and quality-of-service concerns. Keep this the lightest possible touch: earn attention back with an easy 14-day trial and zero pressure, no defensiveness, and never reference the past experience. They did not hold our earlier AI, so lead with what Clio Work does now: it reads a firm's own files and does the work, runs on its own without Manage, and starts from one uploaded document. Recommended Clio Work at Work video: X-Ray a Witness With AI-Analyzed Transcripts. Open communication channels are email and LinkedIn only (no phone). Acknowledge the prior relationship once, in step 1 only.",your personal injury work,"<p>Hi {{first_name}},</p>

<p>Back when you were on Clio Manage, the admin lived in one place. This is a different tool. Clio Work reads a personal injury file and does the first pass, and it runs on its own, nothing to set up. You upload one document and it tells you what it can do with it.</p>

<p>Two-minute example: <a href=""https://www.clio.com/work/at-work/"">X-Ray a Witness With AI-Analyzed Transcripts</a>, where you drop in a deposition transcript and it returns the key admissions and contradictions.</p>

<p>{{my.first_name}}<br>Clio</p>",,,"{{first_name}}, we built a legal AI at Clio that does the work now and runs on its own, nothing to set up. Thought it was worth being on your radar given your personal injury practice. No pitch.",a free trial,"<p>Hi {{first_name}},</p>

<p>The honest way to judge Clio Work is on one of your own personal injury files. Here is <a href=""https://www.clio.com/work/signup/"">the 14-day trial</a>. You upload a document, it suggests what to do with it, and you see a real result in about ten minutes. Nothing to install, no migration, nothing to learn first.</p>

<p>Try it on a deposition transcript and see what it pulls back.</p>

<p>{{my.first_name}}<br>Clio</p>",,,"{{first_name}}, sharing a two-minute one: X-Ray a Witness With AI-Analyzed Transcripts. You drop in a deposition transcript and Clio Work returns the key admissions, contradictions, and gaps with the page and line. https://www.clio.com/work/at-work/",an honest question,"<p>Hi {{first_name}},</p>

<p>Most personal injury firms have made peace with the slow, manual first pass on a deposition eating hours before anyone gets to strategy. That is just how it has always gone, so the reading and the flagging stays a person's job. Fair enough if that works. If it is worth questioning, Clio Work does that part in minutes. Worth a look, or not a priority right now?</p>

<p>{{my.first_name}}<br>Clio</p>",,,one month free,"<p>Hi {{first_name}},</p>

<p>One thing worth knowing: if you buy Clio Work by July 31, 2026, you get one month free. Same AI that firms across the country use every day to get the first pass on a personal injury file done, and there is nothing to set up on your end.</p>

<p>If the timing works, I can <a href=""https://www.clio.com/work/signup/"">get you started</a> today.</p>

<p>{{my.first_name}}<br>Clio</p>",,,closing the loop,"<p>Hi {{first_name}},</p>

<p>I will stop here so I am not cluttering your inbox. If it is ever useful, Clio Work reads a personal injury file and does the first pass, runs on its own, and there is nothing to set up. You upload one document and it starts. <a href=""https://www.clio.com/work/signup/"">The 14-day trial</a> is here whenever you want it.</p>

<p>Good luck with the work.</p>

<p>{{my.first_name}}<br>Clio</p>"
Tier 1,001OG000012t1zXYAQ,003OG00000Hcd8HYAR,contact-email,Law Offices of Veronica Panov P.A.,Immigration,,California,,Winnable,70,11.3,,Product Related,Product Gap,Untapped,VERONICA,PANOV,panovlaw@gmail.com,9543097574,,,,,,,,,Manage,139,,,,,,,,FALSE,FALSE,,,,,,,,,,,,,,,No,No,,,No,FALSE,"email,call,linkedin",,"Law Offices of Veronica Panov P.A., immigration law, California. Prior Clio AI: no. Churn: Product Related / Product Gap; lead with capability that exists now and is verifiable in a trial. Channels: email, call, LinkedIn. No blanks to fill.",001OG000012t1zXYAQ," The Law Offices of Veronica Panov P.A. is an immigration law firm in California that previously used Clio Manage and churned for a product related reason, a product gap where the platform was missing a capability they needed. They did not hold our earlier AI, so this is their first look at Clio Work: lead with the capability that exists now and is verifiable in a trial, and do not over-promise features it does not have. Recommended Clio Work at Work video: Contract Review That Doesn't Miss the Buried Clause. Communication channels open: email, calling, LinkedIn. Acknowledge the prior relationship once, in step 1 only.",your immigration work,"<p>Hi {{first_name}},</p><p>Back when you were on Clio Manage, everything ran from one platform. This is a different tool. Clio Work reads an immigration file and does the first pass, and it runs on its own, nothing to set up. You upload one document and it tells you what it can do.</p><p>Two-minute example: <a href=""https://www.clio.com/work/at-work/"">Contract Review That Doesn't Miss the Buried Clause</a>, where it returns a document's obligations, risk clauses by severity, and the protections it is missing.</p><p>{{my.first_name}}<br>Clio</p>","Hi {{first_name}}, it is {{my.first_name}} at Clio, I will be quick. We built an AI that does the legal work now. You upload one document and it gets going, nothing to set up, and it tells you what it can do with that file. For immigration work, that first pass is the slow part. Opposed to me sending a two-minute look?","Hi {{first_name}}, {{my.first_name}} at Clio. We built a legal AI that does the actual work now, and it runs without the full subscription. Just sent you an email with a short video. Worth a look for an immigration firm.","{{first_name}}, we built a legal AI at Clio that does the work now and runs on its own, nothing to set up. Thought it was worth being on your radar given your immigration practice. No pitch.",a free trial,"<p>Hi {{first_name}},</p><p>The honest way to judge Clio Work is on one of your own immigration files. Here is <a href=""https://www.clio.com/work/signup/"">the 14-day trial</a>. You upload a document, it suggests what to do with it, and you see a real result in about ten minutes. It reads the file and does the actual analysis, so you can check the output against work you already know. Nothing to install, no migration.</p><p>{{my.first_name}}<br>Clio</p>","Hi {{first_name}}, {{my.first_name}} at Clio again. I sent over a 14-day trial. The idea is simple: you run Clio Work on one of your own immigration files and see a real result in about ten minutes. It reads the document and does the analysis, nothing to install. If it is easier, I can walk you through the first upload. Any interest?","Hi {{first_name}}, {{my.first_name}} at Clio. I just sent a trial link so you can run Clio Work on one of your own immigration files. Real result in about ten minutes, nothing to set up. Give it a try when you have a moment.","{{first_name}}, sharing a two-minute one: Contract Review That Doesn't Miss the Buried Clause. Clio Work reads a document and returns its obligations, risk clauses by severity, and the protections it is missing. https://www.clio.com/work/at-work/",an honest question,"<p>Hi {{first_name}},</p><p>Most immigration firms have made peace with the slow, manual first pass on a file eating hours before anyone gets to strategy. Fair enough if that is just how it goes. If it is worth questioning, Clio Work does that part in minutes, and you can see it on one of your own files. Worth a look, or not a priority right now?</p><p>{{my.first_name}}<br>Clio</p>","Hi {{first_name}}, {{my.first_name}} at Clio. Quick one: the trial is still open. If you have one immigration file handy, that is all it takes. You upload it, Clio Work tells you what it can do, and you have a result in about ten minutes. I am happy to resend the link, or stay on while you try the first one. Want me to send it over?","Hi {{first_name}}, {{my.first_name}} at Clio. The trial for Clio Work is still open. One immigration file is all you need to see what it does, and it takes about ten minutes. I will resend the link by email. Give me a shout if you want a hand.",one month free,"<p>Hi {{first_name}},</p><p>One thing worth knowing: if you buy Clio Work by July 31, 2026, you get one month free. It is the same AI that immigration firms use every day to get the first pass on a file done, and there is nothing to set up on your end.</p><p>If the timing works, I can <a href=""https://www.clio.com/work/signup/"">get you started</a> today, on one of your own files.</p><p>{{my.first_name}}<br>Clio</p>","Hi {{first_name}}, {{my.first_name}} at Clio. I will keep this short. If buying is on the table, there is one month free if you start Clio Work by the end of July. I am also glad to run it live on one of your own immigration files, so you see the result before deciding. Either way, no pressure. Is a quick look worth it this week?","Hi {{first_name}}, {{my.first_name}} at Clio. Last note from me for now. I can run Clio Work live on one of your own immigration files so you see a real result, no setup on your end. Happy to help whenever the timing suits you.",closing the loop,"<p>Hi {{first_name}},</p><p>I will stop here so I am not cluttering your inbox. If it is ever useful, Clio Work reads an immigration file, does the first pass on it, and runs on its own, with nothing to set up. You upload one document and it tells you what it can do. <a href=""https://www.clio.com/work/signup/"">The 14-day trial</a> is here whenever you want it. Good luck with the work.</p><p>{{my.first_name}}<br>Clio</p>"
Tier 1,0013m00002NubXpAAJ,0033m00002gr8YUAAY,contact-email,Law Office of Richard Williams,Personal Injury,,Maryland,,Winnable,60,6.8,,Firm Related,No Time To Learn,Suppress - recently worked,Richard,Williams,willielaw@hotmail.com,2404416508,,,,,,,,,Grow | Manage | Personal Injury,131.5,,,,,,,,FALSE,TRUE,,,,,,,,,,,,,,,No,Yes,,,No,FALSE,"email,linkedin",,"Law Office of Richard Williams, personal injury, Maryland. Prior Clio AI: no (treat Clio Work as new). Churned for firm related reasons, secondary no time to learn; angle is how little time Clio Work takes, no setup, upload one file and see a result in about ten minutes. Channels: email, LinkedIn only (calls suppressed). Offer live in step 9 (one month free, buy by July 31, 2026). No blanks to fill.",0013m00002NubXpAAJ," Law Office of Richard Williams is a personal injury firm in Maryland that previously used Clio Manage and churned for firm related reasons, with no time to learn the platform noted as the secondary driver. They did not hold any Clio AI before, so treat Clio Work as new capability: lead with how little time it takes, no setup, training, or migration, so a real result on one uploaded file takes about ten minutes. Recommended Clio Work at Work video: X-Ray a Witness With AI-Analyzed Transcripts. Communication channels open: email and LinkedIn only. Acknowledge the prior Clio Manage relationship once, in step 1 only, and never quote the churn reason to the prospect.",your personal injury work,"<p>Hi {{first_name}},</p><p>Back when your firm ran on Clio Manage, everything sat in one platform. This is a separate tool. Clio Work reads a personal injury file and does the first pass, and it runs on its own with nothing to set up. Upload one document and it tells you what it can do.</p><p>Two minute example: <a href=""https://www.clio.com/work/at-work/"">X-Ray a Witness With AI-Analyzed Transcripts</a>, where it pulls admissions, contradictions, and testimony gaps from a deposition with exact page and line.</p><p>{{my.first_name}}<br>Clio</p>",,,"{{first_name}}, we built a legal AI at Clio that does the personal injury work now and runs on its own, nothing to set up. Upload one file and you see a real result in about ten minutes. Thought it was worth being on your radar. No pitch.",a free trial,"<p>Hi {{first_name}},</p><p>The honest way to judge Clio Work is on one of your own personal injury files. Here is <a href=""https://www.clio.com/work/signup/"">the 14-day trial</a>. You upload a document, it suggests what to do with it, and you see a real result in about ten minutes. Nothing to install, no migration, no prompt to figure out. It is the fastest way to know whether it fits how your firm actually runs a case.</p><p>{{my.first_name}}<br>Clio</p>",,,"{{first_name}}, sharing a two minute Clio Work video for personal injury firms: it pulls admissions and contradictions from a deposition with the exact page and line. https://www.clio.com/work/at-work/ Happy to show you live.",an honest question,"<p>Hi {{first_name}},</p><p>Most personal injury firms have made peace with the slow part: reading depositions line by line and building the file by hand before anyone gets to strategy. Fair enough if that is just how the work goes. If it is worth questioning, Clio Work does that first pass in about ten minutes from one uploaded file. Worth a look, or not a priority right now?</p><p>{{my.first_name}}<br>Clio</p>",,,one month free,"<p>Hi {{first_name}},</p><p>One thing worth knowing: if you buy Clio Work by July 31, 2026, you get one month free. It is the same legal AI that personal injury firms use every day to get the first pass done, and there is still nothing to set up on your end.</p><p>If the timing works, I can <a href=""https://www.clio.com/work/signup/"">get your firm started</a> today.</p><p>{{my.first_name}}<br>Clio</p>",,,closing the loop,"<p>Hi {{first_name}},</p><p>I will stop here so I am not cluttering your inbox. If it is ever useful, Clio Work does the personal injury work and runs on its own, with nothing to set up and a real result on your own file in about ten minutes. <a href=""https://www.clio.com/work/signup/"">The 14-day trial</a> is right here whenever you want it. Good luck with the caseload.</p><p>{{my.first_name}}<br>Clio</p>"
Tier 2,0013m00002YBchyAAD,0033m00002nZxc7AAC,contact-email,The Law Office of Darice Veiga,Real Estate,,Massachusetts,,Low/admin,35,12.5,,System Cancel,,Suppress - recently worked,Darice,Veiga,dsv@dariceveiga.law,5086497381,,,,,,,,,Manage,127.23,1,,,,,,,FALSE,FALSE,,,,,,,,,,,,,,,No,No,,,No,FALSE,"email,call,linkedin",,"The Law Office of Darice Veiga, real estate practice in Massachusetts, no prior Clio AI, churned via System Cancel (reason unknown), channels email/call/linkedin, offer step 9/10 valid through July 31, 2026.",0013m00002YBchyAAD," The Law Office of Darice Veiga is a real estate practice in Massachusetts that previously used Clio Manage and cancelled through a system process, so the reason on file is effectively unknown. Clio Work is genuinely new to them, no prior AI. Since there is no clear reason to work against, lead with the product news itself: the AI now does the drafting work on its own, starting from one uploaded document, and offer the 14-day trial early rather than guessing at a problem. Recommended Clio Work at Work video: From Blank Page to First Draft in One Conversation, where you describe the deal in plain language and it returns a structured first draft with jurisdiction specific language and defined terms. Communication channels open: email, calling, LinkedIn. Acknowledge the prior Clio Manage relationship once, in step 1 only.",your real estate deals,"<p>Hi {{first_name}},</p>

<p>Back when you were on Clio Manage, drafting started from a blank page every time. Clio Work is a different kind of tool, and it is new to your firm: describe a real estate deal in plain language and it hands back a structured first draft, Massachusetts specific language and defined terms already built in.</p>

<p>Quick look: <a href=""https://www.clio.com/work/at-work/"">From Blank Page to First Draft in One Conversation</a>, where a plain description turns into a real draft in minutes.</p>

<p>{{my.first_name}}<br>Clio</p>","Hi {{first_name}}, it is {{my.first_name}} at Clio, quick one. We built an AI that turns a plain description of a real estate deal into a structured first draft, Massachusetts language included, and it runs entirely on its own. You would try it on a real file first, nothing to set up. Worth two minutes on your radar?","Hi {{first_name}}, {{my.first_name}} at Clio. Quick reason to call: we built an AI that turns a plain deal description into a structured first draft for real estate work. Sent a short video over. Worth a look before your next closing.","{{first_name}}, we built a legal AI at Clio that turns a plain description of a deal into a structured first draft. Thought it was worth being on your radar given your real estate practice in Massachusetts. No pitch.",a free trial,"<p>Hi {{first_name}},</p>

<p>The clearest way to see what Clio Work does is on one of your own real estate files. Here is <a href=""https://www.clio.com/work/signup/"">the 14-day trial</a>. Walk it through an actual deal the way you would explain it to a colleague, and it returns a structured first draft with Massachusetts language and the defined terms already in place. Nothing to install, nothing to migrate, just a real file and a real result.</p>

<p>{{my.first_name}}<br>Clio</p>","Hi {{first_name}}, {{my.first_name}} again from Clio. Just sent over the 14-day trial link. All you do is describe a real estate deal in plain language and Clio Work hands back a structured first draft, nothing to set up first. For a busy practice, that is usually a fast way to see if it is worth your time. Did that email land?","Hi {{first_name}}, {{my.first_name}} at Clio. Sent you the trial link for Clio Work. Describe one real deal and see a structured first draft in about ten minutes, nothing to set up first. Let me know if it is useful.","{{first_name}}, quick two minute watch if useful: From Blank Page to First Draft in One Conversation https://www.clio.com/work/at-work/ It shows a plain deal description turning into a structured first draft, defined terms included.",an honest question,"<p>Hi {{first_name}},</p>

<p>Most real estate practices have made peace with starting every deal from scratch and losing the first hour or two to drafting before the real negotiating begins. Fair enough if that is simply how the work goes. If it is worth a second look, Clio Work does that first draft in minutes. Worth a look, or not a priority right now?</p>

<p>{{my.first_name}}<br>Clio</p>","Hi {{first_name}}, {{my.first_name}} from Clio. The 14-day trial is still open on Clio Work. Describe a real deal in plain language, it hands back a structured first draft, Massachusetts language included, and you see it in about ten minutes without setting anything up first. Worth trying on something you are working this week?","Hi {{first_name}}, {{my.first_name}} at Clio. The trial is still open on Clio Work. Describe one real deal, see a structured first draft in minutes, nothing to configure. Happy to send the link again if useful.",one month free,"<p>Hi {{first_name}},</p>

<p>One thing worth knowing: buy Clio Work by July 31, 2026 and you get one month free. It is the same tool other real estate practices use to turn a plain description of a deal into a structured first draft, Massachusetts language and defined terms already in place.</p>

<p>If the timing works, I can <a href=""https://www.clio.com/work/signup/"">get you started</a> today.</p>

<p>{{my.first_name}}<br>Clio</p>","Hi {{first_name}}, {{my.first_name}} from Clio, last call on this. If you buy Clio Work by July 31, 2026, you get one month free, and the 14-day trial still stands if you would rather try it first on a real deal. Either way, want me to set that up or just send the link?","Hi {{first_name}}, {{my.first_name}} at Clio. Buy Clio Work by July 31, 2026 for one month free, or start the trial first on a real deal. Let me know which makes sense and I will send it over.",closing the loop,"<p>Hi {{first_name}},</p>

<p>I will leave it here so this is not one more thing cluttering your inbox. If it is ever useful, Clio Work handles the first draft on a real estate deal and runs entirely on its own, with nothing at all to set up first. <a href=""https://www.clio.com/work/signup/"">The 14-day trial</a> is open whenever you want to try it.</p>

<p>Good luck with the practice.</p>

<p>{{my.first_name}}<br>Clio</p>"
Tier 3,001OG00001AAZmFYAX,003OG00000NWDONYA5,contact-email,VanDoren Law Office,Family,,Kansas,,Low/admin,20,2.5,,System Cancel,,Untapped,Alice,VanDoren,ali@vandorenlawoffice.com,+13168061283,,,,,,,,,Manage,125.1,,,,,,,,FALSE,FALSE,,,,,,,,,,,,,,,No,No,,,No,FALSE,"email,call,linkedin",,"VanDoren Law Office, family law, Kansas, no prior AI, churned via System Cancel (reason unknown, default arc), channels email/call/linkedin, video: Tearing Apart a Complaint in Under 2 Minutes.",001OG00001AAZmFYAX,"VanDoren Law Office is a family law firm in Kansas that previously used Clio Manage and churned through a system cancellation, so the reason is not documented internally. Treat this as the default arc: no known trigger, so lead with the product news rather than guessing a cause. They have not used our AI before, so Clio Work is entirely new to them. Recommended Clio Work at Work video: Tearing Apart a Complaint in Under 2 Minutes, which reads a served complaint and pulls out every claim, the legal basis, the weak points, and counter-arguments with cited authority in about two minutes. Communication channels open: email, calling, LinkedIn. Acknowledge the prior Clio Manage relationship once, in step 1 or step 2 only, and never guess or reference why they left.",your family law work,"<p>Hi {{first_name}},</p>

<p>Back when you were on Clio Manage, the admin lived in one place. This is different: Clio Work reads a family law file and does the first pass on it. It runs on its own, nothing to set up. Upload one document and it tells you what it can do with it.</p>

<p>Two-minute example: <a href=""https://www.clio.com/work/at-work/"">Tearing Apart a Complaint in Under 2 Minutes</a>, where it maps every claim in a complaint you were served.</p>

<p>{{my.first_name}}<br>Clio</p>","Hi {{first_name}}, it is {{my.first_name}} at Clio, I will be quick. We built an AI that does the legal work now. You upload one document and it gets going, nothing to set up. For family law work, that first read is usually the slow part. Opposed to me sending a two-minute look?","Hi {{first_name}}, {{my.first_name}} at Clio. We built a legal AI that does the actual work now, and it runs without the full subscription. Just sent you an email with a short video on it. Worth a look for a family law firm.","{{first_name}}, we built a legal AI at Clio that does the work now and runs on its own, nothing to set up. Thought it was worth being on your radar given your family law practice. No pitch.",a free trial,"<p>Hi {{first_name}},</p>

<p>The honest way to judge Clio Work is on one of your own family law files, not a demo someone else runs for you. Here is <a href=""https://www.clio.com/work/signup/"">the 14-day trial</a>. You upload a document, it suggests what to do with it, and you see a real result in about ten minutes. Nothing to install, no migration, no setup before you start.</p>

<p>{{my.first_name}}<br>Clio</p>","Hi {{first_name}}, {{my.first_name}} again from Clio. Just sent a trial link for Clio Work, the AI that does the actual first pass on a family law file now. You upload one document, no setup, and you get a real read on it in about ten minutes. Any interest in trying it on something you are working this week?","Hi {{first_name}}, {{my.first_name}} at Clio. Sent you a trial link for Clio Work. Upload a family law file, no setup, and see what it pulls out in about ten minutes. Take a look when you get a chance.","{{first_name}}, worth two minutes: Tearing Apart a Complaint in Under 2 Minutes. It reads a served complaint and pulls out every claim, the legal basis, and the weak points. https://www.clio.com/work/at-work/",an honest question,"<p>Hi {{first_name}},</p>

<p>Most family law firms have made peace with the slow, manual part of the work eating hours before anyone gets to strategy: reading the file, sorting what matters, deciding where to start. Fair enough if that is just how it goes. If it is worth questioning, Clio Work does that part in minutes. Worth a look, or not a priority right now?</p>

<p>{{my.first_name}}<br>Clio</p>","Hi {{first_name}}, {{my.first_name}} at Clio. Following up on the trial for Clio Work, the AI that reads a family law file and does the first pass on it. It is still open, no setup on your end, just upload a document you are already working on. Want me to walk through it with you on a real file?","Hi {{first_name}}, {{my.first_name}} at Clio. The Clio Work trial is still open for you, upload a family law file and see the first pass in about ten minutes. Happy to walk through it if that is easier, just call back.",one month free,"<p>Hi {{first_name}},</p>

<p>One thing worth knowing: if you buy Clio Work by July 31, 2026, you get one month free. Same AI that firms across the country use every day to get the first pass on a family law file done, and there is nothing to set up on your end.</p>

<p>If the timing works, I can <a href=""https://www.clio.com/work/signup/"">get you started</a> today.</p>

<p>{{my.first_name}}<br>Clio</p>","Hi {{first_name}}, {{my.first_name}} at Clio, last check on this. Clio Work does the first pass on a family law file now, no setup, and if you buy by July 31 you get one month free. Would a quick demo on one of your own files make sense, or should I just leave the trial link with you?","Hi {{first_name}}, {{my.first_name}} at Clio. Last note on Clio Work. Buy by July 31 and get one month free, or just try it free for 14 days on a family law file. Call back if either is useful.",closing the loop,"<p>Hi {{first_name}},</p>

<p>I will stop here so I am not cluttering your inbox. If it is ever useful, Clio Work does the family law work now, first pass on a file done in minutes, and runs on its own, with nothing to set up. <a href=""https://www.clio.com/work/signup/"">The 14-day trial</a> is here whenever you want it, no need to decide today.</p>

<p>Good luck with the work.</p>

<p>{{my.first_name}}<br>Clio</p>"
Tier 1,001OG0000165GhjYAE,003OG00000It7XyYAJ,contact-email,Ken Fenley Law Office,Criminal,,Missouri,,Winnable,70,8.1,,Firm Related,Budget Cuts,Untapped,Kenneth,Fenley,kenfenleylaw@gmail.com,620-333-5600,,,,,,,,,Manage,125.1,,,,,,,,FALSE,TRUE,,,,,,,,,,,,,,,No,No,,,No,FALSE,"email,linkedin",,"Ken Fenley Law Office, criminal defense, Missouri, no prior AI, channels email and LinkedIn only (no calling), budget angle.",001OG0000165GhjYAE," Ken Fenley Law Office is a criminal defense firm in Missouri that previously used Clio Manage and churned over a firm related budget decision. Clio Work is new to them, no prior AI held. Recommended Clio Work at Work video: Tearing Apart a Complaint in Under 2 Minutes. Communication channels open: email and LinkedIn. Acknowledge the prior relationship once, in step 1 only.",your criminal defense work,"<p>Hi {{first_name}},</p>

<p>Back when you were on Clio Manage, the paperwork lived in one place. This is a different tool: Clio Work reads a criminal defense file and does the first pass itself, running on its own, nothing to set up or migrate.</p>

<p>Two minute example: <a href=""https://www.clio.com/work/at-work/"">Tearing Apart a Complaint in Under 2 Minutes</a>, where it reads a complaint you were served and pulls out every claim, the legal basis, and the weak points, with cited counter arguments.</p>

<p>{{my.first_name}}<br>Clio</p>",,,"Hi {{first_name}}, we built a legal AI at Clio that does the first pass on a criminal defense file now and runs on its own, nothing to set up. Thought it was worth being on your radar given your practice. No pitch.",a free trial,"<p>Hi {{first_name}},</p>

<p>The honest way to judge Clio Work is on one of your own criminal defense files, before spending anything on it at all. Here is <a href=""https://www.clio.com/work/signup/"">the 14-day trial</a>. Upload a document, see what it suggests, and get a real result in about ten minutes. Nothing to install, no migration, and no cost to look first, so the decision is yours to make on your own terms.</p>

<p>{{my.first_name}}<br>Clio</p>",,,"Quick two minute watch: https://www.clio.com/work/at-work/ Tearing Apart a Complaint in Under 2 Minutes, where Clio Work reads a complaint you were served and pulls out every claim and the weak points in about two minutes.",an honest question,"<p>Hi {{first_name}},</p>

<p>Most criminal defense firms have made peace with the slow, manual read on a new file eating hours before anyone gets to strategy. Fair enough if that is just how it goes. If it is worth questioning, Clio Work does that first pass in minutes, on your own file. Worth a look, or not a priority right now?</p>

<p>{{my.first_name}}<br>Clio</p>",,,one month free,"<p>Hi {{first_name}},</p>

<p>Worth knowing before you decide anything: buy Clio Work by July 31, 2026 and you get one month free. Same tool firms use to get the first read on a file done without adding to the budget, and there is nothing to set up on your end.</p>

<p>If the timing works, I can <a href=""https://www.clio.com/work/signup/"">get you started</a> this week.</p>

<p>{{my.first_name}}<br>Clio</p>",,,closing the loop,"<p>Hi {{first_name}},</p>

<p>I will stop here so I am not cluttering your inbox. If it is ever useful, Clio Work does the first pass on a criminal defense file and runs on its own, with nothing to set up or pay for until you decide it is worth it. <a href=""https://www.clio.com/work/signup/"">The 14-day trial</a> is here whenever you want it.</p>

<p>Good luck with the caseload.</p>

<p>{{my.first_name}}<br>Clio</p>"
Tier 1,001OG00000ejHQfYAM,003OG00000BetU7YAJ,contact-email,Kite Law,Criminal,,North Carolina,,Winnable,70,6.3,,Firm Related,Budget Cuts,Untapped,Andrew,Kite,andy.kitelaw@gmail.com,+1 828-476-8436,,,,,,,,,Grow | Manage,123.39,,,,,,,,FALSE,FALSE,,,,,,,,,,,,,,,No,No,,,No,FALSE,"email,call,linkedin",,"Kite Law, criminal defense firm in North Carolina, prior_ai false, held Grow and Manage, churned firm related/budget cuts, angle: let them prove value on their own file before paying, trial is the hook, channels email/call/linkedin, no blanks.",001OG00000ejHQfYAM," Kite Law is a criminal defense firm in North Carolina that previously used Clio, holding Grow and Manage, and churned for firm related reasons tied to budget cuts. They have not seen Clio's AI before, so Clio Work is genuinely new to them. The angle is letting them prove the value on their own file before spending anything: lead with the 14-day trial as the low-cost way to see a real result, and use the one-month-free offer in steps 9 and 10 to lower the first cost if they buy. Do not defend old pricing or use discount language. Recommended Clio Work at Work video: Tearing Apart a Complaint in Under 2 Minutes, where it reads a complaint you were served and pulls out every claim, the legal basis, the weak points, and counter-arguments with cited authority, in about two minutes. Communication channels open: email, calling, LinkedIn. Acknowledge the prior relationship once, in step 1 only.",your criminal defense files,"<p>Hi {{first_name}},</p>

<p>Back when you were on Clio Manage and Grow, a case file waited its turn before anyone got to strategy. Clio Work is different: a standalone tool that reads a criminal defense file on its own, nothing to set up or migrate, and tells you what it can do with it.</p>

<p>Worth two minutes: <a href=""https://www.clio.com/work/at-work/"">Tearing Apart a Complaint in Under 2 Minutes</a>, where it reads a complaint you were served and pulls out every claim.</p>

<p>{{my.first_name}}<br>Clio</p>","Hi {{first_name}}, it is {{my.first_name}} at Clio, I will be quick. This is not the platform you knew before. Clio Work is a standalone AI that reads a complaint or a filing and pulls out the claims, the legal basis, and the weak points, on its own, nothing to set up. For a criminal defense practice, that first read is usually the slow part. Worth me sending a two-minute look?","Hi {{first_name}}, {{my.first_name}} at Clio. Quick reason to call: our AI now reads a complaint on its own and maps the claims and the weak points, no setup involved. Just sent a short video by email. Worth a look for a criminal defense firm.","{{first_name}}, we built a standalone AI at Clio that reads a case file and does the first pass on its own, nothing to set up. Thought it was worth being on your radar given your criminal defense practice. No pitch.",a free trial,"<p>Hi {{first_name}},</p>

<p>The honest way to judge Clio Work is on one of your own criminal defense files, before you spend a dollar on it. Here is <a href=""https://www.clio.com/work/signup/"">the 14-day trial</a>. Upload a complaint or a filing, and see a real result in about ten minutes: every claim pulled out, the legal basis, and the weak points. Nothing to install or migrate.</p>

<p>{{my.first_name}}<br>Clio</p>","Hi {{first_name}}, {{my.first_name}} again from Clio. Just sent a trial link for Clio Work, no cost to look. It reads a complaint or a filing on its own and pulls out the claims and the weak points in about ten minutes, on one of your own files. Any reason not to run one through it this week?","Hi {{first_name}}, {{my.first_name}} at Clio. Sent a trial link so you can run one of your own case files through Clio Work, real result in about ten minutes, nothing to set up. Take a look when you get a minute.","{{first_name}}, quick share: Tearing Apart a Complaint in Under 2 Minutes. https://www.clio.com/work/at-work/ Shows it reading a served complaint and pulling out every claim and the weak points in about two minutes. Worth a watch for a criminal defense practice.",an honest question,"<p>Hi {{first_name}},</p>

<p>Most criminal defense firms have made peace with the first read of a case file eating an hour or more before anyone gets to strategy. Fair enough if that is just how it goes. If it is worth questioning, Clio Work does that first read in minutes and costs nothing to try. Worth a look, or not a priority right now?</p>

<p>{{my.first_name}}<br>Clio</p>","Hi {{first_name}}, {{my.first_name}} at Clio, keeping this short. The trial for Clio Work is still open, no cost to look. Upload a complaint or a filing and it pulls out the claims and the weak points in about ten minutes, on one of your own files. Want me to walk you through it this week, or should I check back another time?","Hi {{first_name}}, {{my.first_name}} at Clio. The Clio Work trial is still open, no cost to try it on one of your own case files, about ten minutes for a real result. Happy to walk through it whenever works for you.",one month free,"<p>Hi {{first_name}},</p>

<p>One thing worth knowing: if you buy Clio Work by July 31, 2026, you get one month free. Same tool criminal defense firms use to get the first read on a case file done without paying for hours of someone's time first. Nothing to set up on your end.</p>

<p>If the timing works, I can <a href=""https://www.clio.com/work/signup/"">get you started</a> today.</p>

<p>{{my.first_name}}<br>Clio</p>","Hi {{first_name}}, {{my.first_name}} at Clio, last check on this from me. Buy Clio Work by July 31, 2026 and it comes with one month free, and the trial still runs free on your own case files first if you want to see it before deciding anything. Should I close this out, or is a quick look still worth it?","Hi {{first_name}}, {{my.first_name}} at Clio. Buying Clio Work by July 31, 2026 gets one month free, and the trial is still open at no cost if you want to see it first. Let me know if a look is worth it, otherwise I will close this out.",closing the loop,"<p>Hi {{first_name}},</p>

<p>I will stop here so I am not cluttering your inbox. If it is ever useful, Clio Work reads a criminal defense file on its own and tells you what it can do with it, with nothing to set up. <a href=""https://www.clio.com/work/signup/"">The 14-day trial</a> is here whenever you want it, no cost to find out if it is worth it.</p>

<p>Good luck with the work.</p>

<p>{{my.first_name}}<br>Clio</p>"
Tier 1,0012G00001ZUdhWQAT,0032G00002DCmfGQAT,contact-email,Shepard PLLC,Business Formation / Compliance,,Florida,,Winnable,60,20.7,,Firm Related,No Time To Learn,Suppress - recently worked,Jonathan,Shepard,shepard.jonathan@gmail.com,15613062909,,,,,,,,,Manage,119,1,,,,,,,FALSE,FALSE,,,,,,,,,,,,,,,No,Yes,,,No,FALSE,"email,call,linkedin",,"Shepard PLLC, business formation/compliance, Florida, no prior AI, churned for firm related/no time to learn, lead with simplicity and no setup, channels email/call/linkedin.",0012G00001ZUdhWQAT,"Shepard PLLC is a business formation and compliance firm in Florida that previously used Clio Manage and churned for firm related reasons, specifically not having time to learn the product. They did not hold our earlier AI, so there is no prior AI framing needed; lead with how little there is to learn with Clio Work. Recommended Clio Work at Work video: From Blank Page to First Draft in One Conversation, where a plain language deal description becomes a structured first draft with jurisdiction specific language and defined terms. Communication channels open: email, calling, LinkedIn. Acknowledge the prior relationship once, in step 1 only.",your formation work,"<p>Hi {{first_name}},</p>

<p>Back when you were on Clio Manage, adding one more thing to learn was the last thing you needed. Clio Work is not that. You upload a business formation file and it tells you what it can do with it, no setup, no training, nothing to migrate.</p>

<p>Two-minute example: <a href=""https://www.clio.com/work/at-work/"">From Blank Page to First Draft in One Conversation</a>, where it turns a plain-language deal description into a structured first draft with jurisdiction-specific language and defined terms.</p>

<p>{{my.first_name}}<br>Clio</p>","Hi {{first_name}}, it is {{my.first_name}} at Clio, I will be quick. We built an AI that reads a business formation file and drafts it, no setup, nothing to learn first. For deal work like yours, the first draft is usually the slow part. Mind if I send a two-minute look at it?","Hi {{first_name}}, {{my.first_name}} at Clio. We built a legal AI that drafts business formation documents from a plain-language description, and it runs entirely on its own. Just sent an email with a short example. Worth a look when you have a minute.","{{first_name}}, we built a legal AI at Clio that drafts business formation documents on its own, nothing to set up. Thought it was worth being on your radar given your practice. No pitch.",a free trial,"<p>Hi {{first_name}},</p>

<p>The fastest way to judge Clio Work is on one of your own formation or compliance files. Here is <a href=""https://www.clio.com/work/signup/"">the 14-day trial</a>. You upload a document, it reads what is in it, and suggests a structured first draft within about ten minutes. Nothing to install, nothing to learn first, and nothing to migrate over from anything you used before.</p>

<p>{{my.first_name}}<br>Clio</p>","Hi {{first_name}}, {{my.first_name}} again from Clio. Just sent the trial link for Clio Work. Same idea: it drafts a business formation document from a plain-language description, and there is nothing to install or configure first. Most firms see the first structured draft inside ten minutes on a real deal. Did the email land, and is it worth a look this week?","Hi {{first_name}}, {{my.first_name}} at Clio. Following up on the trial link I sent. Clio Work drafts business formation documents straight from a plain-language description, no setup involved. Happy to walk through it live if that is easier than trying it cold.","{{first_name}}, sharing that same short video: https://www.clio.com/work/at-work/ From Blank Page to First Draft in One Conversation. Worth two minutes if you have not watched it yet.",an honest question,"<p>Hi {{first_name}},</p>

<p>Most business formation and compliance firms have made peace with the first draft eating an hour or more before anyone gets to the actual terms and defined language. Fair enough if that is just how it goes for now. Clio Work does that first pass in minutes, straight from a plain-language description of the deal. Worth a look, or not a priority right now?</p>

<p>{{my.first_name}}<br>Clio</p>","Hi {{first_name}}, {{my.first_name}} at Clio. Quick note that the Clio Work trial is still open for you. No pressure, just wanted to flag it before it slips. It takes one of your own formation files and returns a structured first draft in about ten minutes. Want me to send the link again, or is now not the right time?","Hi {{first_name}}, {{my.first_name}} at Clio. The Clio Work trial is still open on your end. Upload one file and get a structured first draft back in about ten minutes, nothing to set up. Let me know if you want the link resent.",one month free,"<p>Hi {{first_name}},</p>

<p>One thing worth knowing: if you buy Clio Work by July 31, 2026, you get one month free. Firms doing business formation and compliance work use it to turn a plain-language description of a deal into a structured first draft with the right defined terms, no setup required on your end.</p>

<p>If the timing works, I can <a href=""https://www.clio.com/work/signup/"">get you started</a> this week.</p>

<p>{{my.first_name}}<br>Clio</p>","Hi {{first_name}}, {{my.first_name}} at Clio, last live check-in on this. If you buy Clio Work by July 31, 2026, that includes one month free, and the trial still gets you a real draft off one of your own files first. Either works. Should I send over details, or should I close this out on my end?","Hi {{first_name}}, {{my.first_name}} at Clio. Wanted to flag the offer before it closes: buy Clio Work by July 31, 2026 and get one month free. Also happy to just run the trial on one of your files. Let me know which makes sense.",closing the loop,"<p>Hi {{first_name}},</p>

<p>I will stop here so I am not cluttering your inbox. If it is ever useful, Clio Work still turns a plain-language description of a deal into a structured first draft on its own, with nothing to set up and nothing to migrate over. <a href=""https://www.clio.com/work/signup/"">The 14-day trial</a> is here whenever you want to try it on a real file.</p>

<p>Good luck with the work.</p>

<p>{{my.first_name}}<br>Clio</p>"
Tier 1,001OG00001Dm8krYAB,003OG00000SkQPBYA3,contact-email,"Rabbat Law, P.C.",Corporate Litigation,,Nevada,,Winnable,55,4.9,,Product Related,Workflow Friction,Untapped,Robert,Rabbat,robert@rabbatlaw.com,(310) 220-9232,,,,,,,,,Manage,118,2 to 4,,,,,,,FALSE,TRUE,,,,,,,,,,,,,,,No,No,,,No,FALSE,"email,linkedin",,"Rabbat Law, P.C., corporate litigation firm in Nevada, no prior Clio AI, churned over product friction and workflow complexity; channels open are email and LinkedIn only, no calling.",001OG00001Dm8krYAB," Rabbat Law, P.C. is a corporate litigation firm in Nevada that previously used Clio Manage and churned over product friction and workflow complexity, meaning the platform felt like too much to run. They did not hold our earlier AI, so do not reference prior AI experience anywhere. Lead every touch with how simple Clio Work is: one standalone tool, nothing to set up, no migration. Recommended Clio Work at Work video: Contract Review That Doesn't Miss the Buried Clause, where it reads an uploaded contract and returns obligations, risk clauses by severity, unusual provisions, and the standard protections that are missing. Communication channels open: email and LinkedIn only, no calling. Acknowledge the prior Clio Manage relationship once, in step 1 only.",your litigation contract review,"<p>Hi {{first_name}},</p>

<p>Back when you were on Clio Manage, there was a lot to set up and learn. Clio Work is not that. It is one tool: upload a contract from a litigation matter and it reads it on its own, no configuration first.</p>

<p>Short example: <a href=""https://www.clio.com/work/at-work/"">Contract Review That Doesn't Miss the Buried Clause</a>, where it returns obligations, risk clauses by severity, unusual provisions, and the standard protections that are missing.</p>

<p>{{my.first_name}}<br>Clio</p>",,,"{{first_name}}, we built a standalone legal AI at Clio, upload a contract and it reads it on its own, nothing to configure first. Thought it was worth being on your radar given your litigation practice. No pitch.",a free trial,"<p>Hi {{first_name}},</p>

<p>The fair way to judge Clio Work is on one of your own contracts. Here is <a href=""https://www.clio.com/work/signup/"">the 14-day trial</a>. Upload a file from a live matter and you get a real result in about ten minutes: the obligations, the risk clauses by severity, and the standard protections that are missing. Nothing to install, no migration first, just the one file you already have open on your desk.</p>

<p>{{my.first_name}}<br>Clio</p>",,,"{{first_name}}, quick two minute watch if useful: https://www.clio.com/work/at-work/ It is Contract Review That Doesn't Miss the Buried Clause, shows the AI reading an uploaded contract for risk clauses and missing protections.",an honest question,"<p>Hi {{first_name}},</p>

<p>Most litigation firms have made peace with the first slow read through a contract, hunting page by page for the one buried clause before anyone gets to actual strategy. Fair enough if that is just how it goes and always has. If it is worth questioning, Clio Work does that first read in minutes instead of hours. Worth a look, or not a priority right now?</p>

<p>{{my.first_name}}<br>Clio</p>",,,one month free,"<p>Hi {{first_name}},</p>

<p>One thing worth knowing: if you buy Clio Work by July 31, 2026, you get one month free. It is the same standalone tool litigation firms use to read a contract the moment it lands on their desk, obligations and risk clauses included, with no setup required on your side at all.</p>

<p>If the timing works, I can <a href=""https://www.clio.com/work/signup/"">get you started</a> today.</p>

<p>{{my.first_name}}<br>Clio</p>",,,closing the loop,"<p>Hi {{first_name}},</p>

<p>I will stop here so I am not cluttering your inbox. If it is ever useful down the road, Clio Work reads a contract the moment you upload it and flags what is buried or missing in it, with nothing to set up and no migration to plan around. <a href=""https://www.clio.com/work/signup/"">The 14-day trial</a> is here whenever you want it.</p>

<p>Good luck with the work.</p>

<p>{{my.first_name}}<br>Clio</p>"
Tier 3,001A000001JEpJvIAL,003A000001ijOPgIAM,contact-email,Law Office of Sean Mays,Consumer Protection,,Pennsylvania,,Low/admin,20,5.1,,System Cancel,,Suppress - recently worked,Sean,Mays,sean@maysfirm.com,215-792-4321,,,,,,,,,Manage,109,,,,,,,,FALSE,FALSE,,,,,,,,,,,,,,,No,No,,,No,FALSE,"email,call,linkedin",,"Law Office of Sean Mays, consumer protection, Pennsylvania. Prior Clio AI: no. Churn: System Cancel (default arc, reason not named in copy). Channels: email, call, LinkedIn. Video: Contract Review That Doesn't Miss the Buried Clause. Nothing to fill.",001A000001JEpJvIAL," The Law Office of Sean Mays is a consumer protection firm in Pennsylvania that previously used Clio Manage and churned via a system cancellation, so treat the reason as unknown and lead with the product news rather than guessing why they left. They did not hold our earlier AI, so this is their first look at Clio Work: the AI now reads a firm's own files and does the first pass, runs on its own without Manage, and starts from one uploaded document. Recommended Clio Work at Work video: Contract Review That Doesn't Miss the Buried Clause. Communication channels open: email, calling, LinkedIn. Acknowledge the prior relationship once, in step 1 only.",your consumer protection work,"<p>Hi {{first_name}},</p><p>Back when you were on Clio Manage, everything lived in one platform. This is a different tool. Clio Work reads a consumer protection file and does the first pass, and it runs on its own, nothing to set up. You upload one document and it tells you what it can do.</p><p>Two-minute example: <a href=""https://www.clio.com/work/at-work/"">Contract Review That Doesn't Miss the Buried Clause</a>, where it reads a contract and flags the risk clauses and the protections it is missing.</p><p>{{my.first_name}}<br>Clio</p>","Hi {{first_name}}, it is {{my.first_name}} at Clio, I will be quick. We built a legal AI that does the actual work now: it reads a file and does the first pass, and it runs on its own with nothing to set up. For consumer protection work, that first pass is the slow part. You upload one document and it tells you what it can do with it. Opposed to me sending a two-minute look?","Hi {{first_name}}, {{my.first_name}} at Clio. We built a legal AI that does the actual work now, and it runs on its own with nothing to set up. Just sent you an email with a short video. Worth a look for a consumer protection firm.","{{first_name}}, we built a legal AI at Clio that does the work now and runs on its own, nothing to set up. Thought it was worth being on your radar given your consumer protection practice. No pitch.",a free trial,"<p>Hi {{first_name}},</p><p>The honest way to judge Clio Work is on one of your own consumer protection files. Here is <a href=""https://www.clio.com/work/signup/"">the 14-day trial</a>. You upload a document, it suggests what to do with it, and you see a real result in about ten minutes. Nothing to install, no migration, no training first. It reads what is in the file and gets going.</p><p>{{my.first_name}}<br>Clio</p>","Hi {{first_name}}, {{my.first_name}} at Clio again. Quick one: I just sent over a trial link for Clio Work. The idea is you run it on one of your own consumer protection files, upload a document, and see a real result in about ten minutes. Nothing to install and no migration. It reads what is in the file and does the first pass for you. Happy to point you to the right starting file if that helps.","Hi {{first_name}}, {{my.first_name}} at Clio. Just sent you a trial link for Clio Work. Run it on one of your own consumer protection files and you will see a result in about ten minutes, nothing to set up. Give it a look when you have a minute.","{{first_name}}, quick two-minute watch if it is useful: Contract Review That Doesn't Miss the Buried Clause. It reads a contract and flags the risk clauses and the protections that are missing. https://www.clio.com/work/at-work/",an honest question,"<p>Hi {{first_name}},</p><p>Most consumer protection firms have made peace with the slow, manual first pass on a file eating hours before anyone gets to strategy. Fair enough if that is just how the work goes. If it is worth questioning, Clio Work does that first pass in minutes, reading the file and telling you what is in it. Worth a look, or not a priority right now?</p><p>{{my.first_name}}<br>Clio</p>","Hi {{first_name}}, {{my.first_name}} at Clio. No pressure here, just closing a loop. The Clio Work trial is still open on your end. If you upload one consumer protection file, it does the first pass and shows you a real result in about ten minutes, nothing to set up. If it is easier, I can resend the link and point you at a good file to start with. Want me to do that?","Hi {{first_name}}, {{my.first_name}} at Clio. The Clio Work trial is still open for you. Upload one of your own files and you will see what it does in about ten minutes. Happy to resend the link if you want it. Talk soon.",one month free,"<p>Hi {{first_name}},</p><p>One thing worth knowing: if you buy Clio Work by July 31, 2026, you get one month free. It is the same AI that firms across the country use every day to get the first pass done on their own files, and there is nothing to set up on your end.</p><p>If the timing works, I can <a href=""https://www.clio.com/work/signup/"">get you started</a> today.</p><p>{{my.first_name}}<br>Clio</p>","Hi {{first_name}}, {{my.first_name}} at Clio, last time I will reach out by phone. One thing worth flagging: if you buy Clio Work by July 31, 2026, you get one month free. If you would rather see it first, I can run it live on one of your own consumer protection files in about ten minutes. Either way, no pressure. Want me to set that up?","Hi {{first_name}}, {{my.first_name}} at Clio. Quick note: buy Clio Work by July 31, 2026 and you get one month free. Or I can run it live on one of your files in about ten minutes. Give me a call back if either works.",closing the loop,"<p>Hi {{first_name}},</p><p>I will stop here so I am not cluttering your inbox. If it is ever useful, Clio Work does the consumer protection work and runs on its own, with nothing to set up or migrate. You upload one file and it tells you what it can do. <a href=""https://www.clio.com/work/signup/"">The 14-day trial</a> is here whenever you want it. Good luck with the work.</p><p>{{my.first_name}}<br>Clio</p>"
Tier 2,0012G00001nKWzJQAW,0032G00002TgwpqQAB,contact (lead-converted),Law Office of Kristal Scott,Real Estate,,Texas,,Low/admin,35,6.7,,System Cancel,,Suppress - recently worked,Kristal,Scott,attorneykristalscott@yahoo.com,7139923449,,,,,,,,,Manage,97.64,1,,,,,,,FALSE,FALSE,,,,,,,,,,,,,,,No,No,,,No,FALSE,"email,call,linkedin",,"Law Office of Kristal Scott, real estate, Texas. No prior Clio AI. Churn: System Cancel (default arc, reason never in copy). Channels: email, call, LinkedIn. Video: From Blank Page to First Draft in One Conversation. Nothing to fill.",0012G00001nKWzJQAW," The Law Office of Kristal Scott is a real estate firm in Texas that previously used Clio Manage and then landed in a System Cancel, so treat this as a clean default re-entry with no known reason to name. They did not hold our earlier AI, so position Clio Work as a new standalone tool that reads a real estate file and does the work on its own, with nothing to set up or migrate. Lead with the product news and the free trial rather than guessing why they left. Recommended Clio Work at Work video: From Blank Page to First Draft in One Conversation. Communication channels open: email, calling, LinkedIn. Acknowledge the prior Clio Manage relationship once, in step 1 only, then never again.",your real estate work,"<p>Hi {{first_name}},</p><p>Back when you were on Clio Manage, everything sat in one platform. This is a different tool. Clio Work reads a real estate file and does the first pass, and it runs on its own, nothing to set up or migrate. You upload one document and it starts.</p><p>Two-minute example: <a href=""https://www.clio.com/work/at-work/"">From Blank Page to First Draft in One Conversation</a>, where you describe the deal and it returns a structured first draft with defined terms.</p><p>{{my.first_name}}<br>Clio</p>","Hi {{first_name}}, it is {{my.first_name}} at Clio, I will be quick. This is not the old platform. We built a legal AI that does the actual work now. You upload one real estate document and it gets going, nothing to set up. For drafting and reviewing deals, that first pass is the slow part. Opposed to me sending a two-minute look you can judge for yourself?","Hi {{first_name}}, {{my.first_name}} at Clio. We built a legal AI that does the actual work now, and it runs without the full subscription. Just sent you an email with a short video. Worth a look for a real estate firm.","{{first_name}}, we built a legal AI at Clio that does the work now and runs on its own, nothing to set up. Given your real estate practice, thought it was worth being on your radar. No pitch, just wanted to connect.",a free trial,"<p>Hi {{first_name}},</p><p>The honest way to judge Clio Work is on one of your own real estate files. Here is <a href=""https://www.clio.com/work/signup/"">the 14-day trial</a>. You upload a document, it suggests what to do with it, and you see a real result in about ten minutes. Nothing to install, no migration, no training first. The document is the prompt, so there is nothing to configure before it starts working on your deal.</p><p>{{my.first_name}}<br>Clio</p>","Hi {{first_name}}, {{my.first_name}} at Clio again. I sent over a trial link a moment ago. The idea is simple: take one of your own real estate files, upload it, and Clio Work does the first pass in about ten minutes. Nothing to set up on your end. If you want, I can walk you through what it found on that first document. Fair to grab a few minutes this week?","Hi {{first_name}}, {{my.first_name}} at Clio. Just sent a trial link. Upload one real estate file and Clio Work does the first draft in about ten minutes, nothing to set up. Give it a try and tell me what you think.","{{first_name}}, short one worth two minutes: From Blank Page to First Draft in One Conversation. You describe the deal in plain language and Clio Work returns a structured first draft with defined terms. https://www.clio.com/work/at-work/",an honest question,"<p>Hi {{first_name}},</p><p>Most real estate firms have made peace with the slow, manual first pass on a file eating an hour or two before anyone gets to the actual deal terms. Fair enough if that is just how it goes and it is working for you. If it is worth questioning, Clio Work does that first pass in minutes, on your own file. Worth a look, or not a priority right now?</p><p>{{my.first_name}}<br>Clio</p>","Hi {{first_name}}, {{my.first_name}} at Clio. Not chasing, just want to make this easy. The trial is open, so any real estate file you have on hand works. You upload it, Clio Work reads it and does the first pass in about ten minutes, nothing to set up. It is the fastest-adopted product we have built. Want me to resend the link so you can try it on one document?","Hi {{first_name}}, {{my.first_name}} at Clio. The trial is still open. Upload one real estate file and Clio Work does the first pass in about ten minutes. Happy to resend the link. Worth trying on a single document.",one month free,"<p>Hi {{first_name}},</p><p>One thing worth knowing: if you buy Clio Work by July 31, 2026, you get one month free. Same AI that firms across the country use every day to get the first pass on a real estate file done, and there is nothing to set up on your end.</p><p>If the timing works, I can <a href=""https://www.clio.com/work/signup/"">get you started</a> today, on one of your own documents.</p><p>{{my.first_name}}<br>Clio</p>","Hi {{first_name}}, {{my.first_name}} at Clio, last time I will try you live. Two quick things: if you buy Clio Work by the end of July, you get one month free, and I am happy to run it on one of your own real estate files so you see a real result before you decide. Ten minutes, nothing to set up. Does a short call this week work, or should I send the link?","Hi {{first_name}}, {{my.first_name}} at Clio. If you buy Clio Work by the end of July, you get one month free. Happy to run it on one of your files first. Ten minutes. Call me back or reply to my email.",closing the loop,"<p>Hi {{first_name}},</p><p>I will stop here so I am not cluttering your inbox. If it is ever useful, Clio Work does the real estate work and runs on its own, with nothing to set up or migrate. You upload one document and it starts. <a href=""https://www.clio.com/work/signup/"">The 14-day trial</a> is here whenever you want it, on one of your own files.</p><p>Good luck with the work.</p><p>{{my.first_name}}<br>Clio</p>"
Tier 2,001A000001Dze1FIAR,003A000001blBAHIA2,contact-email,Law Office of Jaclyn Nayar,Wills & Estates,,New Jersey,,Low/admin,35,11.1,,System Cancel,,Untapped,Jaclyn,Nayar,jnayar@jnayarlaw.com,5166584515,,,,,,,,,Manage,92.76,,,,,,,,FALSE,TRUE,,,,,,,,,,,,,,,No,No,,,No,FALSE,"email,linkedin",,"Law Office of Jaclyn Nayar, Wills & Estates (New Jersey). Prior Clio AI: no. System Cancel, default arc. Channels: email, LinkedIn (no calling per facts, call steps kept for schema). Video: From Blank Page to First Draft in One Conversation. No blanks to fill.",001A000001Dze1FIAR," The Law Office of Jaclyn Nayar is a wills and estates firm in New Jersey that previously used Clio Manage and lapsed on a system cancel, so there is no stated reason to work around; lead with the product news. Clio Work reads the firm's own files and does the drafting and analysis, runs on its own with no Manage subscription, and starts from one uploaded document. Recommended Clio Work at Work video: From Blank Page to First Draft in One Conversation. Communication channels open: email and LinkedIn. Acknowledge the prior relationship once, in step 1 only.",your estate planning work,"<p>Hi {{first_name}},</p><p>Back when you were on Clio Manage, everything lived in one platform to learn. This is a different tool. Clio Work reads an estate planning file and does the first pass, and it runs on its own, nothing to install. You upload a document and it tells you what it does with it.</p><p>Two-minute example: <a href=""https://www.clio.com/work/at-work/"">From Blank Page to First Draft in One Conversation</a>, where you describe a matter in plain language and get a structured draft.</p><p>{{my.first_name}}<br>Clio</p>",,,"{{first_name}}, we built a legal AI at Clio that does the work now and runs on its own, nothing to set up. Thought it was worth being on your radar given your estate planning practice. No pitch.",a free trial,"<p>Hi {{first_name}},</p><p>The honest way to judge Clio Work is on one of your own estate planning files. Here is <a href=""https://www.clio.com/work/signup/"">the 14-day trial</a>. You upload a will or a trust document, it suggests what to do with it, and you see a real result in about ten minutes. Nothing to install, and no migration. The document you give it is the whole prompt, so there is nothing to configure and nothing to learn first.</p><p>{{my.first_name}}<br>Clio</p>",,,"{{first_name}}, two-minute watch: From Blank Page to First Draft in One Conversation. You describe a matter in plain language and Clio Work returns a structured first draft. Here it is: https://www.clio.com/work/at-work/",an honest question,"<p>Hi {{first_name}},</p><p>Most estate planning firms have made peace with the slow first pass on a file eating an hour or two before anyone gets to the real thinking. Fair enough if that is just how the work goes. If it is ever worth questioning, Clio Work does that part in minutes, reading your own document and drafting from it. Worth a look, or not a priority right now?</p><p>{{my.first_name}}<br>Clio</p>",,,one month free,"<p>Hi {{first_name}},</p><p>One thing worth knowing: if you buy Clio Work by July 31, 2026, you get one month free. It is the same AI firms across the country use every day to get the first pass on a file done, reading their own documents and drafting from them, with nothing to set up on your end.</p><p>If the timing works, I can <a href=""https://www.clio.com/work/signup/"">get you started</a> today.</p><p>{{my.first_name}}<br>Clio</p>",,,closing the loop,"<p>Hi {{first_name}},</p><p>I will stop here so I am not cluttering your inbox. If it is ever useful, Clio Work does the estate planning first pass for you, reading your own file and drafting from it, and it runs on its own with nothing to set up. <a href=""https://www.clio.com/work/signup/"">The 14-day trial</a> is here whenever you want it.</p><p>Good luck with the work.</p><p>{{my.first_name}}<br>Clio</p>"
Tier 1,0013m00002tbMCKAA2,0033m000033E7kGAAS,contact-email,Kevin Green and Associates,Criminal,,Indiana,,Winnable,60,14.4,,Firm Related,No Time To Learn,Suppress - recently worked,Kevin,Green,keglegal@aol.com,(317) 437-5002,,,,,,,,,Manage,89,,,,,,,,FALSE,FALSE,,,,,,,,,,,,,,,No,Yes,,,No,FALSE,"email,call,linkedin",,"Kevin Green and Associates, criminal defense firm in Indiana. Prior Clio AI: no. Angle: nothing to learn or set up, runs on its own. Channels: email, call, LinkedIn. Video: Tearing Apart a Complaint in Under 2 Minutes. No blanks to fill.",0013m00002tbMCKAA2," Kevin Green and Associates is a criminal defense firm in Indiana that previously used Clio Manage and churned, logged internally as Firm Related, No Time To Learn. So lead on how little there is to learn here: Clio Work is a standalone AI that reads a file and does the work, runs on its own without Manage, and starts from one uploaded document with nothing to set up or migrate. They did not hold our earlier AI, so this AI is new to them. Recommended Clio Work at Work video: Tearing Apart a Complaint in Under 2 Minutes. Communication channels open: email, calling, LinkedIn. Acknowledge the prior Clio Manage relationship once, in step 1 only.",your criminal work,"<p>Hi {{first_name}},</p><p>Back when you were on Clio Manage, everything was a setup step first. This is a different tool. Clio Work reads a criminal file and does the first pass on it, and it runs on its own, nothing to install or learn. You upload one document and it tells you what it can do with it.</p><p>Two-minute example: <a href=""https://www.clio.com/work/at-work/"">Tearing Apart a Complaint in Under 2 Minutes</a>, where it reads a served complaint and maps every claim.</p><p>{{my.first_name}}<br>Clio</p>","Hi {{first_name}}, it is {{my.first_name}} at Clio, I will be quick. This is not the platform, it is a new thing: an AI that does the legal work itself. You upload one document and it gets going, nothing to set up and nothing to learn first. For criminal defense, reading through a case file is the slow part. Opposed to me sending a two-minute look at it?","Hi {{first_name}}, {{my.first_name}} at Clio. We built a legal AI that does the actual work now, and it runs without the full subscription. Just sent you an email with a short video. Worth a look for a criminal defense firm.","{{first_name}}, we built a legal AI at Clio that does the work now and runs on its own, nothing to set up or learn first. Thought it was worth being on your radar given your criminal defense practice. No pitch.",a free trial,"<p>Hi {{first_name}},</p><p>The honest way to judge Clio Work is on one of your own criminal files. Here is <a href=""https://www.clio.com/work/signup/"">the 14-day trial</a>. You upload a document, it suggests what to do with it, and you see a real result in about ten minutes. Nothing to install, nothing to learn, no migration. It reads the file and does the first pass while you look at other matters.</p><p>{{my.first_name}}<br>Clio</p>","Hi {{first_name}}, {{my.first_name}} at Clio again. Just the one point: I sent you a link to a free trial so you can run this on one of your own criminal files. You upload a document and see a real result in about ten minutes, nothing to set up. For a discovery file or a complaint, it does the reading and the first pass for you. Curious what you think once you try it.","Hi {{first_name}}, {{my.first_name}} at Clio. Sent you a trial link so you can try Clio Work on one of your own criminal files. A real result in about ten minutes, nothing to set up. Give it a look when you have a minute.","{{first_name}}, quick two-minute watch if useful: Tearing Apart a Complaint in Under 2 Minutes. It reads a served complaint and pulls every claim, the legal basis, and the weak points with cited authority. https://www.clio.com/work/at-work/",an honest question,"<p>Hi {{first_name}},</p><p>Most criminal defense firms have made peace with the slow, manual first read of a case file eating hours before anyone gets to strategy. Fair enough if that is just how the work goes. If it is worth questioning, Clio Work does that first read in minutes, from one uploaded document. Worth a look, or not a priority right now?</p><p>{{my.first_name}}<br>Clio</p>","Hi {{first_name}}, {{my.first_name}} at Clio. Not looking to take your time, just wanted to make sure the trial link landed. You can run Clio Work on one of your own criminal files and see what it does in about ten minutes, nothing to set up first. It is the fastest-adopted product we have ever built, mostly because there is nothing to learn. Happy to resend the link if it is easier.","Hi {{first_name}}, {{my.first_name}} at Clio. Just making sure the trial link reached you. Run Clio Work on one of your own criminal files, a real result in about ten minutes. I can resend it if that helps. Thanks {{first_name}}.",one month free,"<p>Hi {{first_name}},</p><p>One thing worth knowing: if you buy Clio Work by July 31, 2026, you get one month free. Same AI that criminal defense firms use every day to get the first read of a file done, and there is nothing to set up or learn on your end.</p><p>If the timing works, I can <a href=""https://www.clio.com/work/signup/"">get you started</a> today.</p><p>{{my.first_name}}<br>Clio</p>","Hi {{first_name}}, {{my.first_name}} at Clio. Two quick things. One, the one month free offer runs through July 31, so there is still time if you want it. Two, I am glad to run Clio Work on one of your own criminal files myself, about ten minutes, so you can see it read the file and do the first pass. Want me to set that up, or send the trial link again?","Hi {{first_name}}, {{my.first_name}} at Clio. The one month free offer runs through July 31. Happy to run Clio Work on one of your own criminal files, about ten minutes. Give me a call back when it works. Thanks {{first_name}}.",closing the loop,"<p>Hi {{first_name}},</p><p>I will stop here so I am not cluttering your inbox. If it is ever useful, Clio Work does the criminal case reading and the first pass on a file you upload, and it runs on its own with nothing to set up or learn first. <a href=""https://www.clio.com/work/signup/"">The 14-day trial</a> is here whenever you want it, on one of your own files.</p><p>Good luck with the work.</p><p>{{my.first_name}}<br>Clio</p>"
Tier 2,0012G00001asJsOQAU,0033m000031OXmgAAG,contact-email,"Gargiulo/Rudnick, LLP",Civil Litigation,,Massachusetts,,Neutral/unknown,35,4.7,,Firm Related,Firm Buy-in,Untapped,Marielise,Kelly,mlk@grglaw.com,508 477-6400,,,,,,,,,Manage,69.35,10 to 19,,,,,,,FALSE,FALSE,,,,,,,,,,,,,,,No,No,,,No,FALSE,"email,call,linkedin",,"Gargiulo/Rudnick, LLP, civil litigation firm in Massachusetts, no prior Clio AI, churned Firm Related (Firm Buy-in), default arc leading with product news and the trial. Channels: email, call, LinkedIn. No blanks to fill.",0012G00001asJsOQAU," Gargiulo/Rudnick, LLP is a civil litigation firm in Massachusetts that previously used Clio Manage and churned for firm-related reasons (internal note: firm buy-in). No prior Clio AI, so this is their first look at Clio Work: an AI that reads their own files and does the legal work, running on its own without a Manage subscription. Treat as the default arc: lead with the product news and the 14-day trial, do not guess a reason for leaving. Recommended Clio Work at Work video: Tearing Apart a Complaint in Under 2 Minutes. Communication channels open: email, calling, LinkedIn. Acknowledge the prior Clio Manage relationship once, in step 1 only.",your civil litigation work,"<p>Hi {{first_name}},</p>

<p>Back when you were on Clio Manage, the admin lived in one place. Clio Work is a different tool. It reads a civil litigation file and does the first pass, and it runs on its own, nothing to set up. You upload one document and it tells you what it can do with it.</p>

<p>Two-minute example: <a href=""https://www.clio.com/work/at-work/"">Tearing Apart a Complaint in Under 2 Minutes</a>, where it reads a served complaint and pulls out every claim with cited authority.</p>

<p>{{my.first_name}}<br>Clio</p>","Hi {{first_name}}, it is {{my.first_name}} at Clio, I will be quick. This is a different thing than the platform: an AI that does the legal work now. You upload one document and it gets going, nothing to set up. For a civil litigation file, the slow part is the first pass on it, reading and pulling out the claims. That is exactly what it does. Opposed to me sending a two-minute look?","Hi {{first_name}}, {{my.first_name}} at Clio. We built a legal AI that does the actual work now, and it runs without the full subscription. Just sent you an email with a short video. Worth a look for a civil litigation firm.","{{first_name}}, we built a legal AI at Clio that reads a file and does the work now, and it runs on its own with nothing to set up. Thought it was worth being on your radar given your civil litigation practice. No pitch.",a free trial,"<p>Hi {{first_name}},</p>

<p>The honest way to judge Clio Work is on one of your own civil litigation files. Here is <a href=""https://www.clio.com/work/signup/"">the 14-day trial</a>. You upload a document, it suggests what to do with it, and you see a real result in about ten minutes. There is nothing to install and nothing to migrate. It does the first pass on the file, the slow part, so you can get to the arguments faster.</p>

<p>{{my.first_name}}<br>Clio</p>","Hi {{first_name}}, {{my.first_name}} at Clio again. I just sent over a trial link. The idea is you run Clio Work on one of your own civil litigation files, not a sample: upload a complaint or a motion, and in about ten minutes it has read it and done the first pass, claims and weak points pulled out. Nothing to set up first. Want me to walk you through the upload, or is the link enough to try it yourself?","Hi {{first_name}}, {{my.first_name}} at Clio. Just sent a trial link. Upload one of your own civil litigation files and Clio Work does the first pass in about ten minutes. Nothing to set up. Give it a try when you have a moment.","{{first_name}}, this is the two-minute one I mentioned: Tearing Apart a Complaint in Under 2 Minutes. Clio Work reads a served complaint and pulls out every claim with the cited authority. https://www.clio.com/work/at-work/",an honest question,"<p>Hi {{first_name}},</p>

<p>Most civil litigation firms have made peace with the slow, manual first pass on every new file, hours of reading before anyone gets to strategy. Fair enough if that is just how it goes. If it is worth questioning, Clio Work reads the file and does that first pass in minutes, with the claims and weak points pulled out for you. Worth a look, or not a priority right now?</p>

<p>{{my.first_name}}<br>Clio</p>","Hi {{first_name}}, {{my.first_name}} at Clio. Not chasing, just making sure the door is open. The trial is still live, and the fastest way to see whether Clio Work earns a place is to run it on one real civil litigation file: upload it, and it reads and does the first pass in about ten minutes. I can resend the link right now if that is easier. Would that be useful?","Hi {{first_name}}, {{my.first_name}} at Clio. The Clio Work trial is still open. Run it on one civil litigation file and see the first pass done in about ten minutes. Happy to resend the link. Talk soon.",one month free,"<p>Hi {{first_name}},</p>

<p>One thing worth knowing: if you buy Clio Work by July 31, 2026, you get one month free. It is the same legal AI that firms across the country use to get the first pass on a file done, and there is nothing to set up on your end. If the timing works, I can <a href=""https://www.clio.com/work/signup/"">get you started</a> today on one of your own civil litigation files.</p>

<p>{{my.first_name}}<br>Clio</p>","Hi {{first_name}}, {{my.first_name}} at Clio, last live try from me. Two ways in: I can run Clio Work on one of your civil litigation files in about ten minutes on a quick call so you see it on your own work, or you take the trial yourself. And if you buy by July 31, you get one month free. Which is easier for you?","Hi {{first_name}}, {{my.first_name}} at Clio. Happy to run Clio Work on one of your civil litigation files in about ten minutes, or you can take the trial. If you buy by July 31, one month free. Let me know which works.",closing the loop,"<p>Hi {{first_name}},</p>

<p>I will stop here so I am not cluttering your inbox. If it is ever useful, Clio Work reads a civil litigation file and does the first pass, and it runs on its own with nothing to set up. Upload one document and it tells you what it can do with it. <a href=""https://www.clio.com/work/signup/"">The 14-day trial</a> is here whenever you want it. Good luck with the caseload.</p>

<p>{{my.first_name}}<br>Clio</p>"
Tier 1,001A000001BddiwIAB,003A000001Yt6jgIAB,contact-email,"Konstantakis Law Office, LLC",Family,,Wisconsin,,Neutral/unknown,50,20.5,,Unknown,,Suppress - recently worked,Georgia,Konstantakis,georgia@konstantakislaw.com,414-427-6181,,,,,,,,,Manage,64.11,10 to 19,,,,,,,FALSE,FALSE,,,,,,,,,,,,,,,No,No,,,No,FALSE,"email,call,linkedin",,"Konstantakis Law Office, LLC, family law firm in Wisconsin. Prior Clio AI: no. Held Clio Manage. Churn reason unknown, so default arc: lead with the product and the trial. Channels open: email, call, LinkedIn.",001A000001BddiwIAB," Konstantakis Law Office, LLC is a family law firm in Wisconsin that previously used Clio Manage and churned for an unknown reason, so do not guess a cause. Use the default arc: lead with what Clio Work does now, that it reads their own files and does the work, runs on its own without a Manage subscription, and starts from one uploaded document, then the 14-day trial. They did not hold our earlier AI, so treat the AI as a new capability, not something they saw before. Recommended Clio Work at Work video: Tearing Apart a Complaint in Under 2 Minutes. Communication channels open: email, calling, LinkedIn. Acknowledge the prior Clio Manage relationship once, in step 1 only, then never again.",your family law work,"<p>Hi {{first_name}},</p><p>Back when you were on Clio Manage, the admin lived in one place. This is a different tool. Clio Work reads a family law file and does the first pass on it, and it runs on its own, nothing to set up. You upload one document and it tells you what it can do.</p><p>Two-minute example: <a href=""https://www.clio.com/work/at-work/"">Tearing Apart a Complaint in Under 2 Minutes</a>, where it reads a served complaint and maps every claim.</p><p>{{my.first_name}}<br>Clio</p>","Hi {{first_name}}, it is {{my.first_name}} at Clio, I will be quick. This is a different thing than the platform: an AI that does the legal work now. You upload one document and it gets going, nothing to set up or migrate. For family law, the first read of a file is the slow part, and it does that in a couple of minutes. Opposed to me sending a two-minute look?","Hi {{first_name}}, {{my.first_name}} at Clio. We built a legal AI that does the actual work now, and it runs without the full subscription. Just sent you an email with a short video. Worth a look for a family law firm.","{{first_name}}, we built a legal AI at Clio that does the work now and runs on its own, nothing to set up. Thought it was worth being on your radar given your family law practice. No pitch.",a free trial,"<p>Hi {{first_name}},</p><p>The honest way to judge Clio Work is on one of your own family law files. Here is <a href=""https://www.clio.com/work/signup/"">the 14-day trial</a>. You upload a document, it suggests what to do with it, and you see a real result in about ten minutes. Nothing to install, no migration, and no prompt to figure out first. The document you upload is what it reads and works from.</p><p>{{my.first_name}}<br>Clio</p>","Hi {{first_name}}, {{my.first_name}} at Clio again, quick one. I sent over a trial link earlier. The reason I keep coming back to it: Clio Work reads a family law file and does the first pass, the custody history, the assets, the claims, in a couple of minutes. You run it on one of your own documents and see for yourself. Want me to walk you through where to upload?","Hi {{first_name}}, {{my.first_name}} at Clio. Sent you a trial link for Clio Work. You upload one family law file and it does the first pass in about ten minutes. Give it a try and tell me what you think.","{{first_name}}, useful two-minute watch if you have a second: Tearing Apart a Complaint in Under 2 Minutes. It reads a served complaint and pulls out every claim, the legal basis, and the weak points. https://www.clio.com/work/at-work/",an honest question,"<p>Hi {{first_name}},</p><p>Most family law firms have made peace with the slow, manual first read of a file eating hours before anyone gets to strategy. Fair enough if that is just how it goes and it is not worth touching. If it is worth questioning, Clio Work does that first pass in minutes, starting from one document you upload. Worth a look, or not a priority right now?</p><p>{{my.first_name}}<br>Clio</p>","Hi {{first_name}}, {{my.first_name}} at Clio. Not going to keep at this much longer. The trial for Clio Work is open whenever you want it. You upload one family law file, it does the first pass in about ten minutes, and there is nothing to set up. Happy to resend the link so it is right in front of you. Want me to fire it over?","Hi {{first_name}}, {{my.first_name}} at Clio. The Clio Work trial is still open. One family law file, a real result in about ten minutes, nothing to set up. Let me know and I will resend the link.",one month free,"<p>Hi {{first_name}},</p><p>One thing worth knowing: if you buy Clio Work by July 31, 2026, you get one month free. Same AI that family law firms use to get the first pass on a file done in minutes, and there is nothing to set up on your end. You upload a document and it starts from there.</p><p>If the timing works, I can <a href=""https://www.clio.com/work/signup/"">get you started</a> today.</p><p>{{my.first_name}}<br>Clio</p>","Hi {{first_name}}, {{my.first_name}} at Clio, last live attempt from me. Two ways in: I can run Clio Work on one of your family law files in about ten minutes so you see it work, or if you buy by July 31 you get one month free. Either way you are judging it on your own document. Which is easier for you, a quick look or the offer?","Hi {{first_name}}, {{my.first_name}} at Clio. Happy to run Clio Work on one of your files in ten minutes so you see it on real work. Give me a call back and I will set it up.",closing the loop,"<p>Hi {{first_name}},</p><p>I will stop here so I am not cluttering your inbox. If it is ever useful, Clio Work does the family law first pass and runs on its own, with nothing to set up, starting from one document you upload. You would see a real result on your own file in about ten minutes. <a href=""https://www.clio.com/work/signup/"">The 14-day trial</a> is here whenever you want it.</p><p>Good luck with the work.</p><p>{{my.first_name}}<br>Clio</p>"
Tier 3,001OG00001G29lRYAR,003OG00000WkainYAB,contact-email,Harrington Sargent Law,Criminal,,Tennessee,,Low/admin,20,2.1,,System Cancel,,Untapped,Amanda,Harrington Sargent,amanda@harringtonsargentlaw.com,6159874423,,,,,,,,,Manage,59,1,,,,,,,FALSE,TRUE,,,,,,,,,,,,,,,No,No,,,No,FALSE,"email,linkedin",,"Harrington Sargent Law, criminal defense, Tennessee. Prior Clio AI: no. Held Manage, System Cancel (no reason on file). Only email and LinkedIn open (no phone/do-not-call); lead with those. Default arc: product news plus trial.",001OG00001G29lRYAR," Harrington Sargent Law is a criminal defense firm in Tennessee that previously used Clio Manage and churned as a System Cancel, so there is no reason on file. Treat this as the default arc: lead with the product news that Clio Work does the legal work now, runs on its own without Manage, and starts from one uploaded document, then the trial. They did not hold our earlier AI, so this is their first look at it. Only email and LinkedIn are open channels here (no phone on file / do-not-call), so lead with those; the call steps stay in the schema but get blanked by the loader. Recommended Clio Work at Work video: Tearing Apart a Complaint in Under 2 Minutes. Acknowledge the prior relationship once, in step 1 only.",your criminal defense work,"<p>Hi {{first_name}},</p><p>Back when you were on Clio Manage, the admin sat in one place. This is a different tool. Clio Work reads a criminal defense file and does the first pass on it, and it runs on its own, nothing to set up. You upload one document and it tells you what it can do with it.</p><p>Two-minute example: <a href=""https://www.clio.com/work/at-work/"">Tearing Apart a Complaint in Under 2 Minutes</a>, where it reads a served complaint and pulls out every claim.</p><p>{{my.first_name}}<br>Clio</p>",,,"{{first_name}}, we built a legal AI at Clio that does the work now and runs on its own, nothing to set up. Thought it was worth being on your radar given your criminal defense practice. No pitch.",a free trial,"<p>Hi {{first_name}},</p><p>The honest way to judge Clio Work is on one of your own criminal defense files. Here is <a href=""https://www.clio.com/work/signup/"">the 14-day trial</a>. You upload a document, it suggests what to do with it, and you see a real result in about ten minutes. Nothing to install, no migration, and no prompt to figure out first. The file you drop in is the whole starting point.</p><p>{{my.first_name}}<br>Clio</p>",,,"{{first_name}}, sharing a two-minute look in case it is useful: Tearing Apart a Complaint in Under 2 Minutes. It reads a served complaint and pulls out every claim, the weak points, and counter-arguments. https://www.clio.com/work/at-work/",an honest question,"<p>Hi {{first_name}},</p><p>Most criminal defense firms have made peace with the slow, manual read of a file eating hours before anyone gets to strategy. Fair enough if that is just how it goes. If it is worth questioning, Clio Work does that first pass in minutes, reading the document and pulling the claims and weak points for you. Worth a look, or not a priority right now?</p><p>{{my.first_name}}<br>Clio</p>",,,one month free,"<p>Hi {{first_name}},</p><p>One thing worth knowing: if you buy Clio Work by July 31, 2026, you get one month free. Same AI that criminal defense firms use to get the first pass on a file done, reading it and pulling the claims and weak points, with nothing to set up on your end.</p><p>If the timing works, I can <a href=""https://www.clio.com/work/signup/"">get you started</a> today.</p><p>{{my.first_name}}<br>Clio</p>",,,closing the loop,"<p>Hi {{first_name}},</p><p>I will stop here so I am not cluttering your inbox. If it is ever useful, Clio Work reads a criminal defense file and does the first pass, pulling the claims and the weak points, and it runs on its own with nothing to set up. You upload one document and it starts. <a href=""https://www.clio.com/work/signup/"">The 14-day trial</a> is here whenever you want it.</p><p>Good luck with the work.</p><p>{{my.first_name}}<br>Clio</p>"
Tier 3,001OG00000xpWOsYAM,003OG00000GGdnNYAT,contact-email,The Meridain Law Group LLC,Business Formation / Compliance,,Maryland,,Low/admin,10,3.5,,System Cancel,,Suppress - recently worked,Cynthia,Farmer,info@meridianlaw.co,13013464182,,,,,,,,,Manage,59,1,,,,,,,FALSE,FALSE,,,,,,,,,,,,,,,No,Yes,,,No,FALSE,"email,call,linkedin",,"The Meridain Law Group LLC, business formation / compliance, Maryland. Prior Clio AI: no. Held Manage. System Cancel (no reason on file), default arc: lead with product news and trial. Channels open: email, call, LinkedIn.",001OG00000xpWOsYAM," The Meridain Law Group LLC is a business formation and compliance firm in Maryland that previously used Clio Manage and churned as a System Cancel, so there is no reason on file. Treat this as the default arc: lead with the product news that Clio Work does the legal work now, runs on its own without Manage, and starts from one uploaded document, then the 14-day trial. They did not hold our earlier AI. Recommended Clio Work at Work video: From Blank Page to First Draft in One Conversation. Communication channels open: email, calling, LinkedIn. Acknowledge the prior relationship once, in step 1 only.",your formation work,"<p>Hi {{first_name}},</p><p>Back when you were on Clio Manage, the admin lived in one place. This is a different tool. Clio Work reads a business formation file and does the first pass, and it runs on its own, nothing to set up or migrate. You describe the parties and terms in plain language and it returns a structured first draft.</p><p>Two-minute example: <a href=""https://www.clio.com/work/at-work/"">From Blank Page to First Draft in One Conversation</a>, where it builds jurisdiction-specific language and defined terms.</p><p>{{my.first_name}}<br>Clio</p>","Hi {{first_name}}, it is {{my.first_name}} at Clio, I will keep this short. This is not the platform you knew. It is an AI that does the legal work now. You describe the parties and terms in plain language and it returns a structured first draft, nothing to set up. For business formation, that first pass is the slow part. Opposed to me sending a two-minute look?","Hi {{first_name}}, {{my.first_name}} at Clio. We built a legal AI that does the actual drafting now, and it runs without the full subscription. Just sent you an email with a short video. Worth a look for a formation practice.","{{first_name}}, we built a legal AI at Clio that does the work now and runs on its own, nothing to set up. You describe the deal in plain language and it drafts. Thought it was worth being on your radar given your business formation practice. No pitch.",a free trial,"<p>Hi {{first_name}},</p><p>The honest way to judge Clio Work is on one of your own formation files. Here is <a href=""https://www.clio.com/work/signup/"">the 14-day trial</a>. You describe the parties and terms, it drafts, and you see a real result in about ten minutes. Nothing to install, no migration, no prompt to figure out first. You upload a document and it tells you what it can do with it.</p><p>{{my.first_name}}<br>Clio</p>","Hi {{first_name}}, {{my.first_name}} at Clio again. I sent over a trial link. The idea is simple: take one of your formation matters, describe the parties and terms in plain language, and Clio Work returns a structured first draft in about ten minutes. Nothing to set up, and it runs on its own. Want me to point you to the right starting file?","Hi {{first_name}}, {{my.first_name}} at Clio. Just sent a trial link for Clio Work. Run it on one of your formation files and see a real first draft in about ten minutes. Give it a try when you have a minute.","{{first_name}}, sharing a quick one. This video shows Clio Work turn a plain description of a deal into a structured first draft with jurisdiction-specific language: From Blank Page to First Draft in One Conversation. https://www.clio.com/work/at-work/ Two minutes, worth it for formation work.",an honest question,"<p>Hi {{first_name}},</p><p>Most business formation firms have made peace with the slow first draft, the blank page and the boilerplate eating an hour before anyone gets to the terms that matter. Fair enough if that is just how it goes. If it is worth questioning, Clio Work does that first pass in minutes from a plain description. Worth a look, or not a priority right now?</p><p>{{my.first_name}}<br>Clio</p>","Hi {{first_name}}, {{my.first_name}} at Clio. Quick one: the Clio Work trial is still open on your end. If it helps, take one formation matter, describe the parties and key terms, and it returns a structured first draft in about ten minutes. I can resend the link so it is easy to find. Want me to do that?","Hi {{first_name}}, {{my.first_name}} at Clio. The Clio Work trial is open whenever you want to test it on a formation file. I will resend the link by email so it is easy to find. No rush at all.",one month free,"<p>Hi {{first_name}},</p><p>One thing worth knowing: if you buy Clio Work by July 31, 2026, you get one month free. Same AI that firms across the country use every day to get the first draft done from a plain description, and there is nothing to set up on your end.</p><p>If the timing works, I can <a href=""https://www.clio.com/work/signup/"">get you started</a> today.</p><p>{{my.first_name}}<br>Clio</p>","Hi {{first_name}}, {{my.first_name}} at Clio, last one from me for now. If it is useful, I can run Clio Work on one of your formation files and show you a first draft in ten minutes on a short call. The offer to get one month free by buying before the end of July still stands. Want to grab a few minutes this week?","Hi {{first_name}}, {{my.first_name}} at Clio. Happy to show Clio Work on one of your formation files in a quick ten-minute call. If this week works, let me know a good time. Thanks, {{first_name}}.",closing the loop,"<p>Hi {{first_name}},</p><p>I will stop here so I am not cluttering your inbox. If it is ever useful, Clio Work does the business formation drafting from a plain description of the parties and terms, and it runs on its own, with nothing to set up or migrate. You upload a document and it tells you what it can do. <a href=""https://www.clio.com/work/signup/"">The 14-day trial</a> is here whenever you want it.</p><p>Good luck with the work.</p><p>{{my.first_name}}<br>Clio</p>"
Tier 1,001OG00000cVa4ZYAS,003OG00000BCwDEYA1,contact-email,Korompis Law,Bankruptcy,,California,,Winnable,55,5.8,,Firm Related,No Time To Learn,Suppress - recently worked,Nancy,Korompis,nancy@korompislaw.com,(626) 938-9200,,,,,,,,,Manage,49,1,,,,,,,FALSE,FALSE,,,,,,,,,,,,,,,No,No,,,No,FALSE,"email,call,linkedin",,"Korompis Law, bankruptcy firm in California, no prior Clio AI, previously on Clio Manage. Channels: email, call, LinkedIn. Angle: simplicity (one standalone tool, runs without Manage, nothing to set up, train on, or migrate). Video: Contract Review That Doesn't Miss the Buried Clause, framed on a creditor agreement. Offer one month free only in step 9. Manage acknowledged once, in step 1.",001OG00000cVa4ZYAS," Korompis Law is a bankruptcy firm in California that previously used Clio Manage and churned. They did not hold our earlier AI, so this is the first time they will see Clio Work; do not position it as a return to an old product, position it as a new standalone tool. The churn note internally is that they never had the time to learn the platform, so the whole angle is simplicity: one tool that does one job, runs on its own without Manage, and needs no setup, training, or migration. Do not remind them they found it hard; just show how little there is to it. Recommended Clio Work at Work video: Contract Review That Doesn't Miss the Buried Clause, framed around a creditor agreement or petition. Communication channels open: email, calling, LinkedIn. Acknowledge the prior relationship once, in step 1 only.",your bankruptcy work,"<p>Hi {{first_name}},</p><p>Back when you were on Clio Manage, everything lived in one platform. Clio Work is a different tool. It reads a bankruptcy file and does the first pass, and it runs on its own, nothing to set up or migrate. You upload one document and it tells you what it can do with it.</p><p>Two-minute example: <a href=""https://www.clio.com/work/at-work/"">Contract Review That Doesn't Miss the Buried Clause</a>, where it reads a creditor agreement and flags the risk clauses by severity.</p><p>{{my.first_name}}<br>Clio</p>","Hi {{first_name}}, it is {{my.first_name}} at Clio, I will be quick. This is a new tool, not the platform. It is a legal AI that does the work now: you upload one document, a petition or a creditor agreement, and it gets going. Nothing to set up, nothing to learn first. For bankruptcy work that first manual read is the slow part. Opposed to me sending a two-minute look so you can judge it yourself?","Hi {{first_name}}, {{my.first_name}} at Clio. We built a legal AI that does the actual work now, and it runs without the full subscription. You upload one file and it starts. Just sent you an email with a short video. Worth a look for a bankruptcy practice.","{{first_name}}, we built a legal AI at Clio that does the work now and runs on its own, with nothing to set up. You upload one document and it starts. Thought it was worth being on your radar given your bankruptcy practice. No pitch.",a free trial,"<p>Hi {{first_name}},</p><p>The honest way to judge Clio Work is on one of your own bankruptcy files. Here is <a href=""https://www.clio.com/work/signup/"">the 14-day trial</a>. You upload a petition or a set of schedules, it suggests what to do with it, and you see a real result in about ten minutes. Nothing to install, no migration, no setting up first. The document is the prompt, so there is nothing to learn before it starts helping.</p><p>{{my.first_name}}<br>Clio</p>","Hi {{first_name}}, {{my.first_name}} at Clio again. I sent over a trial link. The reason I keep coming back to it: this reads a bankruptcy file and does the first pass, the part that usually eats an hour before you get to strategy. You run it on one of your own schedules or a creditor filing, and you have a real result in about ten minutes. Nothing to set up on your end. Want me to point you at where to drop the file?","Hi {{first_name}}, {{my.first_name}} at Clio. Just sent a trial link. You upload one of your own bankruptcy files and see what the AI does with it in about ten minutes, nothing to set up. Give it a look when you have a minute.","{{first_name}}, here is the two-minute one I mentioned: https://www.clio.com/work/at-work/ It is Contract Review That Doesn't Miss the Buried Clause. It reads a creditor agreement and flags the obligations and the risk clauses by severity. Useful for bankruptcy work.",an honest question,"<p>Hi {{first_name}},</p><p>Most bankruptcy firms have made peace with the slow manual first read of a petition and the schedules before anyone gets to the real work. Fair enough if that is just how it goes. If it is worth questioning, Clio Work reads that file and does the first pass in minutes, and there is nothing to set up to try it. Worth a look, or not a priority right now?</p><p>{{my.first_name}}<br>Clio</p>","Hi {{first_name}}, {{my.first_name}} at Clio. Not chasing, just making sure this is easy if you ever want to try it. The trial is open, you upload one bankruptcy file and the AI does the first pass in about ten minutes, nothing to configure. If it is useful I will send the link again and you can run it on a real petition this week. Should I resend it?","Hi {{first_name}}, {{my.first_name}} at Clio. The trial is still open whenever you want it. You upload one bankruptcy file and the AI does the first pass, nothing to set up. Happy to resend the link, just let me know.",one month free,"<p>Hi {{first_name}},</p><p>One thing worth knowing: if you buy Clio Work by July 31, 2026, you get one month free. It is the same AI that firms across the country use every day to do the first pass on a file, and there is nothing to set up on your end. You upload one document and it starts.</p><p>If the timing works, I can <a href=""https://www.clio.com/work/signup/"">get you started</a> today.</p><p>{{my.first_name}}<br>Clio</p>","Hi {{first_name}}, {{my.first_name}} at Clio, last live try from me. If it is easier, I can run it on one of your own bankruptcy files and show you a first pass in about ten minutes, no setup needed. And the one month free for buying by the end of July is still on the table. Would a short call this week work, or should I just send the link again?","Hi {{first_name}}, {{my.first_name}} at Clio. Happy to run this on one of your own files and show you a first pass in ten minutes. Let me know if a short call works this week, otherwise I will leave you the trial link.",closing the loop,"<p>Hi {{first_name}},</p><p>I will stop here so I am not cluttering your inbox. If it is ever useful, Clio Work reads a bankruptcy file and does the first pass, it runs on its own, and there is nothing to set up. You upload one document and it starts. <a href=""https://www.clio.com/work/signup/"">The 14-day trial</a> is here whenever you want it.</p><p>Good luck with the work.</p><p>{{my.first_name}}<br>Clio</p>"
Tier 1,001OG00000srxhDYAQ,003OG00000ErIDNYA3,contact-email,Law Office of Valentine McLemore,Sports / Entertainment / Gaming,,Illinois,,Winnable,70,7.3,,Firm Related,Budget Cuts,Suppress - recently worked,Valentine,_,valentinemclemore@gmail.com,+1 734-717-7833,,,,,,,,,Manage,49,1,,,,,,,FALSE,FALSE,,,,,,,,,,,,,,,No,No,,,No,FALSE,"email,call,linkedin",,"Law Office of Valentine McLemore, Sports, Entertainment, and Gaming law firm in Illinois. Prior Clio AI: no. Previously on Clio Manage, churned (internal: Firm Related / Budget Cuts, so lead try-it-free). Channels open: email, call, LinkedIn. Recommended video: Contract Review That Doesn't Miss the Buried Clause.",001OG00000srxhDYAQ," The Law Office of Valentine McLemore is a sports, entertainment, and gaming law firm in Illinois that previously used Clio Manage and churned. Internally the churn is Firm Related, Budget Cuts, so the angle is to let them prove value free on one of their own files: the 14-day trial is the hook and the one-month-free lowers first cost. Do not defend old pricing and never state the reason. They did not hold our earlier AI, so position Clio Work as a different, standalone product that does the legal work now and runs on its own without Manage. Recommended Clio Work at Work video: Contract Review That Doesn't Miss the Buried Clause, framed around a talent, licensing, or endorsement contract. Communication channels open: email, calling, LinkedIn. Acknowledge the prior relationship once, in step 1 only.",your entertainment work,"<p>Hi {{first_name}},</p><p>Back when you were on Clio Manage, the platform held the admin. This is a different tool. Clio Work reads a talent or endorsement contract and does the first pass, and it runs on its own, nothing to set up or migrate. You upload one document and it tells you what it can do with it.</p><p>Two-minute example: <a href=""https://www.clio.com/work/at-work/"">Contract Review That Doesn't Miss the Buried Clause</a>, where it flags risk clauses by severity and the protections a deal is missing.</p><p>{{my.first_name}}<br>Clio</p>","Hi {{first_name}}, it is {{my.first_name}} at Clio, I will be quick. This is a different thing than the platform: an AI that does the legal work now. You upload a talent or licensing contract and it does the first read, flags the risk clauses, and names the protections that are missing. Nothing to set up. For entertainment work, that read is the slow part. Opposed to me sending a two-minute look?","Hi {{first_name}}, {{my.first_name}} at Clio. We built a legal AI that does the actual work now, and it runs on its own without the full subscription. I just sent an email with a short video. Worth a look for an entertainment practice.","{{first_name}}, we built a legal AI at Clio that does the work now and runs on its own, nothing to set up. Thought it was worth being on your radar given your sports and entertainment practice. No pitch.",a free trial,"<p>Hi {{first_name}},</p><p>The honest way to judge Clio Work is on one of your own entertainment or licensing files. Here is <a href=""https://www.clio.com/work/signup/"">the 14-day trial</a>. You upload a document, it suggests what to do with it, and you see a real result in about ten minutes. Nothing to install, no migration. For a talent or endorsement contract, that first read is the slow part, and it does it while you look at something else.</p><p>{{my.first_name}}<br>Clio</p>","Hi {{first_name}}, {{my.first_name}} at Clio again. I just sent over a trial link. The idea is simple: take one talent or licensing contract you are already working, upload it, and Clio Work does the first read in about ten minutes. It returns the obligations, the risk clauses by severity, and the protections the deal is missing. Nothing to install on your end. Want me to walk you through where to drop the file?","Hi {{first_name}}, {{my.first_name}} at Clio. I just sent a link to the 14-day trial. Upload one contract and Clio Work does the first read in about ten minutes. Give it a look and tell me what you think.","{{first_name}}, worth two minutes if you review contracts: https://www.clio.com/work/at-work/ The video is Contract Review That Doesn't Miss the Buried Clause. You upload a talent or licensing contract and it returns the obligations, risk clauses by severity, and the protections that are missing.",an honest question,"<p>Hi {{first_name}},</p><p>Most sports and entertainment firms have made peace with the slow first read of a talent or licensing contract, going through every page by hand to catch each buried term and the protections that are not there. Fair enough if that is just how it goes. If it is worth questioning, Clio Work does that first read in minutes, from the document itself. Worth a look, or not a priority right now?</p><p>{{my.first_name}}<br>Clio</p>","Hi {{first_name}}, {{my.first_name}} at Clio. Not chasing, just leaving the door open. The trial is still there whenever you have a talent or licensing contract in front of you. Upload it, and Clio Work does the first read in about ten minutes: obligations, risk clauses by severity, and the protections the deal is missing. Nothing to set up. Happy to send the link again if it is easier. Worth a quick try this week?","Hi {{first_name}}, {{my.first_name}} at Clio. The trial for Clio Work is open whenever you want it. One contract, one upload, a real first read in about ten minutes. I can resend the link if that helps. Talk soon.",one month free,"<p>Hi {{first_name}},</p><p>One thing worth knowing: if you buy Clio Work by July 31, 2026, you get one month free. It is the same AI that firms across the country use every day to get the first read of a contract done, and there is nothing to set up on your end. It runs on the largest legal library in the world, the vLex corpus. If the timing works, I can <a href=""https://www.clio.com/work/signup/"">get you started</a> today.</p><p>{{my.first_name}}<br>Clio</p>","Hi {{first_name}}, {{my.first_name}} at Clio, last live attempt from me. Two ways to see Clio Work on your own work: I can run it on one of your contracts in about ten minutes on a quick call, or you start the trial yourself and do the same. If you move by July 31, there is one month free on top. Either way, you judge it on a real file. Which is easier for you?","Hi {{first_name}}, {{my.first_name}} at Clio. Happy to run Clio Work on one of your contracts in ten minutes, or you can start the trial yourself. If it is useful, there is one month free through July 31. Let me know which works.",closing the loop,"<p>Hi {{first_name}},</p><p>I will stop here so I am not cluttering your inbox. If it is ever useful, Clio Work does the sports and entertainment work, the slow first read of a talent or licensing contract, and it runs on its own, with nothing to set up or migrate. You upload one document and it starts. <a href=""https://www.clio.com/work/signup/"">The 14-day trial</a> is here whenever you want it. Good luck with the work.</p><p>{{my.first_name}}<br>Clio</p>"
Tier 2,001OG00000aYUtNYAW,003OG00000AkRibYAF,contact-email,Valerie A Teachout,Employment / Labor,,Virginia,,Low/admin,35,11.5,,System Cancel,,Suppress - recently worked,Valerie,Teachout,valteachoutlaw@gmail.com,1-540-588-1795,,,,,,,,,Manage,49,1,,,,,,,FALSE,FALSE,,,,,,,,,,,,,,,No,No,,,No,FALSE,"email,call,linkedin",,"Valerie A. Teachout, solo employment and labor practice in Virginia. Prior Clio AI: no. Former Clio Manage customer, System Cancel (default arc, do not guess a reason). Channels: email, call, LinkedIn. Recommended video: Tearing Apart a Complaint in Under 2 Minutes. No blanks to fill.",001OG00000aYUtNYAW," Valerie A. Teachout runs a solo employment and labor practice in Virginia that previously used Clio Manage and then churned via a System Cancel, so treat the reason as unknown: lead with the product news and the trial, and do not guess why she left. She did not hold any earlier Clio AI, so Clio Work is genuinely new to her: it reads a firm's own files and does the legal work, and it runs on its own with no Clio Manage subscription. Angle for an employment practice: it reads a discrimination charge or civil complaint and does the first pass, pulling every claim, the legal basis, and the weak points. Recommended Clio Work at Work video: Tearing Apart a Complaint in Under 2 Minutes. Communication channels open: email, calling, LinkedIn. Acknowledge the prior Clio Manage relationship once, in step 1 only, and never again.",your employment work,"<p>Hi {{first_name}},</p><p>Back when you were on Clio Manage, the admin sat in one place. This is a different tool. Clio Work reads a discrimination charge or civil complaint and does the first pass, and it runs on its own, nothing to set up or migrate. You upload one document and it tells you what it can do.</p><p>Example: <a href=""https://www.clio.com/work/at-work/"">Tearing Apart a Complaint in Under 2 Minutes</a>, where it reads a charge you were served and pulls every claim and its weak points.</p><p>{{my.first_name}}<br>Clio</p>","Hi {{first_name}}, it is {{my.first_name}} at Clio, I will be quick. This is a different thing than what you knew before: an AI that does the legal work now. You upload one charge or complaint and it gets going, nothing to set up, and it tells you what it can do with the document. For an employment and labor practice, that first read is the slow part. Opposed to me sending a two-minute look?","Hi {{first_name}}, {{my.first_name}} at Clio. We built a legal AI that does the actual work now, and it runs on its own with no full subscription. Just sent you an email with a short video. Worth a look for an employment and labor practice.","{{first_name}}, we built a legal AI at Clio that does the work now and runs on its own, nothing to set up. It reads a charge or complaint and does the first pass. Thought it was worth being on your radar given your employment and labor practice. No pitch.",a free trial,"<p>Hi {{first_name}},</p><p>The honest way to judge Clio Work is on one of your own employment and labor files. Here is <a href=""https://www.clio.com/work/signup/"">the 14-day trial</a>. You upload a discrimination charge or a complaint, it suggests what to do with it, and you see a real result in about ten minutes. Nothing to install, no migration. The document is the prompt, so there is nothing to figure out first.</p><p>{{my.first_name}}<br>Clio</p>","Hi {{first_name}}, {{my.first_name}} at Clio again. I just sent over a link to the 14-day trial. The point of it is simple: take one of your own charges or complaints, upload it, and Clio Work does the first read and pulls the claims and weak points in about ten minutes. Nothing to set up first. If you have a file in front of you, it is the fastest way to see whether this is useful for your practice. Can I answer anything on it?","Hi {{first_name}}, {{my.first_name}} at Clio. Just sent the trial link. Upload one of your own charges or complaints and Clio Work does the first read in about ten minutes, nothing to set up. Give it a try and let me know what you think.","{{first_name}}, quick two-minute watch if you have a second: https://www.clio.com/work/at-work/ The video is Tearing Apart a Complaint in Under 2 Minutes. It reads a charge you were served and pulls every claim, the legal basis, and the weak points. Felt relevant to your employment and labor work.",an honest question,"<p>Hi {{first_name}},</p><p>Most employment and labor firms have made peace with the slow, manual first read of a new charge or complaint, hours of it before anyone gets to strategy. Fair enough if that is just how it goes. If it is worth questioning, Clio Work does that first read in minutes and hands you the claims and weak points. Worth a look, or not a priority right now?</p><p>{{my.first_name}}<br>Clio</p>","Hi {{first_name}}, {{my.first_name}} at Clio. No pressure here, just making sure the trial link reached you. If it is easier, I can send it again so you can run Clio Work on one of your own charges or complaints. You upload the document, it does the first read and pulls the claims and weak points, and you have a real result in about ten minutes. Nothing to set up on your end. Want me to resend it?","Hi {{first_name}}, {{my.first_name}} at Clio. The Clio Work trial is still open whenever you want to try it on one of your own files. Happy to resend the link. Give me a call back and I will get it to you.",one month free,"<p>Hi {{first_name}},</p><p>One thing worth knowing: if you buy Clio Work by July 31, 2026, you get one month free. It is the same AI that firms across the country use every day to get the first read on a charge or complaint done, and there is nothing to set up on your end. If the timing works, I can <a href=""https://www.clio.com/work/signup/"">get you started</a> today.</p><p>{{my.first_name}}<br>Clio</p>","Hi {{first_name}}, {{my.first_name}} at Clio. Last thing from me for now. If Clio Work looks useful for your practice, the one month free for buying by July 31 is a good reason to start this month. Or if you would rather see it live first, I can run it on one of your own charges or complaints in about ten minutes on a quick call. Either way, happy to help. What works better for you?","Hi {{first_name}}, {{my.first_name}} at Clio. If Clio Work is worth a look, there is one month free for buying by July 31. Happy to run it on one of your own files on a short call too. Give me a ring back.",closing the loop,"<p>Hi {{first_name}},</p><p>I will stop here so I am not cluttering your inbox. If it is ever useful, Clio Work does the employment and labor work for you, reading a charge or complaint and pulling the claims and weak points, and it runs on its own with nothing to set up. <a href=""https://www.clio.com/work/signup/"">The 14-day trial</a> is here whenever you want it. Good luck with the work.</p><p>{{my.first_name}}<br>Clio</p>"
Tier 1,001OG00000c88x2YAA,003OG00000B77MdYAJ,contact-email,MTAM Law,Business Formation / Compliance,,Florida,,Neutral/unknown,50,8.1,,Unknown,,Untapped,Michele,Mitchell,michele@mtam.law,9548291487,,,,,,,,,Manage,44.1,1,,,,,,,FALSE,FALSE,,,,,,,,,,,,,,,No,No,,,No,FALSE,"email,call,linkedin",,"MTAM Law, business formation and compliance firm in Florida, former Clio Manage customer (no prior Clio AI), churn reason unknown so default arc leading with product news and the trial. Channels open: email, call, LinkedIn. Recommended video: From Blank Page to First Draft in One Conversation.",001OG00000c88x2YAA," MTAM Law is a business formation and compliance firm in Florida that previously used Clio Manage and churned. Churn reason is unknown, so run the default arc: lead with the product news that Clio Work does the legal work now and runs on its own without Manage, starting from one uploaded document, and lean on the 14-day trial. They did not hold our earlier AI, so do not say they saw a prior version. Recommended Clio Work at Work video: From Blank Page to First Draft in One Conversation, where it drafts a formation document from a plain description of the parties, entity, key terms, and jurisdiction, then refines by conversation. Communication channels open: email, calling, LinkedIn. Acknowledge the prior Clio Manage relationship once, in step 1 only, and never state why they left.",your formation work,"<p>Hi {{first_name}},</p>
<p>Back when you ran MTAM Law on Clio Manage, the admin lived in one place. Clio Work is a different tool. It reads a business formation file and does the first pass, and it runs on its own, nothing to set up. You upload one operating agreement and it tells you what it can do.</p>
<p>Two-minute example: <a href=""https://www.clio.com/work/at-work/"">From Blank Page to First Draft in One Conversation</a>, where it drafts a formation document from a plain description.</p>
<p>{{my.first_name}}<br>Clio</p>","Hi {{first_name}}, it is {{my.first_name}} at Clio, I will be quick. We built a legal AI that does the actual work now, and it runs on its own. You upload one document, an operating agreement or bylaws, and it gets going, nothing to set up. For business formation work, drafting is usually the slow part. Opposed to me sending a two-minute look?","Hi {{first_name}}, {{my.first_name}} at Clio. We built a legal AI that drafts and reviews formation documents now, and it runs without the full subscription. Just sent an email with a short video. Worth a look for a business formation firm.","{{first_name}}, we built a legal AI at Clio that does the work now, drafting and reviewing files, and runs on its own with nothing to set up. Thought it was worth being on your radar given your business formation practice. No pitch.",a free trial,"<p>Hi {{first_name}},</p>
<p>The honest way to judge Clio Work is on one of your own business formation files. Here is <a href=""https://www.clio.com/work/signup/"">the 14-day trial</a>. You upload an operating agreement or a set of bylaws, it suggests what to do with it, and you see a real result in about ten minutes. Nothing to install, and no migration on your side.</p>
<p>{{my.first_name}}<br>Clio</p>","Hi {{first_name}}, {{my.first_name}} at Clio again. Quick one: I sent over a trial link for Clio Work. The idea is you upload one of your own files, say an operating agreement, and it drafts or reviews it in about ten minutes. Nothing to install for it. For a business formation practice, that first draft is usually the slow part. Want me to walk you through it, or is the link enough to start?","Hi {{first_name}}, {{my.first_name}} at Clio. Just sent you a trial link for Clio Work. Upload one formation file and see a real result in about ten minutes. Give it a look when you have a moment.","{{first_name}}, short two-minute watch if useful: From Blank Page to First Draft in One Conversation. It drafts a formation document from a plain description, then refines by conversation. https://www.clio.com/work/at-work/",an honest question,"<p>Hi {{first_name}},</p>
<p>Most business formation practices have made peace with the slow first draft: an operating agreement pulled from a prior template, then reworked term by term before it fits the client. Fair enough if that is just how it goes. If it is worth questioning, Clio Work does that first draft in minutes. Worth a look, or not a priority right now?</p>
<p>{{my.first_name}}<br>Clio</p>","Hi {{first_name}}, {{my.first_name}} at Clio. Not chasing, just making sure you saw it. The Clio Work trial is open, so you can run it on one of your own business formation files, an operating agreement or bylaws, and see a first draft in about ten minutes. Nothing to set up first. Want me to resend the link so it is easy to find?","Hi {{first_name}}, {{my.first_name}} at Clio. The Clio Work trial is still open whenever you want to try it on a formation file. Happy to resend the link. Talk soon.",one month free,"<p>Hi {{first_name}},</p>
<p>One thing worth knowing: if you buy Clio Work by July 31, 2026, you get one month free. It is the same AI that firms across the country use to get a first draft of a formation document done, and there is nothing to set up on your end.</p>
<p>If the timing works, I can <a href=""https://www.clio.com/work/signup/"">get you started</a> today.</p>
<p>{{my.first_name}}<br>Clio</p>","Hi {{first_name}}, {{my.first_name}} at Clio, last time I will reach out. If it is useful, I can run Clio Work on one of your business formation files in about ten minutes, or you can start the trial yourself. One more thing: if you buy by July 31, you get one month free. Either way, worth a quick look?","Hi {{first_name}}, {{my.first_name}} at Clio. Last note from me. Happy to show Clio Work on one of your files, or point you to the trial. Give me a call back if the timing works.",closing the loop,"<p>Hi {{first_name}},</p>
<p>I will stop here so I am not cluttering your inbox. If it is ever useful, Clio Work drafts and reviews business formation documents, from an operating agreement to a set of bylaws, and it runs on its own with nothing to set up. You upload one file and it starts. <a href=""https://www.clio.com/work/signup/"">The 14-day trial</a> is here whenever you want it.</p>
<p>Good luck with the work.</p>
<p>{{my.first_name}}<br>Clio</p>"
Tier 1,0013m000035kSSqAAM,0033m00003AuSMRAA3,contact-email,"Jai Castillo, Attorney At Law.",Immigration,,California,,Winnable,70,10.1,,Firm Related,No Time To Learn,Suppress - recently worked,Jether Jireh,Castillo,jai@jaicastillo.com,6195608627,,,,,,,,,Manage,34.62,1,,,,,,,FALSE,FALSE,,,,,,,,,,,,,,,No,No,,,No,FALSE,"email,call,linkedin",,"Jai Castillo, Attorney At Law (immigration, California). Prior Clio AI: no. Churn: firm related, no time to learn. Channels: email, call, LinkedIn. No blanks to fill.",0013m000035kSSqAAM," Jai Castillo, Attorney At Law is an immigration firm in California that previously used Clio Manage and churned for firm-related reasons, logged as no time to learn. Lead on how simple Clio Work is now: one standalone tool that does the first pass on a file, runs on its own without Manage, and has nothing to set up, learn, or migrate. Recommended Clio Work at Work video: Contract Review That Doesn't Miss the Buried Clause. Communication channels open: email, calling, LinkedIn. Acknowledge the prior relationship once, in step 1 only.",your immigration work,"<p>Hi {{first_name}},</p><p>Back when you were on Clio Manage, the admin lived in one place. This is a different tool. Clio Work reads an immigration file and does the first pass and runs on its own, nothing to set up or migrate. You upload one document and it tells you what it can do.</p><p>Two-minute example: <a href=""https://www.clio.com/work/at-work/"">Contract Review That Doesn't Miss the Buried Clause</a>, where it flags risk clauses by severity and the protections a contract is missing.</p><p>{{my.first_name}}<br>Clio</p>","Hi {{first_name}}, it is {{my.first_name}} at Clio, I will be quick. We built a legal AI that does the actual work now, and it runs on its own, no full subscription, nothing to set up. You upload one document and it gets going. For immigration work, the first read on every file is the slow part, and this does it in minutes. Opposed to me sending a two-minute look?","Hi {{first_name}}, {{my.first_name}} at Clio. We built a legal AI that does the actual work now, and it runs without the full subscription. Just sent you an email with a short video. Worth a look for an immigration firm.","{{first_name}}, we built a legal AI at Clio that does the work now and runs on its own, nothing to set up. Thought it was worth being on your radar given your immigration practice. No pitch.",a free trial,"<p>Hi {{first_name}},</p><p>The honest way to judge Clio Work is on one of your own immigration files. Here is <a href=""https://www.clio.com/work/signup/"">the 14-day trial</a>. You upload a document, it suggests what to do with it, and you see a real result in about ten minutes. Nothing to install, no migration, no learning curve first. For a firm short on time, that is the whole point: one file, one look, and you know.</p><p>{{my.first_name}}<br>Clio</p>","Hi {{first_name}}, {{my.first_name}} at Clio again. Quick one. I sent over a link to try Clio Work on one of your own immigration files. You upload a document, it suggests what to do with it, and you see a real result in about ten minutes. Nothing to install, no migration. For a firm short on time, that is the point. Want me to resend the link?","Hi {{first_name}}, {{my.first_name}} at Clio. Just sent a link to try Clio Work on one of your own immigration files. A real result in about ten minutes, nothing to set up. Give it a look when you have a moment.","{{first_name}}, quick two-minute watch if useful: Contract Review That Doesn't Miss the Buried Clause. It reads a document and flags risk clauses by severity and the protections that are missing. https://www.clio.com/work/at-work/",an honest question,"<p>Hi {{first_name}},</p><p>Most immigration firms have made peace with the slow first read on every file, the manual sort through pages before anyone gets to the actual case. Fair enough if that is just how it goes. If it is worth questioning, Clio Work does that first pass in minutes, and there is nothing to set up to find out. Worth a look, or not a priority right now?</p><p>{{my.first_name}}<br>Clio</p>","Hi {{first_name}}, {{my.first_name}} at Clio. Not here to be a pest. The trial for Clio Work is still open, and the easiest way to judge it is on one of your own immigration files. You upload a document, it does the first pass, and you see a real result in about ten minutes. Nothing to set up. Happy to send the link again if that is useful.","Hi {{first_name}}, {{my.first_name}} at Clio. The Clio Work trial is still open. One of your own immigration files, a real result in about ten minutes, nothing to set up. I will send the link over again.",one month free,"<p>Hi {{first_name}},</p><p>One thing worth knowing: if you buy Clio Work by July 31, 2026, you get one month free. It is the same AI that firms across the country use every day to get the first pass done on their files, and there is nothing to set up on your end. If the timing works, I can <a href=""https://www.clio.com/work/signup/"">get you started</a> today. It runs on its own, so you are not signing up for another platform to learn.</p><p>{{my.first_name}}<br>Clio</p>","Hi {{first_name}}, {{my.first_name}} at Clio, last one from me. If it helps, buy Clio Work by the end of July and you get one month free. I can run it live on one of your own immigration files, ten minutes, and you see what it does before deciding. Or I send the trial link and you try it yourself. Either works. Want me to set up a quick look?","Hi {{first_name}}, {{my.first_name}} at Clio. Last note from me. Buy Clio Work by the end of July and you get one month free. Happy to run it live on one of your files, or send the trial. Give me a shout.",closing the loop,"<p>Hi {{first_name}},</p><p>I will stop here so I am not cluttering your inbox. If it is ever useful, Clio Work does the immigration first pass and runs on its own, with nothing to set up and nothing to migrate. <a href=""https://www.clio.com/work/signup/"">The 14-day trial</a> is here whenever you want it, one of your files, a real result in about ten minutes.</p><p>Good luck with the work.</p><p>{{my.first_name}}<br>Clio</p>"
Tier 1,001OG000006fh3zYAA,003OG000003Z4ztYAC,contact-email,Yancey Law Firm,Civil Litigation,,Florida,,Winnable,55,5.4,,Firm Related,Budget Cuts,Untapped,Jasmin,Yancey- Sedagat,yancey@yanceylaw.net,7862319245,,,,,,,,,Manage,30.77,1,,,,,,,FALSE,FALSE,,,,,,,,,,,,,,,No,No,,,No,FALSE,"email,call,linkedin",,"Yancey Law Firm, civil litigation, Florida. No prior Clio AI (held Manage). Churn: budget cuts, so lead try-it-free. Channels: email, call, LinkedIn. Video: Tearing Apart a Complaint in Under 2 Minutes.",001OG000006fh3zYAA," Yancey Law Firm is a civil litigation firm in Florida that previously used Clio Manage and churned over budget cuts. They did not hold our AI, so this is their first look at Clio Work: lead with the fact that it does the legal work now, runs on its own without Manage, and starts from one uploaded document with nothing to set up. Because the churn was cost driven, lean on proving value free on their own file, the trial as the hook. Recommended Clio Work at Work video: Tearing Apart a Complaint in Under 2 Minutes. Communication channels open: email, calling, LinkedIn. Acknowledge the prior Clio Manage relationship once, in step 1 only.",your litigation work,"<p>Hi {{first_name}},</p><p>Back when you were on Clio Manage, everything lived in one platform to learn. This is a different tool. Clio Work reads a civil litigation file and does the first pass, and it runs on its own, nothing to set up. You upload one document and it tells you what it can do.</p><p>Two-minute example: <a href=""https://www.clio.com/work/at-work/"">Tearing Apart a Complaint in Under 2 Minutes</a>, where it reads a served complaint and pulls every claim with cited authority.</p><p>{{my.first_name}}<br>Clio</p>","Hi {{first_name}}, it is {{my.first_name}} at Clio, I will be quick. This is not the platform you knew. It is an AI that does the legal work now. You upload one document and it gets going, nothing to set up. For civil litigation, reading a complaint and pulling every claim is the slow part, and it does that in about two minutes. Opposed to me sending a short look?","Hi {{first_name}}, {{my.first_name}} at Clio. We built a legal AI that does the actual work now, and it runs without the full subscription. Just sent you an email with a two-minute video. Worth a look for a civil litigation firm.","{{first_name}}, we built a legal AI at Clio that does the work now and runs on its own, nothing to set up. Given your civil litigation practice, thought it was worth being on your radar. No pitch.",a free trial,"<p>Hi {{first_name}},</p><p>The honest way to judge Clio Work is on one of your own civil litigation files. Here is <a href=""https://www.clio.com/work/signup/"">the 14-day trial</a>. You upload a document, it suggests what to do with it, and you see a real result in about ten minutes. Nothing to install, no migration, and no learning curve before it earns its keep. The file you give it is the whole starting point.</p><p>{{my.first_name}}<br>Clio</p>","Hi {{first_name}}, {{my.first_name}} at Clio again. I sent over a trial link. The idea is simple: drop in one of your own civil litigation files and it does the first pass, reading it and pulling the claims and weak points in about ten minutes. Nothing to set up, and it runs on its own. You can judge it on real work, not a demo file. Happy to point you to the right first document if that helps.","Hi {{first_name}}, {{my.first_name}} at Clio. Just sent a trial link. Drop in one civil litigation file and it does the first pass in about ten minutes, nothing to set up. Give it a look when you have a minute.","{{first_name}}, this two-minute video is worth a watch: Tearing Apart a Complaint in Under 2 Minutes. It reads a served complaint and pulls every claim, the legal basis, and the weak points with cited authority. https://www.clio.com/work/at-work/",an honest question,"<p>Hi {{first_name}},</p><p>Most civil litigation firms have made peace with the slow, manual first read of a file eating hours before anyone gets to strategy. Fair enough if that is just how the work goes. If it is worth questioning, Clio Work does that first pass in minutes, reading the file and pulling the claims and weak points for you. Worth a look, or not a priority right now?</p><p>{{my.first_name}}<br>Clio</p>","Hi {{first_name}}, {{my.first_name}} at Clio. Keeping it short. The trial is open, and it is built for exactly the kind of civil litigation work you do. Upload one file, it reads it and does the first pass in about ten minutes, nothing to set up on your end. It is also the fastest-adopted product in Clio's history. Want me to resend the link so you can try it on a real file?","Hi {{first_name}}, {{my.first_name}} at Clio. The trial is still open. One civil litigation file, a real first pass in about ten minutes, nothing to set up. Happy to resend the link, just let me know.",one month free,"<p>Hi {{first_name}},</p><p>One thing worth knowing: if you buy Clio Work by July 31, 2026, you get one month free. It is the same AI that firms across the country use every day to get the first pass on a civil litigation file done, reading it and pulling the claims and weak points, with nothing to set up on your end.</p><p>If the timing works, I can <a href=""https://www.clio.com/work/signup/"">get you started</a> today.</p><p>{{my.first_name}}<br>Clio</p>","Hi {{first_name}}, {{my.first_name}} at Clio. Last live try from me. Two options: I can walk you through it on one of your own civil litigation files in about ten minutes, or you start the trial yourself. And if you buy by July 31, you get one month free. Either way you see a real first pass on real work. Which is easier for you?","Hi {{first_name}}, {{my.first_name}} at Clio. Happy to run Clio Work on one of your civil litigation files in about ten minutes, or you can start the trial. And there is one month free if you buy by July 31. Give me a shout.",closing the loop,"<p>Hi {{first_name}},</p><p>I will stop here so I am not cluttering your inbox. If it is ever useful, Clio Work does the first pass on a civil litigation file, reading it and pulling the claims and weak points, and it runs on its own with nothing to set up. <a href=""https://www.clio.com/work/signup/"">The 14-day trial</a> is here whenever you want it.</p><p>Good luck with the work.</p><p>{{my.first_name}}<br>Clio</p>"
Tier 2,0013m00002ilwxrAAA,003OG00000bvODCYA2,contact-email,Muscat Law Firm,Energy / Environmental,,Texas,,Neutral/unknown,35,1.1,,Unknown,,Suppress - recently worked,Joel,Muscat,jmuscat@muscatlawfirm.com,12816304538,,,,,,,,,Manage,0,1,,,,,,,FALSE,FALSE,,,,,,,,,,,,,,,No,No,,,No,FALSE,"email,call,linkedin",,"Muscat Law Firm, energy and environmental, Texas; no prior Clio AI; churn reason unknown so default arc; channels email, call, LinkedIn; video is Contract Review That Doesn't Miss the Buried Clause. No blanks to fill.",0013m00002ilwxrAAA," Muscat Law Firm is an energy and environmental firm in Texas that previously used Clio Manage and churned for an unknown reason, so do not guess a cause. Lead with the product news: Clio Work is a standalone legal AI that reads a firm's own contract and does the first pass, and it runs on its own without a Manage subscription, starting from one uploaded document. Recommended Clio Work at Work video: Contract Review That Doesn't Miss the Buried Clause. Communication channels open: email, calling, LinkedIn. Acknowledge the prior relationship once, in step 1 only.",your contract work,"<p>Hi {{first_name}},</p><p>Back when you were on Clio Manage, the admin lived in one place. This is a different tool. Clio Work reads an energy and environmental contract and does the first pass, and it runs on its own, nothing to set up. You upload one document and it tells you what it can do with it.</p><p>Two-minute example: <a href=""https://www.clio.com/work/at-work/"">Contract Review That Doesn't Miss the Buried Clause</a>, where it flags risk clauses and the protections a contract is missing.</p><p>{{my.first_name}}<br>Clio</p>","Hi {{first_name}}, it is {{my.first_name}} at Clio, I will be quick. We built an AI that does the legal work now, not another platform to set up. You upload one contract and it gets going, it flags the obligations and the risk clauses and the protections that are missing. For energy and environmental work, that first read is the slow part. Opposed to me sending a two-minute look?","Hi {{first_name}}, {{my.first_name}} at Clio. We built a legal AI that does the actual work now, and it runs without the full subscription. Just sent you an email with a short video. Worth a look for an energy and environmental firm.","{{first_name}}, we built a legal AI at Clio that does the work now and runs on its own, nothing to set up. Thought it was worth being on your radar given your energy and environmental practice. No pitch.",a free trial,"<p>Hi {{first_name}},</p><p>The honest way to judge Clio Work is on one of your own energy and environmental files. Here is <a href=""https://www.clio.com/work/signup/"">the 14-day trial</a>. You upload a contract, it suggests what to do with it, and you see a real result in about ten minutes. Nothing to install, no migration. It reads your file and does the first pass, the part that usually eats an afternoon before anyone gets to the actual negotiation.</p><p>{{my.first_name}}<br>Clio</p>","Hi {{first_name}}, {{my.first_name}} at Clio again. I just sent you a 14-day trial. The honest way to see if Clio Work fits is to run it on one of your own contracts. You upload a file, it suggests what to do, and you get a real result in about ten minutes. It reads the contract and does the first pass. Nothing to install. Want me to point you to where to start?","Hi {{first_name}}, {{my.first_name}} at Clio. I just sent over a 14-day trial of Clio Work. Run it on one of your own contracts and you will see a real result in about ten minutes, nothing to set up. Give it a try when you have a moment.","{{first_name}}, short one worth two minutes: Contract Review That Doesn't Miss the Buried Clause. It reads a contract and flags risk clauses and the protections that are missing. https://www.clio.com/work/at-work/",an honest question,"<p>Hi {{first_name}},</p><p>Most energy and environmental firms have made peace with the slow first read of a contract eating hours before anyone gets to the real terms. Fair enough if that is just how it goes. Someone reads every page, marks the obligations, catches the missing protections, and only then does the strategy start. If it is worth questioning, Clio Work does that first read in minutes. Worth a look, or not a priority right now?</p><p>{{my.first_name}}<br>Clio</p>","Hi {{first_name}}, {{my.first_name}} at Clio. Quick one. The trial for Clio Work is still open on your end. It runs on the largest legal library in the world, and it reads your own contract and does the first pass in about ten minutes. If you give me the word, I will resend the link so you can try it on a real file this week. No rush.","Hi {{first_name}}, {{my.first_name}} at Clio. The Clio Work trial is still open for you. Upload one contract and it does the first pass in about ten minutes. Happy to resend the link if that is useful. Talk soon.",one month free,"<p>Hi {{first_name}},</p><p>One thing worth knowing: if you buy Clio Work by July 31, 2026, you get one month free. It is the same AI that firms across the country use every day to get the first pass on a contract done, and there is nothing to set up on your end.</p><p>If the timing works, I can <a href=""https://www.clio.com/work/signup/"">get you started</a> today.</p><p>{{my.first_name}}<br>Clio</p>","Hi {{first_name}}, {{my.first_name}} at Clio, last time I will try you live. If it helps, I can run Clio Work on one of your own contracts in about ten minutes so you see exactly what it does before you decide anything. And if you buy by July 31, you get one month free. Otherwise the trial stays open. Want me to set up a quick look this week?","Hi {{first_name}}, {{my.first_name}} at Clio. Last time I will catch you live. I can run Clio Work on one of your own contracts in ten minutes, or leave you the trial. Buy by July 31 and you get one month free. Give me a shout if either helps.",closing the loop,"<p>Hi {{first_name}},</p><p>I will stop here so I am not cluttering your inbox. If it is ever useful, Clio Work reads an energy and environmental contract and does the first pass, and it runs on its own with nothing to set up. <a href=""https://www.clio.com/work/signup/"">The 14-day trial</a> is here whenever you want it, on one of your own files, a real result in about ten minutes.</p><p>Good luck with the work.</p><p>{{my.first_name}}<br>Clio</p>"
Tier 2,001OG00001GxcpjYAB,003OG00000ZAKEHYA5,contact-email,"Elder, Friedman & Allen",Family,,Virginia,,Neutral/unknown,35,3.3,,Unknown,,Suppress - recently worked,Margaret,Taylor,margaret@efa-law.com,(434) 392-6647,,,,,,,,,Manage,0,10 to 19,,,,,,,FALSE,FALSE,,,,,,,,,,,,,,,No,No,,,No,FALSE,"email,call,linkedin",,"Elder, Friedman & Allen, family law firm in Virginia, prior Clio Manage customer, no prior Clio AI, churn status Unknown (default arc). Channels: email, call, LinkedIn. Video: Tearing Apart a Complaint in Under 2 Minutes. No blanks to fill.",001OG00001GxcpjYAB," Elder, Friedman & Allen is a family law firm in Virginia that previously used Clio Manage and churned with an Unknown (System Cancel) status, so lead with the product news rather than guessing a reason: the AI does the legal work now, runs on its own without Manage, and starts from one uploaded document. They did not hold our earlier AI, so this is their first look at Clio Work. Recommended Clio Work at Work video: Tearing Apart a Complaint in Under 2 Minutes. Communication channels open: email, calling, LinkedIn. Acknowledge the prior relationship once, in step 1 only.",your family law work,"<p>Hi {{first_name}},</p><p>Back when you were on Clio Manage, everything lived in one platform to set up and learn. This is a different tool. Clio Work reads a family law file and does the first pass, and it runs on its own, nothing to set up or migrate. You upload one document and it tells you what it can do with it.</p><p>Two-minute example: <a href=""https://www.clio.com/work/at-work/"">Tearing Apart a Complaint in Under 2 Minutes</a>, where it reads a served complaint and maps every claim.</p><p>{{my.first_name}}<br>Clio</p>","Hi {{first_name}}, it is {{my.first_name}} at Clio, I will be quick. This is a different thing than the platform: an AI that does the legal work now. You upload one document and it gets going, nothing to set up, and it runs on its own. For family law files, that first pass is the slow part, and it does it in minutes. Opposed to me sending a two-minute look?","Hi {{first_name}}, {{my.first_name}} at Clio. We built a legal AI that does the actual work now, and it runs on its own with nothing to set up. Just sent you an email with a short video. Worth a look for a family law firm.","{{first_name}}, we built a legal AI at Clio that does the work now and runs on its own, nothing to set up. Thought it was worth being on your radar given your family law practice. No pitch.",a free trial,"<p>Hi {{first_name}},</p><p>The honest way to judge Clio Work is on one of your own family law files. Here is <a href=""https://www.clio.com/work/signup/"">the 14-day trial</a>. You upload a document, it suggests what to do with it, and you see a real result in about ten minutes. Nothing to install, no migration. It reads the file and does the first pass, the part that usually eats the morning before anyone gets to strategy.</p><p>{{my.first_name}}<br>Clio</p>","Hi {{first_name}}, {{my.first_name}} at Clio again. I just sent over a trial link. The idea is simple: you take one of your own family law files, upload it, and Clio Work does the first pass and tells you what it found, usually in about ten minutes. Nothing to install, nothing to migrate. Figured it was easier to show than describe. Worth trying on one file this week?","Hi {{first_name}}, {{my.first_name}} at Clio. Just left you a trial link by email. Upload one family law file and Clio Work does the first pass in about ten minutes. Give it a try when you have a second.","{{first_name}}, quick two-minute watch if you have a moment: Tearing Apart a Complaint in Under 2 Minutes. Clio Work reads a served complaint and pulls every claim, the legal basis, and the weak points. https://www.clio.com/work/at-work/",an honest question,"<p>Hi {{first_name}},</p><p>Most family law firms have made peace with the slow, manual first pass on a new file eating hours before anyone gets to the actual strategy. Fair enough if that is just how the work goes. If it is worth questioning, Clio Work does that first pass in minutes, reading the file and telling you what it found. Worth a look, or not a priority right now?</p><p>{{my.first_name}}<br>Clio</p>","Hi {{first_name}}, {{my.first_name}} at Clio. No pressure, just wanted to make sure the trial link landed. If it is easier, I can resend it. The quick version: you upload one family law file and Clio Work does the first pass and tells you what it found, in about ten minutes. Nothing to set up. Want me to send it across again?","Hi {{first_name}}, {{my.first_name}} at Clio. Just checking the trial link reached you. Upload one family law file and Clio Work does the first pass in about ten minutes. Happy to resend if that is easier. Thanks {{first_name}}.",one month free,"<p>Hi {{first_name}},</p><p>One thing worth knowing: if you buy Clio Work by July 31, 2026, you get one month free. It is the same AI that firms across the country use every day to get the first pass on a family law file done, and there is nothing to set up on your end. If the timing works, I can <a href=""https://www.clio.com/work/signup/"">get you started</a> today.</p><p>{{my.first_name}}<br>Clio</p>","Hi {{first_name}}, {{my.first_name}} at Clio, last time I will try you live. One thing worth knowing: if you buy Clio Work by July 31, you get one month free. I can run it live on one of your own family law files in about ten minutes, or just send the trial so you can try it yourself. Which is easier for you?","Hi {{first_name}}, {{my.first_name}} at Clio. Last time I will catch you live. If you buy Clio Work by July 31 you get one month free. I can run it on one of your family law files in ten minutes, or send the trial. Give me a shout.",closing the loop,"<p>Hi {{first_name}},</p><p>I will stop here so I am not cluttering your inbox. If it is ever useful, Clio Work reads a family law file and does the first pass on its own, with nothing to set up and nothing to migrate. <a href=""https://www.clio.com/work/signup/"">The 14-day trial</a> is here whenever you want it. Good luck with the work, and thanks for reading this far down the list.</p><p>{{my.first_name}}<br>Clio</p>"
Tier 3,001OG00001DBjOPYA1,003OG00000Rm6pxYAB,contact-email,Railway Labor Consulting,Employment / Labor,,Kentucky,,Neutral/unknown,15,5.3,,Unknown,,Suppress - recently worked,Thomas,Clifton,railwaylaborconsulting@gmail.com,2702434264,,,,,,,,,Manage,0,1,,,,,,,FALSE,FALSE,,,,,,,,,,,,,,,Yes,No,,,No,FALSE,"email,call,linkedin",,"Railway Labor Consulting, employment and labor, Kentucky. Prior Clio AI: no. Churn reason unknown, so default product-led arc. Channels: email, call, LinkedIn. Video: Tearing Apart a Complaint in Under 2 Minutes. No blanks to fill.",001OG00001DBjOPYA1," Railway Labor Consulting is an employment and labor firm in Kentucky that previously used Clio Manage and churned for an unknown reason (System Cancel / blank), so run the default arc: lead with the product news that Clio Work does the legal work now, runs on its own without Manage, and starts from one uploaded document, plus the trial. Do not guess a churn reason or reference one. They did not hold our earlier AI, so treat Clio Work as new capability, not a return to something they saw. Recommended Clio Work at Work video: Tearing Apart a Complaint in Under 2 Minutes. Communication channels open: email, calling, LinkedIn. Acknowledge the prior relationship once, in step 1 only.",your employment work,"<p>Hi {{first_name}},</p><p>Back when you were on Clio Manage, that was a platform to learn. Clio Work is a different tool: it reads an employment file, does the first pass, and runs on its own, nothing to set up or migrate. You upload one document and it tells you what it can do with it.</p><p>Two-minute example: <a href=""https://www.clio.com/work/at-work/"">Tearing Apart a Complaint in Under 2 Minutes</a>, where it reads a served complaint and pulls every claim with cited authority.</p><p>{{my.first_name}}<br>Clio</p>","Hi {{first_name}}, it is {{my.first_name}} at Clio, I will be quick. We built a legal AI that does the actual work now. You upload one document and it gets going, reads it, and tells you what it can do with it, nothing to set up. For employment and labor work, reading a complaint or a discovery request is the slow part, and it does that in a couple of minutes. Opposed to me sending a two-minute look?","Hi {{first_name}}, {{my.first_name}} at Clio. We built a legal AI that does the actual work now, and it runs on its own with nothing to set up. Just sent you an email with a short video. Worth a look for an employment and labor firm.","{{first_name}}, we built a legal AI at Clio that does the work now and runs on its own, nothing to set up. Given your employment and labor practice, thought it was worth being on your radar. No pitch.",a free trial,"<p>Hi {{first_name}},</p><p>The honest way to judge Clio Work is on one of your own employment files. Here is <a href=""https://www.clio.com/work/signup/"">the 14-day trial</a>. You upload a document, it reads it, suggests what to do, and you see a real result in about ten minutes. For a served complaint or a discovery request, that first pass is the slow part. Nothing to install, and no migration to sit through first.</p><p>{{my.first_name}}<br>Clio</p>","Hi {{first_name}}, {{my.first_name}} at Clio again. Not chasing, just want the tool to earn its place. I sent you the trial link. You take one of your own employment files, upload it, and Clio Work reads it and does the first pass in about ten minutes, nothing to set up. A served complaint is a good one to try it on. If it does not hold up on real work, easy to walk away. Want me to resend that link?","Hi {{first_name}}, {{my.first_name}} at Clio. I sent over a trial link. Upload one of your own employment files and Clio Work does the first pass in about ten minutes. Give it a served complaint and see. Happy to resend the link if it is easier.","{{first_name}}, two-minute watch if useful: Tearing Apart a Complaint in Under 2 Minutes. It reads a served complaint and pulls every claim and the weak points with cited authority. https://www.clio.com/work/at-work/",an honest question,"<p>Hi {{first_name}},</p><p>Most employment and labor firms have made peace with the slow, manual first pass on a file eating hours before anyone gets to strategy. Fair enough if that is just how it goes. If it is worth questioning, Clio Work does that part in minutes, reading the file and pulling what matters. Worth a look, or not a priority right now?</p><p>{{my.first_name}}<br>Clio</p>","Hi {{first_name}}, {{my.first_name}} at Clio. Quick one. The trial is still open, and the fastest way to see if this is real is to run it on one of your own files. Upload a served complaint or a discovery request, Clio Work reads it and does the first pass in about ten minutes, nothing to set up on your end. Clio Work is the fastest-adopted product in our history, mostly because there is nothing to learn first. Want me to send the link again?","Hi {{first_name}}, {{my.first_name}} at Clio. The trial is still open. Upload one of your own employment files and Clio Work does the first pass in about ten minutes, nothing to set up. I will send the link over again so it is handy.",one month free,"<p>Hi {{first_name}},</p><p>One thing worth knowing: if you buy Clio Work by July 31, 2026, you get one month free. Same AI that firms across the country use every day to get the first pass done on their files, and there is nothing to set up on your end.</p><p>If the timing works, I can <a href=""https://www.clio.com/work/signup/"">get you started</a> today, on one of your own files.</p><p>{{my.first_name}}<br>Clio</p>","Hi {{first_name}}, {{my.first_name}} at Clio. Last live try from me for now. Two ways in: I can run Clio Work on one of your employment files in about ten minutes so you see it on real work, or you start it yourself. And if you buy by July 31, you get one month free. Either way there is nothing to set up. Does a short call this week work, or should I just send the link?","Hi {{first_name}}, {{my.first_name}} at Clio. Happy to run Clio Work on one of your own employment files in about ten minutes so you see it on real work. And if you buy by the end of July, one month free. Give me a call back if the timing works.",closing the loop,"<p>Hi {{first_name}},</p><p>I will stop here so I am not cluttering your inbox. If it is ever useful, Clio Work does the employment and labor work and runs on its own, with nothing to set up. <a href=""https://www.clio.com/work/signup/"">The 14-day trial</a> is here whenever you want it, on one of your own files, in about ten minutes.</p><p>Good luck with the work.</p><p>{{my.first_name}}<br>Clio</p>"
Tier 3,001OG00001D4RGOYA3,003OG00000Rbat6YAB,contact-email,Baxter Tech Law,Science / Technology,,California,,Neutral/unknown,15,5.7,,Unknown,,Suppress - recently worked,Keven,Baxter,keven@baxtertechlaw.com,9493953900,,,,,,,,,Manage,0,1,,,,,,,FALSE,FALSE,,,,,,,,,,,,,,,Yes,No,,,No,FALSE,"email,call,linkedin",,"Baxter Tech Law, science/technology practice in California, prior Clio Manage customer, no prior Clio AI, churn reason unknown so default arc leading with the product and trial. Channels: email, call, LinkedIn. Recommended video: Contract Review That Doesn't Miss the Buried Clause. No blanks to fill.",001OG00001D4RGOYA3," Baxter Tech Law is a science and technology practice in California that previously used Clio Manage and churned for an unknown reason, so treat this as the default arc: lead with the product news, that the AI does the legal work now, runs on its own without Manage, and starts from one uploaded document, plus the 14-day trial. Do not guess a churn reason or hint at one. They did not hold our earlier AI, so this is their first look at Clio Work. Recommended Clio Work at Work video: Contract Review That Doesn't Miss the Buried Clause. Communication channels open: email, calling, LinkedIn. Acknowledge the prior Clio Manage relationship once, in step 1 only.",your contract work,"<p>Hi {{first_name}},</p><p>Back when you were on Clio Manage, the admin all lived in one place. This is a different tool. Clio Work reads a contract and does the first pass on it, and it runs on its own, nothing to set up or migrate. You upload one document and it tells you what it can do with it.</p><p>Two-minute example: <a href=""https://www.clio.com/work/at-work/"">Contract Review That Doesn't Miss the Buried Clause</a>, where it returns obligations, risk clauses by severity, and the standard protections a contract is missing.</p><p>{{my.first_name}}<br>Clio</p>","Hi {{first_name}}, it is {{my.first_name}} at Clio, I will be quick. You were on Clio Manage a while back, so you know us. This is a different thing: an AI that does the legal work now. You upload one contract and it returns the obligations, the risk clauses, and what protections are missing, nothing to set up. Opposed to me sending a two-minute look?","Hi {{first_name}}, {{my.first_name}} at Clio. We built a legal AI that does the actual work now, and it runs without the full subscription. Just sent you an email with a short contract review video. Worth a look for a technology practice.","{{first_name}}, we built a legal AI at Clio that reads a contract and does the work now, runs on its own, nothing to set up. Thought it was worth being on your radar given your technology practice. No pitch.",a free trial,"<p>Hi {{first_name}},</p><p>The honest way to judge Clio Work is on one of your own contracts. Here is <a href=""https://www.clio.com/work/signup/"">the 14-day trial</a>. You upload a document, it suggests what to do with it, and you see the obligations, risk clauses, and missing protections in about ten minutes. Nothing to install, no migration, and no prompt to figure out. The document is the prompt.</p><p>{{my.first_name}}<br>Clio</p>","Hi {{first_name}}, {{my.first_name}} at Clio again. Short one. Clio Work reads one of your contracts and returns the obligations, the risk clauses by severity, and the protections it is missing, in about ten minutes, with nothing to set up. I just sent you the trial link so you can run it on a real file yourself. Any questions I can answer on it?","Hi {{first_name}}, {{my.first_name}} at Clio. Just emailed you a link to the trial. Upload one contract, see a real result in about ten minutes, nothing to set up. Give it a try when you have a minute.","{{first_name}}, sharing the two-minute one in case it is useful: Contract Review That Doesn't Miss the Buried Clause. It reads a contract and returns the obligations, risk clauses by severity, and the protections that are missing. https://www.clio.com/work/at-work/",an honest question,"<p>Hi {{first_name}},</p><p>Most technology practices have made peace with the slow manual read of a contract eating an hour or two before anyone gets to the real judgment calls. Fair enough if that is just how it goes. If it is worth questioning, Clio Work does that first pass in minutes and flags what needs your eyes. Worth a look, or not a priority right now?</p><p>{{my.first_name}}<br>Clio</p>","Hi {{first_name}}, {{my.first_name}} at Clio. Not going to keep you. The trial is open, so you can run Clio Work on one of your own contracts and see the obligations, risk clauses, and missing protections in about ten minutes, nothing to set up first. Happy to resend the link if it is easier. Want me to fire it over again?","Hi {{first_name}}, {{my.first_name}} at Clio. The trial is still open whenever you want to test Clio Work on one of your contracts. Real result in about ten minutes, nothing to set up. I will resend the link by email.",one month free,"<p>Hi {{first_name}},</p><p>One thing worth knowing: if you buy Clio Work by July 31, 2026, you get one month free. Same AI that reads a contract and returns the obligations, risk clauses, and missing protections, with nothing to set up on your end.</p><p>If the timing works, I can <a href=""https://www.clio.com/work/signup/"">get you started</a> today.</p><p>{{my.first_name}}<br>Clio</p>","Hi {{first_name}}, {{my.first_name}} at Clio, last live try from me. Happy to run Clio Work on one of your contracts myself and show you the obligations, risk clauses, and missing protections in about ten minutes. And if you decide to buy by July 31, there is one month free. Worth fifteen minutes this week, or should I leave it with you?","Hi {{first_name}}, {{my.first_name}} at Clio. I can walk you through Clio Work on one of your own contracts in about ten minutes, and there is one month free if you buy by July 31. Let me know if this week works.",closing the loop,"<p>Hi {{first_name}},</p><p>I will stop here so I am not cluttering your inbox. If it is ever useful, Clio Work reads a contract and does the first pass, returning the obligations and the protections it is missing, and it runs on its own with nothing to set up. <a href=""https://www.clio.com/work/signup/"">The 14-day trial</a> is here whenever you want it.</p><p>Good luck with the work.</p><p>{{my.first_name}}<br>Clio</p>"
Tier 1,0013m000037a5g2AAA,003OG00000OHzXVYA1,contact-email,Springel & Fink LLP,Civil Litigation,,Nevada,,Neutral/unknown,50,6.9,,Unknown,,Suppress - recently worked,Shannon,Floyd,sfloyd@springelfink.com,7024615584,,,,,,,,,Manage,0,1,,,,,,,FALSE,FALSE,,,,,,,,,,,,,,,No,No,,,No,FALSE,"email,call,linkedin",,"Springel & Fink LLP, civil litigation firm in Nevada, prior Clio Manage (no prior AI), churn reason unknown so default product-led arc. Channels: email, call, LinkedIn. Video: Tearing Apart a Complaint in Under 2 Minutes. No blanks to fill.",0013m000037a5g2AAA," Springel & Fink LLP is a civil litigation firm in Nevada that previously used Clio Manage and later churned; the reason is logged as unknown, so lead with the product news rather than guessing why they left. The angle: Clio Work is a standalone legal AI that reads their own files and does the work, runs on its own with no Manage subscription, and starts from one uploaded document with nothing to set up. Recommended Clio Work at Work video: Tearing Apart a Complaint in Under 2 Minutes. Communication channels open: email, calling, LinkedIn. Acknowledge the prior Clio Manage relationship once, in step 1 only.",your litigation work,"<p>Hi {{first_name}},</p><p>Back when you were on Clio Manage, the admin lived in one place. This is a different tool. Clio Work reads a civil litigation file and does the first pass, and it runs on its own, nothing to set up or migrate. You upload one document and it tells you what it can do with it.</p><p>Two-minute example: <a href=""https://www.clio.com/work/at-work/"">Tearing Apart a Complaint in Under 2 Minutes</a>, where it reads a served complaint and pulls every claim.</p><p>{{my.first_name}}<br>Clio</p>","Hi {{first_name}}, it is {{my.first_name}} at Clio, I will be quick. This is a different thing than the platform: an AI that does the legal work now. You upload one document and it gets going, nothing to set up or migrate. For civil litigation, reading a complaint and pulling every claim is the slow part, and it does that in about two minutes. Opposed to me sending a short look?","Hi {{first_name}}, {{my.first_name}} at Clio. We built a legal AI that does the actual work now, and it runs without the full subscription. Just sent you an email with a short video. Worth a look for a civil litigation firm.","{{first_name}}, we built a legal AI at Clio that does the work now and runs on its own, nothing to set up. Thought it was worth being on your radar given your civil litigation practice. No pitch.",a free trial,"<p>Hi {{first_name}},</p><p>The honest way to judge Clio Work is on one of your own civil litigation files. Here is <a href=""https://www.clio.com/work/signup/"">the 14-day trial</a>. You upload a document, it suggests what to do with it, and you see a real result in about ten minutes. Nothing to install, no migration, and no prompt to figure out first. The document you upload is the prompt.</p><p>{{my.first_name}}<br>Clio</p>","Hi {{first_name}}, {{my.first_name}} at Clio again. Quick one. I sent over a trial link so you can run Clio Work on one of your own civil litigation files. You upload a document, it reads it and tells you what it can do, and you see a real result in about ten minutes. Nothing to set up. Want me to walk you through it, or is the link enough to try?","Hi {{first_name}}, {{my.first_name}} at Clio. Just left you a trial link so you can run Clio Work on one of your own files. A real result in about ten minutes, nothing to set up. Give it a try when you have a moment.","{{first_name}}, here is a two-minute watch: Tearing Apart a Complaint in Under 2 Minutes. It reads a served complaint and pulls every claim, the legal basis, and the weak points with cited authority. https://www.clio.com/work/at-work/",an honest question,"<p>Hi {{first_name}},</p><p>Most civil litigation firms have made peace with the slow, manual first pass on a file eating hours before anyone gets to strategy. Fair enough if that is just how it goes. If it is worth questioning, Clio Work does that part in minutes, reading the file and telling you what it can do with it. Worth a look, or not a priority right now?</p><p>{{my.first_name}}<br>Clio</p>","Hi {{first_name}}, {{my.first_name}} at Clio. The trial for Clio Work is still open, so you can run it on one of your own civil litigation files whenever it suits you. You upload a document, it reads it and does the first pass, and you see a real result in about ten minutes. Nothing to set up. Happy to send the link again if that is easier. Worth a quick try this week?","Hi {{first_name}}, {{my.first_name}} at Clio. The Clio Work trial is still open. Run it on one of your own files and see a real result in about ten minutes, nothing to set up. I can resend the link if you want it. Talk soon.",one month free,"<p>Hi {{first_name}},</p><p>One thing worth knowing: if you buy Clio Work by July 31, 2026, you get one month free. It is the same AI that firms across the country use to get the first pass on a civil litigation file done, and there is nothing to set up on your end.</p><p>If the timing works, I can <a href=""https://www.clio.com/work/signup/"">get you started</a> today.</p><p>{{my.first_name}}<br>Clio</p>","Hi {{first_name}}, {{my.first_name}} at Clio. Last time I will reach out on this for now. If you buy Clio Work by the end of July you get one month free, and I am happy to run it on one of your own civil litigation files myself so you see a real result in about ten minutes. Would a short call this week work, or should I just resend the trial link?","Hi {{first_name}}, {{my.first_name}} at Clio. If you buy Clio Work by the end of July you get one month free. Happy to run it on one of your own files so you see a result in ten minutes. Give me a call back if it is worth a look.",closing the loop,"<p>Hi {{first_name}},</p><p>I will stop here so I am not cluttering your inbox. If it is ever useful, Clio Work does the civil litigation work and runs on its own, with nothing to set up. You upload one document and it tells you what it can do with it. <a href=""https://www.clio.com/work/signup/"">The 14-day trial</a> is here whenever you want it.</p><p>Good luck with the work.</p><p>{{my.first_name}}<br>Clio</p>"
Tier 2,001OG00001AgJpcYAF,003OG00000OEmDTYA1,contact-email,Law Office of Bruce Bullock (Manage),Civil Litigation,,Florida,,Neutral/unknown,40,7.9,,Unknown,,Suppress - recently worked,Bruce,Bullock,bruce.s.bullock@outlook.com,+1 (505) 441 41 16,,,,,,,,,Manage,0,2 to 4,,,,,,,FALSE,FALSE,,,,,,,,,,,,,,,No,Yes,,,No,FALSE,"email,call,linkedin",,"Law Office of Bruce Bullock, civil litigation, Florida. Prior Clio AI: no. Churn reason unknown, so default arc leading with product news and trial. Channels: email, call, LinkedIn. Nothing to fill.",001OG00001AgJpcYAF," The Law Office of Bruce Bullock is a civil litigation firm in Florida that previously used Clio Manage and churned for an unknown reason, so this is the default arc: lead with the product news that Clio Work does the legal work now, runs on its own without Manage, and starts from one uploaded document, then the 14-day trial. Do not guess a churn reason or put it in any sent step. They did not hold our earlier AI, so present the AI as new to them. Recommended Clio Work at Work video: Tearing Apart a Complaint in Under 2 Minutes. Communication channels open: email, calling, LinkedIn. Acknowledge the prior relationship once, in step 1 only.",your litigation work,"<p>Hi {{first_name}},</p><p>Back when you were on Clio Manage, the admin lived in one platform. This is a different tool. Clio Work reads a civil litigation file and does the first pass on it, and it runs on its own, nothing to set up or migrate. You upload one document and it tells you what it can do with it.</p><p>Two-minute example: <a href=""https://www.clio.com/work/at-work/"">Tearing Apart a Complaint in Under 2 Minutes</a>, where it reads a served complaint and pulls out every claim.</p><p>{{my.first_name}}<br>Clio</p>","Hi {{first_name}}, it is {{my.first_name}} at Clio, I will be quick. You were on Clio Manage a while back, so you know us. This is a different thing: an AI that does the legal work now. You upload one document and it gets going, nothing to set up. For a civil litigation file, that first pass is the slow part. Opposed to me sending a two-minute look?","Hi {{first_name}}, {{my.first_name}} at Clio. We built a legal AI that does the actual work now, and it runs on its own without the full subscription. Just sent you an email with a short video. Worth a look for a civil litigation firm.","{{first_name}}, we built a legal AI at Clio that does the work now and runs on its own, nothing to set up. Thought it was worth being on your radar given your civil litigation practice. No pitch.",a free trial,"<p>Hi {{first_name}},</p><p>The honest way to judge Clio Work is on one of your own civil litigation files. Here is <a href=""https://www.clio.com/work/signup/"">the 14-day trial</a>. You upload a document, it reads it, suggests what to do with it, and you see a real result in about ten minutes. Nothing to install, no migration, and nothing to learn before you start. It does the actual work on your file, start to finish.</p><p>{{my.first_name}}<br>Clio</p>","Hi {{first_name}}, {{my.first_name}} at Clio again. I just sent over a link to the 14-day trial. The point of it is simple: you upload one of your own civil litigation files, and Clio Work reads it and does the first pass right there, in about ten minutes. Nothing to set up first. If you get a minute to run it on one file, I would love to hear what you think.","Hi {{first_name}}, {{my.first_name}} at Clio. Just emailed you a link to the 14-day trial. Upload one civil litigation file and Clio Work does the first pass in about ten minutes. Give it a run when you have a minute.","{{first_name}}, quick two-minute watch if it is useful. Tearing Apart a Complaint in Under 2 Minutes: Clio Work reads a served complaint and pulls out every claim, the basis, and the weak points. https://www.clio.com/work/at-work/",an honest question,"<p>Hi {{first_name}},</p><p>Most civil litigation firms have made peace with the slow, manual first pass on a new file, the reading and sorting that eats hours before anyone gets to strategy. Fair enough if that is just how the work goes. If it is worth questioning, Clio Work does that first pass in minutes and hands you something to react to. Worth a look, or not a priority right now?</p><p>{{my.first_name}}<br>Clio</p>","Hi {{first_name}}, {{my.first_name}} at Clio. Not chasing, just want to make it easy. The trial is open, so you can test Clio Work on one of your own civil litigation files without setting anything up. Upload a document, it reads it and does the first pass in about ten minutes. Happy to send the link again if it is easier. Would that be worth a few minutes this week?","Hi {{first_name}}, {{my.first_name}} at Clio. The trial is still open whenever you want to test Clio Work on one of your own files. I will send the link over again by email. No pressure, just here if it is useful.",one month free,"<p>Hi {{first_name}},</p><p>One thing worth knowing: if you buy Clio Work by July 31, 2026, you get one month free. It is the same AI that firms across the country use every day to get the first pass on a file done, and there is nothing to set up on your end.</p><p>If the timing works, I can <a href=""https://www.clio.com/work/signup/"">get you started</a> today.</p><p>{{my.first_name}}<br>Clio</p>","Hi {{first_name}}, {{my.first_name}} at Clio. Last one from me for a bit. Two ways to see Clio Work on your civil litigation work: I can run it live on one of your files in about ten minutes, or you take the trial and do it yourself. And if you buy by the end of July, there is one month free on top. Which is easier for you?","Hi {{first_name}}, {{my.first_name}} at Clio. Happy to run Clio Work live on one of your files, or you can take the trial. If you buy by the end of July, there is one month free too. Give me a call back if either helps.",closing the loop,"<p>Hi {{first_name}},</p><p>I will stop here so I am not cluttering your inbox. If it is ever useful, Clio Work does the civil litigation work and runs on its own, with nothing to set up. <a href=""https://www.clio.com/work/signup/"">The 14-day trial</a> is here whenever you want it, one file, and a real result in about ten minutes. Good luck with the cases ahead.</p><p>{{my.first_name}}<br>Clio</p>"
Tier 2,001OG000018BV1nYAG,003OG00000Kr4upYAB,contact-email,MM Services,Immigration,,Nevada,,Neutral/unknown,40,9.2,,Unknown,,Suppress - recently worked,Mindy,Amador,min162913@gmail.com,17253053532,,,,,,,,,Manage,0,1,,,,,,,FALSE,FALSE,,,,,,,,,,,,,,,No,Yes,,,No,FALSE,"email,call,linkedin",,"MM Services, immigration firm in Nevada. Prior Clio AI: No. Churn: Unknown, so default arc leading with product news plus the trial. Channels: email, call, LinkedIn. No blanks to fill.",001OG000018BV1nYAG," MM Services is an immigration firm in Nevada that previously used Clio Manage and churned for an unknown reason, so use the default arc: lead with the product news that Clio Work does the legal work now, runs on its own without Manage, and starts from one uploaded document, plus the 14-day trial. Do not guess a reason and never state one in a sent step. Recommended Clio Work at Work video: Contract Review That Doesn't Miss the Buried Clause. Communication channels open: email, calling, LinkedIn. Acknowledge the prior Clio Manage relationship once, in step 1 only.",your immigration work,"<p>Hi {{first_name}},</p><p>Back when you were on Clio Manage, that was a platform to run. This is a different tool. Clio Work reads an immigration file and does the first pass on it, and it runs on its own, nothing to set up or migrate. You upload one document and it tells you what it can do.</p><p>Two-minute example, where it returns a contract's obligations and risk clauses: <a href=""https://www.clio.com/work/at-work/"">Contract Review That Doesn't Miss the Buried Clause</a>.</p><p>{{my.first_name}}<br>Clio</p>","Hi {{first_name}}, it is {{my.first_name}} at Clio, I will be quick. This is not the platform. It is an AI that does the legal work now. You upload one immigration document and it gets going, and it suggests what to do with it, nothing to set up. For a lot of the file review, that is the slow part. Opposed to me sending a two-minute look?","Hi {{first_name}}, {{my.first_name}} at Clio. We built a legal AI that does the actual work now, and it runs on its own. Just sent you an email with a short video. Worth a look for an immigration firm.","{{first_name}}, we built a legal AI at Clio that does the work now and runs on its own, nothing to set up. Thought it was worth being on your radar given your immigration practice. No pitch.",a free trial,"<p>Hi {{first_name}},</p><p>The honest way to judge Clio Work is on one of your own immigration files. You upload a document, it suggests what to do with it, and you see a real result in about ten minutes. Nothing to install, no migration, and no prompt to figure out, since the document is the prompt.</p><p>Here is <a href=""https://www.clio.com/work/signup/"">the 14-day trial</a> if you want to run it on a real file this week.</p><p>{{my.first_name}}<br>Clio</p>","Hi {{first_name}}, {{my.first_name}} at Clio again. Quick one. The thing that takes hours on an immigration file, the slow first read, Clio Work does that in minutes and then tells you what it found. You point it at one of your own documents, no setup. I just sent you the trial link by email so you can try it on a real file. Worth ten minutes this week?","Hi {{first_name}}, {{my.first_name}} at Clio. I just emailed you the trial link for Clio Work. Run it on one immigration file, real result in about ten minutes, nothing to set up. Give it a look when you have a moment.","{{first_name}}, short one worth two minutes: it reads a contract and returns obligations, risk clauses by severity, and the protections that are missing. Same idea applies to an immigration file. Video here: https://www.clio.com/work/at-work/ Contract Review That Doesn't Miss the Buried Clause.",an honest question,"<p>Hi {{first_name}},</p><p>Most immigration firms have made peace with the slow, manual first pass on a file eating hours before anyone gets to the actual strategy. Fair enough if that is just how the work goes. If it is worth questioning, Clio Work does that first pass in minutes and hands you what it found. Worth a look, or not a priority right now?</p><p>{{my.first_name}}<br>Clio</p>","Hi {{first_name}}, {{my.first_name}} at Clio. Not chasing, just leaving the door open. Clio Work is the fastest-adopted product we have built, and the trial is still open on your end. You upload one immigration file, it does the first pass, real result in about ten minutes, nothing to set up. If it is useful, I will resend the link so you can try it on a real matter. No pressure either way.","Hi {{first_name}}, {{my.first_name}} at Clio. The Clio Work trial is still open. One immigration file, real result in about ten minutes, nothing to set up. Happy to resend the link if it is useful. Talk soon.",one month free,"<p>Hi {{first_name}},</p><p>One thing worth knowing: if you buy Clio Work by July 31, 2026, you get one month free. Same AI that immigration firms use to get the slow first pass on a file done in minutes, and there is nothing to set up on your end.</p><p>If the timing works, I can <a href=""https://www.clio.com/work/signup/"">get you started</a> today so you are running before the date.</p><p>{{my.first_name}}<br>Clio</p>","Hi {{first_name}}, {{my.first_name}} at Clio. Last live attempt from me. If you buy Clio Work by July 31, that is one month free, and you would be running on your own immigration files with nothing to set up. Happy to walk it through on one of your documents in about ten minutes, or just resend the trial link so you can try it yourself. Which is easier for you?","Hi {{first_name}}, {{my.first_name}} at Clio. If you buy Clio Work by the end of July, that is one month free. Happy to run it on one of your immigration files in ten minutes, or resend the trial link. Let me know which works.",closing the loop,"<p>Hi {{first_name}},</p><p>I will stop here so I am not cluttering your inbox. If it is ever useful, Clio Work does the immigration work on your own files and runs on its own, with nothing to set up or migrate. You upload one document and it starts.</p><p>Here is <a href=""https://www.clio.com/work/signup/"">the 14-day trial</a> whenever you want it. Good luck with the work.</p><p>{{my.first_name}}<br>Clio</p>"
Tier 2,001OG000017Vi6iYAC,003OG00000KDrSpYAL,contact-email,Billera Law,Admiralty / Maritime,,Florida,,Neutral/unknown,40,9.8,,Unknown,,Suppress - recently worked,Lenika,Billera,lenika@billeralaw.com,+17195055367,,,,,,,,,Manage,0,5 to 9,,,,,,,FALSE,FALSE,,,,,,,,,,,,,,,No,Yes,,,No,FALSE,"email,call,linkedin",,"Billera Law, admiralty and maritime firm in Florida, prior Clio AI: no, churn reason unknown so default arc. Channels: email, call, LinkedIn. Recommended video: Contract Review That Doesn't Miss the Buried Clause. No blanks to fill.",001OG000017Vi6iYAC," Billera Law is an admiralty and maritime firm in Florida that previously used Clio Manage and churned for an unknown reason, so lead with the product news and the trial rather than guessing why they left. Clio Work is a different product than the platform they had: it reads a firm's own files and does the legal work, it runs on its own without Manage, and there is nothing to set up, train on, or migrate. Recommended Clio Work at Work video: Contract Review That Doesn't Miss the Buried Clause. Communication channels open: email, calling, LinkedIn. Acknowledge the prior relationship once, in step 1 only.",your maritime work,"<p>Hi {{first_name}},</p><p>Back when you were on Clio Manage, the admin lived in one platform. Clio Work is a different tool. It reads a maritime file and does the first pass, and it runs on its own, nothing to set up or migrate. You upload a document and it tells you what it can do with it.</p><p>Two-minute example: <a href=""https://www.clio.com/work/at-work/"">Contract Review That Doesn't Miss the Buried Clause</a>, where it flags risk clauses by severity and the missing protections.</p><p>{{my.first_name}}<br>Clio</p>","Hi {{first_name}}, it is {{my.first_name}} at Clio, I will be quick. We built a legal AI that does the actual work now: it reads a file and does the first pass, and it runs on its own, nothing to set up. You upload one document and it tells you what it can do with it. For admiralty and maritime work, that first pass is the slow part. Opposed to me sending a two-minute look?","Hi {{first_name}}, {{my.first_name}} at Clio. We built a legal AI that does the actual work now, and it runs on its own without the full subscription. Just sent you an email with a short video. Worth a look for an admiralty and maritime firm.","{{first_name}}, we built a legal AI at Clio that does the actual work now: it reads a file and does the first pass, and it runs on its own, nothing to set up. Thought it was worth being on your radar given your admiralty and maritime practice. No pitch.",a free trial,"<p>Hi {{first_name}},</p><p>The honest way to judge Clio Work is on one of your own admiralty files. It reads the document and does the first pass, the slow part before anyone gets to strategy. Here is <a href=""https://www.clio.com/work/signup/"">the 14-day trial</a>: you upload a file, it suggests what to do with it, and you see a real result in about ten minutes. Nothing to install, no migration.</p><p>{{my.first_name}}<br>Clio</p>","Hi {{first_name}}, {{my.first_name}} at Clio again. I just sent over a 14-day trial. The idea is simple: you take one of your own maritime files, upload it, and Clio Work does the first pass and shows you a real result in about ten minutes. Nothing to install, no migration. It reads the file and tells you what it can do with it. If it helps on even one file, it is worth the ten minutes. Can I answer anything on it?","Hi {{first_name}}, {{my.first_name}} at Clio. I just emailed you a 14-day trial. Upload one maritime file, and you will see what Clio Work does with it in about ten minutes. Nothing to set up. Give it a try when you have a moment.","{{first_name}}, worth two minutes. This shows Clio Work read a contract and flag risk clauses by severity plus the missing protections: https://www.clio.com/work/at-work/ It is called Contract Review That Doesn't Miss the Buried Clause.",an honest question,"<p>Hi {{first_name}},</p><p>Most admiralty and maritime firms have made peace with the slow, manual first pass on files, the hours that go by before anyone gets to the actual strategy. Fair enough if that is just how the work goes. If it is worth questioning, Clio Work does that part in minutes on a file you upload. Worth a look, or not a priority right now?</p><p>{{my.first_name}}<br>Clio</p>","Hi {{first_name}}, {{my.first_name}} at Clio. No pressure here, just making sure the trial did not get buried. Clio Work reads one of your admiralty files and does the first pass in about ten minutes, and there is nothing to set up before you start. Most people who try it do it on a file already on their desk. Happy to resend the link if that is easier. Is a quick look worth it this week?","Hi {{first_name}}, {{my.first_name}} at Clio. Making sure the trial for Clio Work did not get lost. Upload one maritime file and it does the first pass in about ten minutes, nothing to set up. I can resend the link if you want it. Thanks.",one month free,"<p>Hi {{first_name}},</p><p>One thing worth knowing: if you buy Clio Work by July 31, 2026, you get one month free. It is the same AI that firms across the country use to get the first pass on their files done, and there is nothing to set up on your end.</p><p>If the timing works, I can <a href=""https://www.clio.com/work/signup/"">get you started</a> today.</p><p>{{my.first_name}}<br>Clio</p>","Hi {{first_name}}, {{my.first_name}} at Clio, last time I will reach out. One thing worth flagging: if you buy Clio Work by July 31, you get one month free. I am happy to run it live on one of your maritime files so you see exactly what it does before deciding, or you can start the trial yourself. Either way it takes about ten minutes and nothing to set up. Want me to set up a quick look?","Hi {{first_name}}, {{my.first_name}} at Clio. Last note from me: buy Clio Work by July 31 and you get one month free. I can run it live on one of your maritime files, or you can start the trial. Ten minutes, nothing to set up. Let me know.",closing the loop,"<p>Hi {{first_name}},</p><p>I will stop here so I am not cluttering your inbox. If it is ever useful, Clio Work reads an admiralty or maritime file and does the first pass, and it runs on its own, with nothing to install or migrate. <a href=""https://www.clio.com/work/signup/"">The 14-day trial</a> is here whenever you want to test it on one of your own files.</p><p>Good luck with the work.</p><p>{{my.first_name}}<br>Clio</p>"
Tier 2,001OG0000172AMxYAM,003OG00000JknkMYAR,contact-email,Law Offices of Lee H Ballard,Collections & Debt,,Florida,,Neutral/unknown,40,10.5,,Unknown,,Suppress - recently worked,Carli,Pierson,carlipiersonlaw@gmail.com,3033323840,,,,,,,,,Manage,0,2 to 4,,,,,,,FALSE,FALSE,,,,,,,,,,,,,,,No,Yes,,,No,FALSE,"email,call,linkedin",,"Law Offices of Lee H Ballard, Collections & Debt (Florida). Prior Clio AI: no. Churn reason unknown, so default arc leading with the product news and the trial. Channels: email, call, LinkedIn. No blanks to fill.",001OG0000172AMxYAM," Law Offices of Lee H Ballard is a collections and debt firm in Florida that previously used Clio Manage and churned. The churn reason is unknown (System Cancel), so do not guess a cause: run the default arc, leading with the product news that Clio Work is a standalone legal AI that does the actual work, starts from one uploaded document, and runs on its own without a Manage subscription, then the 14-day trial. They did not hold our earlier AI, so treat Clio Work as new to them and do not reference an early version. Recommended Clio Work at Work video: Contract Review That Doesn't Miss the Buried Clause. Communication channels open: email, calling, LinkedIn. Acknowledge the prior relationship once, in step 1 only.",your collections work,"<p>Hi {{first_name}},</p><p>Back when you were on Clio Manage, everything lived in one platform to set up and learn. This is different. Clio Work reads a collections file and does the first pass, and it runs on its own, nothing to migrate. You upload one document and it tells you what it can do with it.</p><p>Two-minute example: <a href=""https://www.clio.com/work/at-work/"">Contract Review That Doesn't Miss the Buried Clause</a>, where it flags risk clauses and the protections a contract is missing.</p><p>{{my.first_name}}<br>Clio</p>","Hi {{first_name}}, it is {{my.first_name}} at Clio, I will be quick. We built a legal AI that does the actual work now. You upload one document and it gets going, it reads what is in the file and tells you what it can do with it, nothing to set up. For collections work, that first pass is the slow part. Opposed to me sending a two-minute look?","Hi {{first_name}}, {{my.first_name}} at Clio. We built a legal AI that does the actual work now, and it runs on its own with nothing to set up. Just sent you an email with a short video. Worth a look for a collections firm.","{{first_name}}, we built a legal AI at Clio that does the work now, reads a file and does the first pass, and runs on its own with nothing to set up. Thought it was worth being on your radar given your collections practice. No pitch.",a free trial,"<p>Hi {{first_name}},</p><p>The honest way to judge Clio Work is to run it on one of your own real collections files. Here is <a href=""https://www.clio.com/work/signup/"">the 14-day trial</a>. You upload one document, it reads what is in it and suggests what to do next, and you see a real, usable result in about ten minutes. Nothing to install, no setup, and no migration on your end.</p><p>{{my.first_name}}<br>Clio</p>","Hi {{first_name}}, {{my.first_name}} at Clio again. I sent over a link to the 14-day trial of Clio Work. The idea is simple: you upload one of your own collections files, it reads it and does the first pass, and you see a real result in about ten minutes. Nothing to install on your end. Happy to walk you through it, or you can just try it. Any questions I can answer?","Hi {{first_name}}, {{my.first_name}} at Clio. Just left you a note with the trial link for Clio Work. Upload one collections file and you will see what it does in about ten minutes. Give it a try, and call me back with any questions.","{{first_name}}, quick one worth two minutes. This shows Clio Work reading a contract and flagging the risk clauses and the protections it is missing: Contract Review That Doesn't Miss the Buried Clause. https://www.clio.com/work/at-work/",an honest question,"<p>Hi {{first_name}},</p><p>Most collections firms have made peace with the slow, manual first pass on files eating hours before anyone gets to strategy. Fair enough if that is just how it goes. If it is worth questioning, Clio Work does that part in minutes and runs on its own, with nothing to set up. Worth a look, or not a priority right now?</p><p>{{my.first_name}}<br>Clio</p>","Hi {{first_name}}, {{my.first_name}} at Clio. Not chasing, just making sure the trial link did not get buried. Clio Work reads one of your collections files and does the first pass in about ten minutes, with nothing to set up. It is the fastest-adopted product in Clio's history, so a lot of firms are already using it. Want me to resend the link so you can test it on a file this week?","Hi {{first_name}}, {{my.first_name}} at Clio. The Clio Work trial is still open on your end. Upload one collections file and you will have a real result in about ten minutes. I can resend the link if you need it. Talk soon.",one month free,"<p>Hi {{first_name}},</p><p>One thing worth knowing before the month closes: if you buy Clio Work by July 31, 2026, you get one month free. It is the same legal AI that reads one of your collections files and does the whole first pass in minutes, with nothing to set up or migrate on your end.</p><p>If the timing works, I can <a href=""https://www.clio.com/work/signup/"">get you started</a> today.</p><p>{{my.first_name}}<br>Clio</p>","Hi {{first_name}}, {{my.first_name}} at Clio, last time I will try you live. If it helps, I can run Clio Work on one of your own collections files and show you the first pass in about ten minutes, no setup on your end. And if you buy by July 31, you get one month free. Worth fifteen minutes this week, or should I close this out?","Hi {{first_name}}, {{my.first_name}} at Clio. I can run Clio Work on one of your collections files and show you the first pass in ten minutes. If you buy by July 31, you get one month free. Give me a quick call back.",closing the loop,"<p>Hi {{first_name}},</p><p>I will stop here so I am not cluttering your inbox. If it is ever useful down the road, Clio Work does the actual collections work and runs entirely on its own, with nothing to set up, learn, or migrate. <a href=""https://www.clio.com/work/signup/"">The 14-day trial</a> is here whenever you want to test it on one of your own files.</p><p>Good luck with the work.</p><p>{{my.first_name}}<br>Clio</p>"
Tier 2,001OG000016cd1JYAQ,003OG00000JMqkzYAD,contact-email,Renee S Richardson Attorney at Law,Family,,Georgia,,Neutral/unknown,40,11.3,,Unknown,,Suppress - recently worked,Renee,Richardson,rsresquire@gmail.com,4706401157,,,,,,,,,Manage,0,1,,,,,,,FALSE,TRUE,,,,,,,,,,,,,,,No,Yes,,,No,FALSE,"email,linkedin",,"Renee S Richardson Attorney at Law (Family law, Georgia). Prior Clio AI: No. Unknown churn, so default arc leading with product news and the trial. Channels open: email, LinkedIn (call steps included per schema). Offer only in steps 9 and 10.",001OG000016cd1JYAQ," Renee S Richardson Attorney at Law is a family law firm in Georgia that previously used Clio Manage and churned for an unknown reason, so use the default arc: lead with the product news and the trial, do not guess a reason. They did not hold our earlier AI, so Clio Work is new to them; the angle is that it reads their own files and does the work, runs on its own without Manage, and has nothing to set up. Recommended Clio Work at Work video: Tearing Apart a Complaint in Under 2 Minutes. Communication channels open: email and LinkedIn. Acknowledge the prior relationship once, in step 1 only; never mention Manage or churn again after that.",your family law work,"<p>Hi {{first_name}},</p><p>Back when you were on Clio Manage, the admin lived in one place. This is a different tool. Clio Work reads a family law file and does the first pass, and it runs on its own, nothing to set up. You upload one document and it tells you what it can do with it.</p><p>Two minute look: <a href=""https://www.clio.com/work/at-work/"">Tearing Apart a Complaint in Under 2 Minutes</a>, where it reads a served complaint and maps every claim.</p><p>{{my.first_name}}<br>Clio</p>",,,"{{first_name}}, we built a legal AI at Clio that does the actual legal work now and runs on its own, nothing to set up. Thought it was worth being on your radar given your family law practice. No pitch.",a free trial,"<p>Hi {{first_name}},</p><p>The honest way to judge Clio Work is on one of your own family law files. Here is <a href=""https://www.clio.com/work/signup/"">the 14 day trial</a>. You upload a custody agreement or a served petition, it suggests what to do with it based on what is inside, and you see a real result in about ten minutes. Nothing to install, no migration, and nothing to learn first.</p><p>{{my.first_name}}<br>Clio</p>",,,"{{first_name}}, this two minute clip is a good use of your time: Tearing Apart a Complaint in Under 2 Minutes. Clio Work reads a served complaint and maps every claim with cited authority. https://www.clio.com/work/at-work/",an honest question,"<p>Hi {{first_name}},</p><p>Most family law firms have made peace with the slow, manual first pass on a new file eating hours before anyone gets to strategy for the client. Fair enough if that is just how it goes. If it is worth questioning, Clio Work does that first pass in minutes and hands you something to work from. Worth a look, or not a priority right now?</p><p>{{my.first_name}}<br>Clio</p>",,,one month free,"<p>Hi {{first_name}},</p><p>One thing worth knowing: if you buy Clio Work by July 31, 2026, you get one month free. It is the same AI that firms across the country use every day to get the first pass on a file done, and there is nothing to set up on your end.</p><p>If the timing works, I can <a href=""https://www.clio.com/work/signup/"">get you started</a> today.</p><p>{{my.first_name}}<br>Clio</p>",,,closing the loop,"<p>Hi {{first_name}},</p><p>I will stop here so I am not cluttering your inbox. If it is ever useful down the line, Clio Work reads a family law file, does the first pass, and runs on its own, with nothing to set up and no migration. You upload one document and it tells you what it can do with it. <a href=""https://www.clio.com/work/signup/"">The 14 day trial</a> is here whenever you want it.</p><p>Good luck with the work.</p><p>{{my.first_name}}<br>Clio</p>"
Tier 1,001OG000014bKQ0YAM,003OG00000I0XG9YAN,contact-email,Yohana Valdez Law,Family,,Washington,,Neutral/unknown,50,12.3,,Unknown,,Suppress - recently worked,Yohana,Valdez,yohanadvaldez@gmail.com,3109987340,,,,,,,,,Manage,0,1,,,,,,,FALSE,FALSE,,,,,,,,,,,,,,,No,No,,,No,FALSE,"email,call,linkedin",,"Yohana Valdez Law, family law, Washington. Prior Clio AI: No. Churn reason Unknown, so default arc (product news + 14-day trial). Channels: email, call, LinkedIn. Recommended video: Tearing Apart a Complaint in Under 2 Minutes. Nothing to fill.",001OG000014bKQ0YAM," Yohana Valdez Law is a family law firm in Washington that previously used Clio Manage and has since churned. The churn reason is Unknown, so this runs the default arc: lead with the product news that Clio Work does the legal work now and runs on its own without Manage, plus the 14-day trial, and do not guess a reason. They did not hold our earlier AI, so treat Clio Work as new to them. Recommended Clio Work at Work video: Tearing Apart a Complaint in Under 2 Minutes, which reads a served complaint and pulls every claim, the legal basis, the weak points, and counter-arguments with cited authority in about two minutes. Communication channels open: email, calling, LinkedIn. Acknowledge the prior Clio Manage relationship once, in step 1 only.",your family law work,"<p>Hi {{first_name}},</p><p>Back when you were on Clio Manage, the admin lived in one platform. This is a different tool. Clio Work reads a family law file and does the first pass, and it runs on its own, nothing to set up or migrate. You upload a document and it tells you what it can do with it.</p><p>Two-minute example: <a href=""https://www.clio.com/work/at-work/"">Tearing Apart a Complaint in Under 2 Minutes</a>, where it reads a served complaint and maps every claim.</p><p>{{my.first_name}}<br>Clio</p>","Hi {{first_name}}, it is {{my.first_name}} at Clio, I will be quick. We built a legal AI called Clio Work that does the actual work now, and it runs on its own without the full platform. You upload one document and it gets going, nothing to set up. For family law, that first pass on a file is the slow part. Opposed to me sending you a two-minute look?","Hi {{first_name}}, {{my.first_name}} at Clio. We built a legal AI that does the actual work now, and it runs without the full platform. Just sent you an email with a short video. Worth a look for a family law firm.","{{first_name}}, we built a legal AI at Clio called Clio Work that does the actual work now and runs on its own, nothing to set up. Thought it was worth being on your radar given your family law practice. No pitch.",a free trial,"<p>Hi {{first_name}},</p><p>The honest way to judge Clio Work is on one of your own family law files, the kind you handle every week. Here is <a href=""https://www.clio.com/work/signup/"">the 14-day trial</a>. You upload a document, it reads it and suggests what to do with it, and you see a real result in about ten minutes. Nothing to install, no migration, and no prompt to figure out first.</p><p>{{my.first_name}}<br>Clio</p>","Hi {{first_name}}, {{my.first_name}} at Clio again. Quick one. Clio Work reads a family law file and does the first pass on it, drafting and pulling out what matters, in about ten minutes. I just sent you the 14-day trial by email so you can run it on one of your own files. Nothing to install or set up. Would it help if I walked you through the first upload?","Hi {{first_name}}, {{my.first_name}} at Clio. Just sent you a link to the Clio Work trial. Run it on one of your own family law files and you will see a real result in about ten minutes. Give me a call back when you have a minute.","{{first_name}}, quick two-minute one if it is useful: Clio Work reads a served complaint and pulls every claim, the weak points, and cited counter-arguments. Video here: https://www.clio.com/work/at-work/ It is called Tearing Apart a Complaint in Under 2 Minutes.",an honest question,"<p>Hi {{first_name}},</p><p>Most family law firms have made peace with the slow manual first pass on a file eating hours before anyone gets to strategy for the client. Fair enough if that is just how it goes. If it is worth questioning, Clio Work does that first pass in minutes and hands you back the time. Worth a look, or not a priority right now?</p><p>{{my.first_name}}<br>Clio</p>","Hi {{first_name}}, {{my.first_name}} at Clio. No pressure here. The Clio Work trial is still open on your end, and the whole point is you can test it on a real family law file rather than take my word for it. Upload one document, it suggests what to do with it, and you have a result in minutes. I can resend the link now if that is easier. Is it worth a quick look this week?","Hi {{first_name}}, {{my.first_name}} at Clio. The Clio Work trial is still open whenever you want it. Upload one family law file and you will have a real result in about ten minutes, nothing to set up. Happy to resend the link, just let me know.",one month free,"<p>Hi {{first_name}},</p><p>One thing worth knowing: if you buy Clio Work by July 31, 2026, you get one month free. It is the same legal AI that firms across the country use every day to get the first pass on a file done, and there is nothing to set up on your end.</p><p>If the timing works, I can <a href=""https://www.clio.com/work/signup/"">get you started</a> today.</p><p>{{my.first_name}}<br>Clio</p>","Hi {{first_name}}, {{my.first_name}} at Clio, last time I will try you live. Two options. I can run Clio Work on one of your own family law files in about ten minutes on a quick call, or you can start it yourself with the trial. One thing worth knowing: if you buy by July 31, 2026, you get one month free. Would a short call this week be worth it, or should I let it rest?","Hi {{first_name}}, {{my.first_name}} at Clio. Last time I will reach out by phone. I can run Clio Work on one of your own family law files in ten minutes, or you can try it yourself. If you buy by July 31, one month free. Call me back if it is worth a look.",closing the loop,"<p>Hi {{first_name}},</p><p>I will stop here so I am not cluttering your inbox. If it is ever useful, Clio Work does the family law work and runs on its own, with nothing to set up or migrate. <a href=""https://www.clio.com/work/signup/"">The 14-day trial</a> is right here whenever you want it, so you can test it on a real file.</p><p>Good luck with the work.</p><p>{{my.first_name}}<br>Clio</p>"
Tier 1,001OG000014J2RXYA0,003OG00000Hw0InYAJ,contact-email,Law Office of MICHAEL CAMPBELL (Manage),Family,,Ohio,,Neutral/unknown,50,12.7,,Other,,Untapped,Michael,Campbell,mcclawoffice@gmail.com,3057967324,,,,,,,,,Manage,0,1,,,,,,,FALSE,FALSE,,,,,,,,,,,,,,,No,No,,,No,FALSE,"email,call,linkedin",,"Law Office of Michael Campbell, family law, Columbus-area Ohio. Prior Clio AI: no. Churn reason Other, default arc leading with Clio Work product news and the trial. Channels open: email, call, LinkedIn. Video: Tearing Apart a Complaint in Under 2 Minutes.",001OG000014J2RXYA0," Law Office of Michael Campbell is a family law practice in Ohio that previously used Clio Manage and churned for an unspecified reason (logged as Other). Because there is no known reason, run the default arc: lead with the product news, that Clio Work reads their own files and does the legal work, that it runs on its own without a Manage subscription, and that it starts from one uploaded document. Do not guess or name a reason. They did not hold our earlier AI, so treat Clio Work as new to them. Recommended Clio Work at Work video: Tearing Apart a Complaint in Under 2 Minutes. Communication channels open: email, calling, LinkedIn. Acknowledge the prior Clio Manage relationship once, in step 1 only.",your family law work,"<p>Hi {{first_name}},</p><p>Back when you were on Clio Manage, that was the platform side. This is a different tool. Clio Work reads a family law file and does the first pass, and it runs on its own, nothing to set up or migrate. You upload one document and it tells you what it can do.</p><p>Two-minute example: <a href=""https://www.clio.com/work/at-work/"">Tearing Apart a Complaint in Under 2 Minutes</a>, where it pulls every claim and the weak points from a served complaint.</p><p>{{my.first_name}}<br>Clio</p>","Hi {{first_name}}, it is {{my.first_name}} at Clio, I will be quick. This is a different thing than the platform: an AI that does the legal work now. You upload one document and it gets going, and it tells you what it can do with it. Nothing to set up. For family law files, that first pass is the slow part. Opposed to me sending a two-minute look?","Hi {{first_name}}, {{my.first_name}} at Clio. We built a legal AI that does the actual work now, and it runs without the full subscription. Just sent you an email with a short video. Worth a look for a family law firm.","{{first_name}}, we built a legal AI at Clio that does the work now and runs on its own, nothing to set up. Thought it was worth being on your radar given your family law practice. No pitch.",a free trial,"<p>Hi {{first_name}},</p><p>The honest way to judge Clio Work is on one of your own family law files. Here is <a href=""https://www.clio.com/work/signup/"">the 14-day trial</a>. You upload a document, it suggests what to do with it, and you see a real result in about ten minutes. Nothing to install, no migration. The document you upload is the whole prompt, so there is nothing to figure out first.</p><p>{{my.first_name}}<br>Clio</p>","Hi {{first_name}}, {{my.first_name}} at Clio again. I just sent over a trial link. The idea is simple: take one of your own family law files, drop it into Clio Work, and see what it does in about ten minutes. It reads the file and does the first pass, nothing to set up on your end. Curious what you would think if you ran it on a real one this week.","Hi {{first_name}}, {{my.first_name}} at Clio. Just sent you a link to the trial. Drop one family law file in and you will see a real result in about ten minutes. No setup. Give it a look when you have a minute.","{{first_name}}, quick two-minute watch: Tearing Apart a Complaint in Under 2 Minutes. It reads a served complaint and pulls every claim, the legal basis, and the weak points. https://www.clio.com/work/at-work/",an honest question,"<p>Hi {{first_name}},</p><p>Most family law firms have made peace with the slow, manual first pass on a new file eating hours before anyone gets to strategy. Fair enough if that is just how it goes. If it is worth questioning, Clio Work does that part in minutes, reading the file and pulling out what matters. Worth a look, or not a priority right now?</p><p>{{my.first_name}}<br>Clio</p>","Hi {{first_name}}, {{my.first_name}} at Clio. Not going to keep you. The trial for Clio Work is open, and it is built for exactly the family law files you handle every day. You upload one document, it reads it and does the first pass, and you have a result in about ten minutes. Nothing to set up. Want me to resend the link so you can try it on a real file?","Hi {{first_name}}, {{my.first_name}} at Clio. The trial is still open. One family law file, about ten minutes, and you will see what it does. I will resend the link by email. Give it a try when you get a chance.",one month free,"<p>Hi {{first_name}},</p><p>One thing worth knowing: if you buy Clio Work by July 31, 2026, you get one month free. It is the same AI that family law firms use every day to get the first pass on a file done, reading it and pulling out what matters, and there is nothing to set up on your end.</p><p>If the timing works, I can <a href=""https://www.clio.com/work/signup/"">get you started</a> today.</p><p>{{my.first_name}}<br>Clio</p>","Hi {{first_name}}, {{my.first_name}} at Clio. Last time I will try you live on this. Clio Work reads a family law file and does the first pass in minutes, nothing to set up. If you buy by the end of the month you get one month free. Happy to run it on one of your own files so you can see it, or just resend the trial link. Which is easier for you?","Hi {{first_name}}, {{my.first_name}} at Clio. Still glad to run Clio Work on one of your family law files so you can see it, about ten minutes. There is also one month free if you buy by month end. I will send the link too. Talk soon.",closing the loop,"<p>Hi {{first_name}},</p><p>I will stop here so I am not cluttering your inbox. If it is ever useful, Clio Work reads a family law file and does the first pass on it, running on its own with nothing to set up. <a href=""https://www.clio.com/work/signup/"">The 14-day trial</a> is here whenever you want it, on one of your own files.</p><p>Good luck with the work.</p><p>{{my.first_name}}<br>Clio</p>"
Tier 1,001OG00000xM4pPYAS,003OG00000G5wbeYAB,contact-email,Law Office of Julianne Incardona (Manage),Banking / Finance,,New York,,Neutral/unknown,50,14,,Unknown,,Untapped,Julianne,Incardona,julianne@turningtidesfinancial.com,716-800-4290,,,,,,,,,Manage,0,1,,,,,,,FALSE,FALSE,,,,,,,,,,,,,,,No,No,,,No,FALSE,"email,call,linkedin",,"Law Office of Julianne Incardona, banking and finance, New York. Prior Clio AI: No. Channels: email, call, LinkedIn. Churn Unknown, so default arc leading with Clio Work product news plus the trial. No blanks to fill.",001OG00000xM4pPYAS," The Law Office of Julianne Incardona is a banking and finance firm in New York that previously used Clio Manage and churned; the churn reason is logged as Unknown, so run the default arc: lead with the product news that Clio Work does the legal work now and runs on its own, plus the 14-day trial, and do not guess a reason for the copy. They did not hold our earlier AI, so this is the first time they will see Clio Work. Recommended Clio Work at Work video: Contract Review That Doesn't Miss the Buried Clause, which reads a contract and returns obligations, risk clauses by severity, unusual provisions, and the standard protections that are missing. Communication channels open: email, calling, LinkedIn. Acknowledge the prior Clio Manage relationship once, in step 1 only, then never again.",your contract work,"<p>Hi {{first_name}},</p><p>Back when you were on Clio Manage, the admin lived in one place. This is a different tool. Clio Work reads a banking and finance file and does the first pass, and it runs on its own, nothing to set up. You upload one document and it tells you what it can do with it.</p><p>Two-minute example: <a href=""https://www.clio.com/work/at-work/"">Contract Review That Doesn't Miss the Buried Clause</a>, where it reads a contract and flags risk clauses and missing protections.</p><p>{{my.first_name}}<br>Clio</p>","Hi {{first_name}}, it is {{my.first_name}} at Clio, I will be quick. We built a legal AI that does the actual work now, and it runs on its own without the full subscription. For banking and finance work, you upload one contract and it gets going, nothing to set up, and it flags the risk clauses and what protections are missing. That first pass is usually the slow part. Opposed to me sending a two-minute look?","Hi {{first_name}}, {{my.first_name}} at Clio. We built a legal AI that does the actual legal work now, and it runs without the full subscription. Just sent you an email with a short video on contract review. Worth a look for a banking and finance firm.","{{first_name}}, we built a legal AI at Clio that does the actual work now and runs on its own, nothing to set up. Given your banking and finance practice, I thought it was worth being on your radar. No pitch.",a free trial,"<p>Hi {{first_name}},</p><p>The honest way to judge Clio Work is on one of your own banking and finance files. Here is <a href=""https://www.clio.com/work/signup/"">the 14-day trial</a>. You upload a contract, it suggests what to do with it, and returns the obligations, the risk clauses by severity, and the standard protections that are missing. You see a real result in about ten minutes, nothing to install and no migration.</p><p>{{my.first_name}}<br>Clio</p>","Hi {{first_name}}, {{my.first_name}} at Clio again. Quick one. I just emailed you the 14-day trial for Clio Work. The honest way to see it is on one of your own contracts, you upload it and get a real result in about ten minutes, obligations, risk clauses, and the protections that are missing, nothing to set up on your end. Happy to walk you through it if that is easier. Either way, the link is in your inbox.","Hi {{first_name}}, {{my.first_name}} at Clio. I just sent you the 14-day trial for Clio Work. Run it on one of your own contracts and you will see a real result in about ten minutes. The link is in your inbox whenever you have a minute.","{{first_name}}, if you have two minutes, this shows Clio Work reading a contract and flagging the risk clauses and the protections it is missing: Contract Review That Doesn't Miss the Buried Clause. https://www.clio.com/work/at-work/",an honest question,"<p>Hi {{first_name}},</p><p>Most banking and finance firms have made peace with the slow manual first pass on every contract, the hours it eats before anyone gets to the real questions. Fair enough if that is just how it goes. If it is worth questioning, Clio Work does that first pass in minutes. Worth a look, or not a priority right now?</p><p>{{my.first_name}}<br>Clio</p>","Hi {{first_name}}, {{my.first_name}} at Clio. No pressure, just leaving the door open. The Clio Work trial is still there when you have a spare ten minutes. You upload one of your own contracts and it does the first pass, the obligations, the risk clauses, and the protections that are missing. I will resend the link in an email right after this so it is easy to find. Any questions, just reply.","Hi {{first_name}}, {{my.first_name}} at Clio. Just leaving the door open, the Clio Work trial is still there for you. Run it on one of your own contracts and see the first pass in about ten minutes. I will resend the link by email now.",one month free,"<p>Hi {{first_name}},</p><p>One thing worth knowing: if you buy Clio Work by July 31, 2026, you get one month free. It is the same AI that firms across the country use every day to get the first pass on a contract done, and there is nothing to set up on your end. If the timing works, I can <a href=""https://www.clio.com/work/signup/"">get you started</a> today.</p><p>{{my.first_name}}<br>Clio</p>","Hi {{first_name}}, {{my.first_name}} at Clio, last time I will try you by phone. Two things: I can run Clio Work on one of your own contracts in about ten minutes so you see it on real work, and if you buy by July 31, you get one month free. If either is useful, reply to any of my emails and I will set it up. Thanks {{first_name}}.","Hi {{first_name}}, {{my.first_name}} at Clio. Last time I will try by phone. I can run Clio Work on one of your own contracts in ten minutes, and if you buy by July 31, you get one month free. Reply to any of my emails and I will set it up.",closing the loop,"<p>Hi {{first_name}},</p><p>I will stop here so I am not cluttering your inbox. If it is ever useful, Clio Work reads a banking and finance file and does the first pass on it in minutes, and it runs on its own, with nothing to set up or migrate. <a href=""https://www.clio.com/work/signup/"">The 14-day trial</a> is here whenever you want it. Good luck with the work.</p><p>{{my.first_name}}<br>Clio</p>"
Tier 1,001OG00000mrqZVYAY,003OG00000Da1kTYAR,contact-email,Law Office of Sandra Buie-Gregory (Manage),Criminal,,Maryland,,Neutral/unknown,50,17.3,,Unknown,,Untapped,Sandra,Buie-Gregory,sandrabuiegregory@gmail.com,4438486058,,,,,,,,,Manage,0,2 to 4,,,,,,,FALSE,TRUE,,,,,,,,,,,,,,,No,No,,,No,FALSE,"email,linkedin",,"Law Office of Sandra Buie-Gregory (Criminal, Maryland). Prior Clio AI: No. Churn: Unknown, default arc. Channels open: email, LinkedIn (call steps included in case a phone contact is found). No blanks to fill.",001OG00000mrqZVYAY," The Law Office of Sandra Buie-Gregory is a criminal defense firm in Maryland that previously used Clio Manage and churned for an unknown reason, so lead with the product news and the trial rather than guessing a cause: Clio Work is a standalone legal AI that reads a firm's own files and does the work, and it runs on its own without a Manage subscription. Recommended Clio Work at Work video: Tearing Apart a Complaint in Under 2 Minutes. Communication channels open per the record: email and LinkedIn. Call steps are included in case a direct phone contact is found, but do not rely on calling. Acknowledge the prior relationship once, in step 1 only, and never raise Manage, leaving, or switching again.",your criminal defense work,"<p>Hi {{first_name}},</p><p>Back when you were on Clio Manage, the admin lived in one platform. Clio Work is a different tool. It reads a criminal defense file and does the first pass, and it runs on its own with nothing to set up or migrate. You upload one document and it tells you what it can do with it.</p><p>Two-minute example: <a href=""https://www.clio.com/work/at-work/"">Tearing Apart a Complaint in Under 2 Minutes</a>, where it reads a served complaint and maps every claim.</p><p>{{my.first_name}}<br>Clio</p>",,,"{{first_name}}, we built a legal AI at Clio that does the work now and runs on its own, nothing to set up. Thought it was worth being on your radar given your criminal defense practice. No pitch.",a free trial,"<p>Hi {{first_name}},</p><p>The honest way to judge Clio Work is on one of your own criminal defense files. Here is <a href=""https://www.clio.com/work/signup/"">the 14-day trial</a>. You upload a document, it suggests what to do with it, and you see a real result in about ten minutes. Nothing to install, no migration, no setup. It reads the file and does the first pass while you focus on the case.</p><p>{{my.first_name}}<br>Clio</p>",,,"{{first_name}}, short one worth two minutes: Clio Work reads a served complaint and pulls every claim, the legal basis, and the weak points with cited authority. Here is the clip, Tearing Apart a Complaint in Under 2 Minutes: https://www.clio.com/work/at-work/",an honest question,"<p>Hi {{first_name}},</p><p>Most criminal defense firms have made peace with the slow, manual first pass on a new file eating hours before anyone gets to strategy. Fair enough if that is just how it goes. If it is worth questioning, Clio Work reads the file and does that first pass in minutes. Worth a look, or not a priority right now?</p><p>{{my.first_name}}<br>Clio</p>",,,one month free,"<p>Hi {{first_name}},</p><p>One thing worth knowing: if you buy Clio Work by July 31, 2026, you get one month free. It is the same AI that criminal defense firms use every day to get the first pass on a file done, and there is nothing to set up on your end.</p><p>If the timing works, I can <a href=""https://www.clio.com/work/signup/"">get you started</a> today.</p><p>{{my.first_name}}<br>Clio</p>",,,closing the loop,"<p>Hi {{first_name}},</p><p>I will stop here so I am not cluttering your inbox. If it is ever useful, Clio Work reads a criminal defense file and does the first pass on it, and it runs on its own with nothing to set up or migrate. <a href=""https://www.clio.com/work/signup/"">The 14-day trial</a> is here whenever you want to try it on a real file.</p><p>Good luck with the work.</p><p>{{my.first_name}}<br>Clio</p>"
Tier 1,0012G00001ZNPazQAH,0032G00002CvdGkQAJ,contact-email,Law Office of Gordie Daniels,Family,,Massachusetts,,Neutral/unknown,50,17.9,,Unknown,,Suppress - recently worked,Gordie,Daniels,danielslawchambers@gmail.com,7742322931,,,,,,,,,Manage,0,,,,,,,,FALSE,FALSE,,,,,,,,,,,,,,,No,No,,,No,FALSE,"email,call,linkedin",,"Law Office of Gordie Daniels, family law, Massachusetts. Prior Clio AI: no. Churn reason unknown, so default arc leading with product news and the trial. Channels open: email, call, LinkedIn. No blanks to fill.",0012G00001ZNPazQAH," The Law Office of Gordie Daniels is a family law firm in Massachusetts that previously used Clio Manage and churned for an unknown reason, so use the default arc: lead with the product news (Clio Work does the legal work now, runs on its own without Manage, and starts from one uploaded document) and the 14-day trial, and do not guess a reason. They did not hold our earlier AI, so treat Clio Work as new capability, not a return to something they saw. Recommended Clio Work at Work video: Tearing Apart a Complaint in Under 2 Minutes. Communication channels open: email, calling, LinkedIn. Acknowledge the prior relationship once, in step 1 only.",your family law work,"<p>Hi {{first_name}},</p><p>Back when you were on Clio Manage, the admin lived in one place. This is a different tool. Clio Work reads a family law file and does the first pass, and it runs on its own, nothing to set up or migrate. You upload one document and it tells you what it can do with it.</p><p>Two minute example: <a href=""https://www.clio.com/work/at-work/"">Tearing Apart a Complaint in Under 2 Minutes</a>, where it reads a served complaint and maps every claim.</p><p>{{my.first_name}}<br>Clio</p>","Hi {{first_name}}, it is {{my.first_name}} at Clio, I will keep this short. We built an AI that does the actual legal work now: you upload one document and it reads it and gets going, nothing to set up. For a family law practice, that slow first pass on a file is the part it takes off your plate in minutes. I just sent a two minute video that shows it. Opposed to me sending a bit more?","Hi {{first_name}}, {{my.first_name}} at Clio. We built a legal AI that does the actual work now, and it runs on its own without the full subscription. I just sent you an email with a short video. Worth a look for a family law practice.","{{first_name}}, we built a legal AI at Clio that does the actual work now and runs on its own, nothing to set up. Given your family law practice, thought it was worth being on your radar. No pitch.",a free trial,"<p>Hi {{first_name}},</p><p>The honest way to judge Clio Work for a family law practice is on one of your own files. Here is <a href=""https://www.clio.com/work/signup/"">the 14-day trial</a>. You upload a document, it reads it, suggests what to do with it, and you see a real result in about ten minutes. Nothing to install, no migration, and nothing to learn first before it starts working.</p><p>{{my.first_name}}<br>Clio</p>","Hi {{first_name}}, {{my.first_name}} at Clio again. I sent over a link to the 14-day trial. The idea is simple: you take one of your own family law files, upload it, and Clio Work reads it and does the first pass, a real result in about ten minutes. Nothing to install, nothing to migrate. If you try one file, you will know fast whether it earns a spot. Want me to resend the link?","Hi {{first_name}}, {{my.first_name}} at Clio. I just sent the 14-day trial link. Take one family law file, upload it, and you will see a real result in about ten minutes, nothing to set up. Give it a look when you have a minute.","{{first_name}}, quick one worth two minutes: Tearing Apart a Complaint in Under 2 Minutes. Clio Work reads a served complaint and maps every claim, the weak points, and counter-arguments with cited authority. https://www.clio.com/work/at-work/",an honest question,"<p>Hi {{first_name}},</p><p>Most family law firms have made peace with the slow, manual first pass on a file eating hours before anyone gets to strategy. Fair enough if that is just how the work goes. If it is worth questioning, Clio Work does that part in minutes, on your own files, with nothing to set up. Worth a look, or not a priority right now?</p><p>{{my.first_name}}<br>Clio</p>","Hi {{first_name}}, {{my.first_name}} at Clio. No pressure here, just making sure the door is open. The 14-day trial of Clio Work is still there whenever you want to run it on one of your own family law files. You upload a document, it reads it and does the first pass, and you see a real result in about ten minutes, nothing to set up. Happy to send the link again if that is easier. Worth a quick try?","Hi {{first_name}}, {{my.first_name}} at Clio. Wanted to be sure the trial link reached you. The 14-day trial is open whenever you want to run Clio Work on a family law file, a real result in about ten minutes. I will resend it if that helps.",one month free,"<p>Hi {{first_name}},</p><p>One thing worth knowing: if you buy Clio Work by July 31, 2026, you get one month free. It is the same AI that family law firms use every day to get the first pass on a file done, and there is nothing to set up on your end. If the timing works, I can <a href=""https://www.clio.com/work/signup/"">get you started</a> today.</p><p>{{my.first_name}}<br>Clio</p>","Hi {{first_name}}, {{my.first_name}} at Clio, last time I will reach out by phone. Two ways in if it is useful. I can run Clio Work on one of your own family law files in about ten minutes and you watch it work, or you can start the trial yourself. One thing worth knowing: buy Clio Work by July 31 and you get one month free. Want me to grab a short slot this week?","Hi {{first_name}}, {{my.first_name}} at Clio. I can run Clio Work on one of your family law files in about ten minutes so you see it live, or you can start the trial. If you buy by July 31, you get one month free. Give me a call back.",closing the loop,"<p>Hi {{first_name}},</p><p>I will stop here so I am not cluttering your inbox. If it is ever useful down the line, Clio Work does the slow family law first pass on your own files and runs on its own, with nothing to set up or migrate. <a href=""https://www.clio.com/work/signup/"">The 14-day trial</a> is here whenever you want to try it. Good luck with the work.</p><p>{{my.first_name}}<br>Clio</p>"
Tier 1,0013m00002whglDAAQ,0033m000035QtuAAAS,contact-email,Law Office of Dr Christel Bastida,Intellectual Property,,Texas,,Neutral/unknown,50,17.9,,Unknown,,Untapped,Christel,Bastida,ceo@healietech.com,5127854849,,,,,,,,,Manage,0,1,,,,,,,FALSE,FALSE,,,,,,,,,,,,,,,No,No,,,No,FALSE,"email,call,linkedin",,"Law Office of Dr Christel Bastida, IP firm in Texas, no prior Clio AI, channels email/call/linkedin, default churn arc (unknown reason), lead with contract review video.",0013m00002whglDAAQ,"Law Office of Dr Christel Bastida, intellectual property practice, Texas. Previously used Clio Manage, no prior Clio AI exposure. Churn reason is unknown/system cancel, so default arc: lead with the product news that Clio Work does the work itself and starts from one uploaded document, plus the trial, without guessing at why they left. Recommended video: Contract Review That Doesn't Miss the Buried Clause, shows a contract upload returning obligations, risk clauses by severity, unusual provisions, and missing standard protections. Good fit for an IP practice reviewing licensing and assignment agreements. Channels open: email, call, LinkedIn.",a faster contract review,"<p>Hi {{first_name}},</p><p>Intellectual property practices read a lot of agreements closely: licenses, assignments, NDAs. Clio Work is built for that first pass. Back when you were on Clio Manage, that review sat with an associate or with you, line by line.</p><p>Now it reads the file itself. Upload a contract and it returns the obligations, the risk clauses by severity, and the missing protections.</p><p>Here is a short look: <a href=""https://www.clio.com/work/at-work/"">Contract Review That Doesn't Miss the Buried Clause</a>.</p><p>{{my.first_name}}<br>Clio</p>","Hi {{first_name}}, this is {{my.first_name}} from Clio. I sent a short video on a tool called Clio Work, it reads a contract and flags the risk clauses and missing protections automatically. Figured it's relevant for IP work with all the licensing and assignment agreements that come through. It's a standalone product now, doesn't need Clio Manage to run. Did you get a chance to see it, or want me to walk through what it caught on a sample file?","Hi {{first_name}}, it's {{my.first_name}} from Clio. I sent over a short video on Clio Work, it reads a contract and pulls out the risk clauses and missing protections on its own. Thought it was worth a look for your IP practice. I'll follow up by email, feel free to call back anytime.","Hi {{first_name}}, {{my.first_name}} here from Clio. Sent a note on a new tool for contract review and wanted to connect here too. Would be good to stay in touch.",try it on one file,"<p>Hi {{first_name}},</p><p>Easiest way to judge Clio Work is on a document you already have. Pick a licensing agreement or an assignment you are reviewing this week and upload it. No setup, no training, nothing to migrate.</p><p>It reads the file and tells you what to do with it: the obligations, the risk clauses by severity, the provisions that look unusual, and the protections that are missing.</p><p>Start with <a href=""https://www.clio.com/work/signup/"">the 14-day trial</a> and run it on that one file.</p><p>{{my.first_name}}<br>Clio</p>","Hi {{first_name}}, {{my.first_name}} again from Clio. Wanted to see if you had a chance to try Clio Work on one of your own contracts yet. There's a 14-day trial open now, no setup involved, you just upload a document and it tells you what's in it. For IP agreements specifically it catches missing protections and unusual clauses fast. Want me to send a direct link so you can try it on something you're reviewing this week?","Hi {{first_name}}, {{my.first_name}} from Clio. Following up on the Clio Work trial, upload one of your own contracts and see what it catches. No setup needed. I'll send the link by email, happy to answer questions if you call back.","Quick share, {{first_name}}: this shows Clio Work reviewing a contract and flagging missing protections in real time. https://www.clio.com/work/at-work/ Worth two minutes if you handle licensing or assignment agreements.",the slow first read,"<p>Hi {{first_name}},</p><p>Most IP practices have made peace with the slow part: someone reads the agreement line by line before the real strategy work starts. Hours go into that first pass before anyone can advise on it.</p><p>That's the part Clio Work replaces, not the judgment after it, just the slow read that comes before.</p><p>Worth a look, or not a priority right now?</p><p>{{my.first_name}}<br>Clio</p>","Hi {{first_name}}, {{my.first_name}} from Clio, following up on my last note about the slow first read on contracts. Totally understand if it's not the priority right now. If it is, Clio Work handles that first pass on its own and returns the risk clauses and gaps in minutes instead of hours. Want me to send over a sample so you can see what it flags before deciding either way?","Hi {{first_name}}, {{my.first_name}} from Clio. Checking in on whether the contract review tool is worth a look for your practice right now. No pressure either way, just let me know and I can send more detail.",one month free offer,"<p>Hi {{first_name}},</p><p>Still think Clio Work is worth ten minutes for an IP practice with this much contract volume. Upload one agreement and it hands back the obligations, the risk clauses by severity, and the protections that are missing.</p><p>If you buy Clio Work by July 31, 2026, you get one month free, on top of running it on your own file first through the trial.</p><p>Here's <a href=""https://www.clio.com/work/signup/"">the 14-day trial</a> whenever you're ready.</p><p>{{my.first_name}}<br>Clio</p>","Hi {{first_name}}, {{my.first_name}} from Clio. Wanted to flag that the one month free offer on Clio Work runs through end of July, so there's a bit of a window if you decide to move on it. Still just needs one contract uploaded to see what it catches, no setup on your end. Want me to walk you through starting the trial now so you have time to test it before the offer closes?","Hi {{first_name}}, {{my.first_name}} from Clio. Quick reminder that the one month free offer on Clio Work runs through July 31. Happy to help you get started on the trial first, just give me a call back.",last note,"<p>Hi {{first_name}},</p><p>Last check-in on Clio Work. It reads a contract on its own, no setup, no training, nothing to migrate, and hands back the risk clauses and missing protections in minutes.</p><p>It's the fastest-adopted product in Clio's history, built on the vLex corpus, the largest legal library in the world.</p><p>If contract review is still a time sink, here's <a href=""https://www.clio.com/work/signup/"">the 14-day trial</a> to test it on a real file.</p><p>{{my.first_name}}<br>Clio</p>"
Tier 1,001OG00000bAVbVYAW,003OG00000AtqJZYAZ,contact-email,"Law Office of Benjamin M Ellis, PLLC",Commercial / Sale of Goods,,New York,,Neutral/unknown,50,20.3,,Unknown,,Untapped,Benjamin,Ellis,bmellis11@gmail.com,6465889221,,,,,,,,,Manage,0,1,,,,,,,FALSE,FALSE,,,,,,,,,,,,,,,No,No,,,No,FALSE,"email,call,linkedin",,"Law Office of Benjamin M Ellis, PLLC (commercial / sale of goods, New York): prior Manage only (no prior AI), unknown churn reason, default arc; channels open: email, call, LinkedIn.",001OG00000bAVbVYAW,"Law Office of Benjamin M Ellis, PLLC is a commercial and sale of goods firm in New York that previously used Clio Manage and churned for an unspecified reason. No prior Clio AI, so use the default arc: lead with the product news that Clio Work does the actual work and runs on its own, and let the churn reason stay unknown rather than guessing. Recommended Clio Work at Work video: Contract Review That Doesn't Miss the Buried Clause. Channels open: email, calling, LinkedIn. Acknowledge the prior Clio Manage relationship once, in step 1 only.",your contract work,"<p>Hi {{first_name}},</p><p>Back when you were on Clio Manage, contracts lived in one system. Clio Work is different: it reads a sale of goods contract and does the first pass, and it runs on its own, nothing to set up or migrate. You upload one document and it tells you what it can do with it.</p><p>Worth six minutes: <a href=""https://www.clio.com/work/at-work/"">Contract Review That Doesn't Miss the Buried Clause</a>, where it flags the risk clauses and the protections that are missing.</p><p>{{my.first_name}}<br>Clio</p>","Hi Benjamin, it's {{my.first_name}} at Clio, I'll be quick. We built a legal AI that does the actual work now, not just admin. For a sale of goods contract, it reads it and hands back the obligations, the risk clauses, and what protections are missing, in minutes. Nothing to set up, and no separate subscription required. Worth me sending a quick two-minute video that shows it on a contract?","Hi Benjamin, {{my.first_name}} at Clio. We built a legal AI that does the real work now, not just admin, and it runs on its own. Just sent an email with a short video on contract review. Worth a look for a sale of goods practice.","Benjamin, we built a legal AI at Clio that does the actual work now and runs on its own, nothing to set up. Thought it was worth being on your radar given your commercial and sale of goods practice. No pitch.",a free trial,"<p>Hi {{first_name}},</p><p>The honest way to judge Clio Work is on one of your own sale of goods contracts. Here is <a href=""https://www.clio.com/work/signup/"">the 14-day trial</a>. You upload a document, it suggests what to do with it, and in about ten minutes you see the obligations, the risk clauses by severity, and what standard protections are missing. Nothing to install, and no migration from anything you use now.</p><p>{{my.first_name}}<br>Clio</p>","Hi Benjamin, {{my.first_name}} again from Clio. Just sent over a link to try Clio Work on one of your own sale of goods contracts, no setup involved. You upload the file and it hands back the obligations and the risk clauses in about ten minutes. Does a short call this week work to walk through what it finds on a real file?","Hi Benjamin, {{my.first_name}} at Clio. Sent you the trial link for Clio Work, it runs on one of your own contracts with nothing to set up. Take a look when you get a chance, happy to walk through the results.","Benjamin, quick watch if useful: Contract Review That Doesn't Miss the Buried Clause. It reads a contract and returns the obligations, risk clauses by severity, and the protections that are missing. https://www.clio.com/work/at-work/",an honest question,"<p>Hi {{first_name}},</p><p>Most commercial and sale of goods firms have made peace with the slow, manual first read of a contract eating hours before anyone gets to the actual strategy. Fair enough if that is just how it goes. If it is worth questioning, Clio Work does that first read in minutes. Worth a look, or not a priority right now?</p><p>{{my.first_name}}<br>Clio</p>","Hi Benjamin, {{my.first_name}} from Clio. The 14-day trial for Clio Work is still open on your end, no setup needed, you just upload a contract and it goes to work. For sale of goods matters, that first read is usually the slow part. Want me to resend the link, or is now not the right time?","Hi Benjamin, {{my.first_name}} at Clio. Your Clio Work trial is still open, nothing to set up, just upload a contract and see what it finds. Let me know if a link would help or if this isn't the right time.",one month free,"<p>Hi {{first_name}},</p><p>One thing worth knowing: if you buy Clio Work by July 31, 2026, you get one month free. It is the same AI firms across the country use to get the first read of a sale of goods contract done, and there is nothing to set up on your end.</p><p>If the timing works, I can <a href=""https://www.clio.com/work/signup/"">get you started</a> today.</p><p>{{my.first_name}}<br>Clio</p>","Hi Benjamin, {{my.first_name}} from Clio, last time I'll call on this. If you buy Clio Work by July 31, 2026, you get one month free, and the trial still works the same way, upload a contract and see the result in minutes. If it's not a fit right now, I'll leave it here. Otherwise, want me to get you set up?","Hi Benjamin, {{my.first_name}} at Clio. Wanted to flag that Clio Work comes with one month free if you buy by July 31, 2026. No setup either way, upload a contract and it does the first pass. Call me back if it's worth a look.",closing the loop,"<p>Hi {{first_name}},</p><p>I will stop here so I am not cluttering your inbox. If it is ever useful, Clio Work does the sale of goods contract review and runs on its own, with nothing to set up and nothing to migrate from what you use now. <a href=""https://www.clio.com/work/signup/"">The 14-day trial</a> is here whenever you want to run it on one of your own files.</p><p>Good luck with the work.</p><p>{{my.first_name}}<br>Clio</p>"
Tier 1,001OG00000bQSkwYAG,003OG00000AxOqAYAV,contact-email,"Living M.O.S.S., Inc.",Family,,California,,Neutral/unknown,50,20.4,,Unknown,,Untapped,Maria,Calder,livingm.o.s.s.inc@gmail.com,4704188586,,,,,,,,,Manage,0,2 to 4,,,,,,,FALSE,FALSE,,,,,,,,,,,,,,,No,No,,,No,FALSE,"email,call,linkedin",,"Living M.O.S.S., Inc., family law, California, prior Clio AI: no, channels: email/call/LinkedIn, no blanks to fill.",001OG00000bQSkwYAG," Living M.O.S.S., Inc. is a family law firm in California that previously used Clio Manage and churned for an unclear or unrecorded reason, so lead with the product news rather than guessing why they left. Recommended Clio Work at Work video: Tearing Apart a Complaint in Under 2 Minutes. Communication channels open: email, calling, LinkedIn, not opted out. Acknowledge the prior relationship once, in step 1 only.",your family law work,"<p>Hi {{first_name}},</p>

<p>Back when you were on Clio Manage, family files still took hours before anyone reached strategy. Clio Work is a different kind of tool. It reads a family law file and does the first pass itself, and it runs on its own, nothing to set up or migrate.</p>

<p>Two-minute example: <a href=""https://www.clio.com/work/at-work/"">Tearing Apart a Complaint in Under 2 Minutes</a>, where it pulls out every claim and the weak points.</p>

<p>{{my.first_name}}<br>Clio</p>","Hi {{first_name}}, it is {{my.first_name}} at Clio, I will be quick. You were on Clio Manage a while back, so you know the platform. This is different: an AI that does the legal work now. You upload one document and it gets going, nothing to set up. For family law work, the first pass on a file is the slow part. Mind if I send you a two-minute look at it in action?","Hi {{first_name}}, {{my.first_name}} at Clio. We built a legal AI that does the actual work now, and it runs without the full subscription. Just sent an email with a short video on it. Worth a look for a family law firm.","{{first_name}}, we built a legal AI at Clio that does the work now and runs on its own, nothing to set up. Thought it was worth being on your radar given your family law practice. No pitch.",a free trial,"<p>Hi {{first_name}},</p>

<p>The honest way to judge Clio Work is on one of your own family law files. Here is <a href=""https://www.clio.com/work/signup/"">the 14-day trial</a>. Upload a document, and it suggests what to do with it based on what is in it, with a real result in about ten minutes. Nothing to install, no migration, and no training to sit through first. It just starts.</p>

<p>{{my.first_name}}<br>Clio</p>","Hi {{first_name}}, {{my.first_name}} again from Clio. Just sent over the 14-day trial link. It is simple: upload one of your own family law files and Clio Work suggests what to do with it, with a real result in about ten minutes. No setup, nothing to migrate. Worth trying it on a file that is open right now?","Hi {{first_name}}, {{my.first_name}} at Clio. Sent you the 14-day trial link by email. Upload one file and see what Clio Work does with it in about ten minutes. No setup on your end, just worth a try.","{{first_name}}, quick two-minute watch if useful: https://www.clio.com/work/at-work/ Tearing Apart a Complaint in Under 2 Minutes. It reads a complaint you were served and pulls out every claim, the legal basis, and the weak points, in about two minutes.",an honest question,"<p>Hi {{first_name}},</p>

<p>Most family law firms have made peace with the slow, manual first pass on a file eating hours before anyone gets to strategy. Fair enough if that is just how it goes. If it is worth questioning, Clio Work does that part in minutes, on its own, no setup required. Worth a look, or not a priority right now?</p>

<p>{{my.first_name}}<br>Clio</p>","Hi {{first_name}}, {{my.first_name}} at Clio. The 14-day trial is still open for Clio Work. Upload one family law file, and it tells you what it can do with it, real result in around ten minutes. No setup, nothing to install. Want me to resend the link so it is easy to grab?","Hi {{first_name}}, {{my.first_name}} at Clio. The trial is still open for Clio Work, upload one file and see a real result in about ten minutes. I will resend the link, take a look when you have a minute.",one month free,"<p>Hi {{first_name}},</p>

<p>One thing worth knowing: if you buy Clio Work by July 31, 2026, you get one month free. Same AI that family law firms across the country now use to get the first pass on a file done, and there is nothing to set up on your end.</p>

<p>If the timing works, I can <a href=""https://www.clio.com/work/signup/"">get you started</a> today.</p>

<p>{{my.first_name}}<br>Clio</p>","Hi {{first_name}}, {{my.first_name}} at Clio, last call from me on this. If you buy Clio Work by July 31, 2026, you get one month free, and the 14-day trial is still there if you want to see it on your own file first. Should I close this out, or is it worth a short look?","Hi {{first_name}}, {{my.first_name}} at Clio. One month free if you buy Clio Work by July 31, 2026, and the trial is open if you would rather see it on your own file first. Let me know either way.",closing the loop,"<p>Hi {{first_name}},</p>

<p>I will stop here so I am not cluttering your inbox. If it is ever useful, Clio Work does the family law first pass and runs on its own, with nothing to set up, no training, and no migration to get through. <a href=""https://www.clio.com/work/signup/"">The 14-day trial</a> is here whenever the timing is right for you.</p>

<p>Good luck with the work.</p>

<p>{{my.first_name}}<br>Clio</p>"
Tier 1,0012G00001asVm6QAE,0033m00002vDJycAAG,contact-email,The Fisher Law Firm,Criminal,,Alabama,,Neutral/unknown,50,20.5,,,,Untapped,John,Fisher,johnfisher@tuscaloosa-lawyers.com,2057926200,,,,,,,,,,0,,,,,,,,FALSE,FALSE,,,,,,,,,,,,,,,No,No,,,No,FALSE,"email,call,linkedin",,"The Fisher Law Firm, criminal defense, Alabama, no prior Clio AI, unknown churn reason (default arc), channels: email, call, LinkedIn, contact John.",0012G00001asVm6QAE," The Fisher Law Firm is a criminal defense firm in Alabama that previously used Clio Manage and churned for an unknown or unrecorded reason, so do not guess one. They did not hold our earlier AI, so this is their first look at Clio Work; lead with the product news that the AI does the work now and runs on its own. Recommended Clio Work at Work video: Tearing Apart a Complaint in Under 2 Minutes. Communication channels open: email, calling, LinkedIn. Contact is John. Acknowledge the prior Clio Manage relationship once, in step 1 only.",your criminal defense work,"<p>Hi {{first_name}},</p><p>Back when you were on Clio Manage, the admin lived in one place. Clio Work is different: it reads a criminal defense file and does the first pass on its own, nothing to set up. Upload one document and it tells you what it can do with it.</p><p>Two minute example: <a href=""https://www.clio.com/work/at-work/"">Tearing Apart a Complaint in Under 2 Minutes</a>, where it reads a complaint you were served and pulls out every claim and weak point.</p><p>{{my.first_name}}<br>Clio</p>","Hi {{first_name}}, this is {{my.first_name}} at Clio, I will be quick. This is a different kind of tool: an AI that does the legal work now. You upload one document and it gets going, nothing to set up. For criminal defense work, the first pass on a file is the slow part. Mind if I send you a two-minute video that shows it in action?","Hi {{first_name}}, {{my.first_name}} at Clio. We built a legal AI that does the actual first pass on a file now, and it runs on its own. Just sent you an email with a short video. Worth a look for a criminal defense firm.","John, we built a legal AI at Clio that does the work now and runs on its own, nothing to set up. Thought it was worth being on your radar given your criminal defense practice. No pitch, just connecting.",a free trial,"<p>Hi {{first_name}},</p><p>The honest way to judge Clio Work is on one of your own criminal defense files, not a demo someone else runs for you. Here is <a href=""https://www.clio.com/work/signup/"">the 14-day trial</a>. Upload a document, it suggests what to do with it, and you see a real result in about ten minutes. Nothing to install, and nothing to configure before you start.</p><p>{{my.first_name}}<br>Clio</p>","Just sent over the 14-day trial link for Clio Work. Upload one of your own case files and see what it pulls out in about ten minutes, nothing to set up. For criminal defense work that first read usually eats an hour. Want me to walk you through it live, or would you rather try it on your own first?","Sent the trial link for Clio Work over email. Upload one file, see a real result in about ten minutes, nothing to install. Take a look when you get a chance.",Quick two-minute watch if a complaint ever lands on your desk: https://www.clio.com/work/at-work/ Tearing Apart a Complaint in Under 2 Minutes shows the AI mapping every claim and weak point fast.,an honest question,"<p>Hi {{first_name}},</p><p>Most criminal defense firms have made peace with the slow, manual first pass on a file eating hours before anyone gets to strategy or the client meeting. Fair enough if that is just how it goes. If it is worth questioning, Clio Work does that first pass in minutes, on its own. Worth a look, or not a priority right now?</p><p>{{my.first_name}}<br>Clio</p>","The 14-day trial for Clio Work is still open on your end. No pressure, just wanted to check if a criminal defense file has come across your desk lately that would make a good test case. Upload it, and you will see what the AI pulls out in about ten minutes. Worth ten minutes of your time this week?","The Clio Work trial is still open, still on your terms, still just one file upload away. Give it a shot on a current case when you have ten minutes. Call me back if you want a hand.",one month free,"<p>Hi {{first_name}},</p><p>One thing worth knowing: if you buy Clio Work by July 31, 2026, you get one month free. It is the same AI firms across the country use every day to get the first pass on a file done fast, and there is nothing to set up or migrate on your end.</p><p>If the timing works, I can <a href=""https://www.clio.com/work/signup/"">get you started</a> today.</p><p>{{my.first_name}}<br>Clio</p>","Last call from me on this. If you buy Clio Work by July 31, 2026, it comes with one month free, and the trial is still there if you would rather test it first. Either way works. Should I close this out, or is it still worth a look?","Last message from me on Clio Work. One month free if you buy by July 31, 2026, or the trial is open if you want to test it first. Call or email whenever works.",closing the loop,"<p>Hi {{first_name}},</p><p>I will stop here so I am not cluttering your inbox. If it is ever useful, Clio Work does the criminal defense first pass on a file and runs on its own, with nothing to set up or migrate from anything you had before. <a href=""https://www.clio.com/work/signup/"">The 14-day trial</a> is here whenever you want it, no pressure either way.</p><p>Good luck with the caseload.</p><p>{{my.first_name}}<br>Clio</p>"
Tier 1,0012G00001asfBdQAI,003OG00000AVGFjYAP,contact-email,"Nelson, Robinson & El Ashmawy, PLLC",Civil Litigation,,New York,,Neutral/unknown,50,20.6,,,,Untapped,Yusuf,El Ashmawy,yae.esq@gmail.com,7182075787,,,,,,,,,,0,,,,,,,,FALSE,FALSE,,,,,,,,,,,,,,,No,No,,,No,FALSE,"email,call,linkedin",,"Nelson, Robinson & El Ashmawy, PLLC, civil litigation, New York, no prior Clio AI, default arc (churn reason unknown), channels email/call/LinkedIn open, contact Yusuf.",0012G00001asfBdQAI,"Nelson, Robinson & El Ashmawy, PLLC is a civil litigation firm in New York that previously used Clio Manage and churned for an unknown or unspecified reason, so this uses the default arc: lead with the product news that Clio Work does the actual legal work now and runs on its own, no Manage subscription needed. No prior Clio AI on file, so do not use the prior-AI variant. Recommended Clio Work at Work video: Tearing Apart a Complaint in Under 2 Minutes, it reads a complaint served on the firm and pulls out every claim, the legal basis, the weak points, and counter arguments with cited authority in about two minutes. Contact is Yusuf. Channels open: email, calling, LinkedIn, not opted out, can call. Acknowledge the prior Clio Manage relationship once, in step 2 only.",your civil litigation work,"<p>Hi {{first_name}},</p><p>Civil litigation work slows down at the same point every time: reading what the other side filed before anyone can plan a response.</p><p>Clio Work does that first pass now. It reads a complaint you were served and runs on its own, nothing to set up or migrate.</p><p>Quick watch: <a href=""https://www.clio.com/work/at-work/"">Tearing Apart a Complaint in Under 2 Minutes</a>, it maps every claim, the legal basis, the weak points, and the counter arguments with cited authority.</p><p>{{my.first_name}}<br>Clio</p>","Hi {{first_name}}, it is {{my.first_name}} at Clio, quick one. Back when you were on Clio Manage, the first read on a new complaint always ate the most time. We built a legal AI called Clio Work that does that read now: claims, legal basis, weak points, cited authority, in a couple minutes, no setup. Worth me sending a short video?","Hi {{first_name}}, {{my.first_name}} at Clio. We built a legal AI, Clio Work, that reads a complaint and maps the claims and weak points in minutes, no setup. Just sent a short video on it. Worth a look for your litigation work.","Yusuf, we built a legal AI at Clio that reads a complaint and does the first pass on it now, on its own, nothing to set up. Thought it was worth being on your radar given your civil litigation practice. No pitch.",a free trial,"<p>Hi {{first_name}},</p><p>The honest way to judge Clio Work is on a complaint sitting in one of your own files. Upload it and Clio Work reads it, flags every claim and the legal basis, and points out the weak spots. You see a real result in about ten minutes, nothing to set up.</p><p>Here is <a href=""https://www.clio.com/work/signup/"">the 14-day trial</a> if you want to try it on your own file.</p><p>{{my.first_name}}<br>Clio</p>","Hi {{first_name}}, {{my.first_name}} again from Clio. I sent a trial link for Clio Work earlier this week. It reads a complaint you were served, maps the claims and the weak points, and gets you a result in about ten minutes on one of your own files. Nothing to set up on your end. Any interest in trying it on something you are working right now?","Hi {{first_name}}, {{my.first_name}} at Clio. Following up on the trial link for Clio Work. It reads a complaint and lays out the claims and weak points in minutes, on its own, nothing to set up. Take a look when you get a chance.","Yusuf, quick two minute watch if useful: https://www.clio.com/work/at-work/ , Tearing Apart a Complaint in Under 2 Minutes. It reads a complaint you were served and pulls out every claim, the legal basis, and the weak points.",an honest question,"<p>Hi {{first_name}},</p><p>Most civil litigation firms have made peace with the slow, manual read through of a new complaint or motion before anyone can plan the response. Fair enough if that is just how it goes.</p><p>Clio Work does that first read in minutes and lays out the claims, the basis, and the openings, on its own. Worth a look, or not a priority right now?</p><p>{{my.first_name}}<br>Clio</p>","Hi {{first_name}}, {{my.first_name}} at Clio, following up again. The 14-day trial for Clio Work is still open, and it is built for exactly this: upload a complaint or a motion and it reads it, maps the claims, and flags the weak points in about ten minutes. Nothing to set up on your side. Want me to resend the trial link so you can try it on something you are working now?","Hi {{first_name}}, {{my.first_name}} at Clio. The 14-day trial for Clio Work is still open, upload a complaint and see the claims and weak points mapped out in minutes. I will resend the link. Take a look when you can.",one month free,"<p>Hi {{first_name}},</p><p>One thing worth knowing: if you buy Clio Work by July 31, 2026, you get one month free.</p><p>Civil litigation firms use it to read a complaint or a motion and get the claims, the legal basis, and the weak points laid out in minutes, nothing to set up on your end.</p><p>If the timing works, I can <a href=""https://www.clio.com/work/signup/"">get you started</a> this week.</p><p>{{my.first_name}}<br>Clio</p>","Hi {{first_name}}, {{my.first_name}} at Clio, last live try on this one. Clio Work reads a complaint or a motion and gets you the claims and the weak points in minutes, on your own files. If you buy Clio Work by July 31, 2026, you get one month free, and I am glad to run a quick demo on one of your files first if that is easier. Should I close this out, or is it worth a look?","Hi {{first_name}}, {{my.first_name}} at Clio. Last try here. Clio Work reads a complaint and maps the claims and weak points in minutes. Buy by July 31, 2026 and you get one month free. Call me back or I will follow up by email.",closing the loop,"<p>Hi {{first_name}},</p><p>I will stop here so I am not cluttering your inbox.</p><p>If it is ever useful, Clio Work reads a complaint or a motion, maps the claims, and lays out the weak points on its own, with nothing to set up or migrate. <a href=""https://www.clio.com/work/signup/"">The 14-day trial</a> is here whenever you want it, no pressure either way.</p><p>Good luck with the litigation.</p><p>{{my.first_name}}<br>Clio</p>"
Tier 1,001OG000017IngvYAC,003OG00000K13ZrYAJ,contact-email,Law Office of Yusuk El Ashmawy,Family,,New York,,Neutral/unknown,50,20.6,,Unknown,,Untapped,Yusuf,El Ashmawy,yae.esq@gmail.com,7182075787,,,,,,,,,Manage,0,1,,,,,,,FALSE,FALSE,,,,,,,,,,,,,,,No,No,,,No,FALSE,"email,call,linkedin",,"Law Office of Yusuk El Ashmawy, family law, New York, no prior Clio AI, churn reason unknown so default arc, channels email/call/LinkedIn all open, contact Yusuf.",001OG000017IngvYAC," Law Office of Yusuk El Ashmawy is a family law firm in New York that previously used Clio Manage and churned for an unknown or unlogged reason, so lead with the product news rather than guessing at a cause. They did not hold our earlier AI, so there is no prior-AI framing needed. Recommended Clio Work at Work video: Tearing Apart a Complaint in Under 2 Minutes. Communication channels open: email, calling, LinkedIn, contact is Yusuf and is not opted out of calls. Acknowledge the prior Clio Manage relationship once, in step 1 only.",your family law work,"<p>Hi {{first_name}},</p>

<p>Back when you were on Clio Manage, family law paperwork ate up the billable day. Clio Work reads a family law file and does the first pass, and it runs on its own, nothing to set up. You upload a document and it tells you what it can do with it.</p>

<p>Two minute example: <a href=""https://www.clio.com/work/at-work/"">Tearing Apart a Complaint in Under 2 Minutes</a>, where it reads a complaint and pulls out every claim and the weak points.</p>

<p>{{my.first_name}}<br>Clio</p>","Hi Yusuf, it's {{my.first_name}} at Clio, I'll be quick. This is a legal AI that does the actual work now, not just the admin. You upload one document, a custody filing or a motion, and it gets going, nothing to set up. For family law work, that first read is the slow part. Mind if I send over a two-minute look at it?","Hi Yusuf, {{my.first_name}} at Clio. We built a legal AI that does the actual work now, and it runs without a full subscription. Just sent you an email with a short video on it. Worth a look for a family law practice.","Yusuf, we built a legal AI at Clio that does the work now and runs on its own, nothing to set up. Thought it was worth being on your radar given your family law practice. No pitch.",a free trial,"<p>Hi {{first_name}},</p>

<p>The honest way to judge Clio Work is on one of your own family law files, a custody filing, a motion, a client intake. Here is <a href=""https://www.clio.com/work/signup/"">the 14-day trial</a>. You upload a document, it suggests what to do with it, and you see a real result in about ten minutes. Nothing to install, no migration, no new login to remember.</p>

<p>{{my.first_name}}<br>Clio</p>","Hi Yusuf, {{my.first_name}} again from Clio. Wanted to make sure the trial link landed. It's Clio Work, our legal AI, and for a family law practice it's built to take the first pass on a filing or a motion off your plate. You upload the document yourself and it tells you what it can do with it. Ten minutes, one file, real result. Does this week work for a quick look?","Hi Yusuf, {{my.first_name}} at Clio. Sent over the 14-day trial link for Clio Work. Upload one family law file and see what it does with it, about ten minutes, nothing to set up. Take a look when you get a chance.","Yusuf, quick one if useful: this two-minute video shows Clio Work reading a served complaint and pulling out every claim, the legal basis, and the weak points. https://www.clio.com/work/at-work/ Worth a watch for family law work.",an honest question,"<p>Hi {{first_name}},</p>

<p>Most family law firms have made peace with the slow, manual read of a new filing or motion eating an hour before anyone gets to strategy on the actual case. Fair enough if that is just how it goes. If it is worth questioning, Clio Work does that first read in minutes. Worth a look, or not a priority right now?</p>

<p>{{my.first_name}}<br>Clio</p>","Hi Yusuf, {{my.first_name}} at Clio, following up once more. The trial for Clio Work is still open, no setup involved, you just upload a family law file and it takes the first pass for you. I know intake and motion practice keeps the days full. Want me to resend the trial link, or is now just not the time?","Hi Yusuf, {{my.first_name}} at Clio. Still happy to get you into the Clio Work trial whenever it's useful, upload one file and see the result in about ten minutes. Call or email works, whichever is easier.",one month free,"<p>Hi {{first_name}},</p>

<p>One thing worth knowing: if you buy Clio Work by July 31, 2026, you get one month free. Same AI that family law firms across the country use to get the first read of a filing or motion done, and there is nothing to set up on your end.</p>

<p>If the timing works, I can <a href=""https://www.clio.com/work/signup/"">get you started</a> today.</p>

<p>{{my.first_name}}<br>Clio</p>","Hi Yusuf, {{my.first_name}} at Clio, last live check-in from me on this. If you buy Clio Work by July 31, 2026, you get one month free, and it's the same AI doing first-pass reads for family law firms around the country right now. I can also just get you into the trial today if that's easier, ten minutes on one of your own files. Which works better for you?","Hi Yusuf, {{my.first_name}} at Clio. Quick reminder that buying Clio Work by July 31, 2026 gets you one month free, or I'm happy to just get you set up on the trial. Either way, give me a call back when you can.",closing the loop,"<p>Hi {{first_name}},</p>

<p>I will stop here so I am not cluttering your inbox. If it is ever useful, Clio Work does the family law reading and drafting work on custody filings, motions, and settlement paperwork, and it runs on its own, with nothing to set up.</p>

<p>The <a href=""https://www.clio.com/work/signup/"">14-day trial</a> is here whenever you want it. Good luck with the work ahead.</p>

<p>{{my.first_name}}<br>Clio</p>"
